Timestamp,POA Irradiance,Meter Power,Inverter_1,Inverter_2,Inverter_3,Inverter_4,Avg_Top_20%,Expected Sum
2022-12-01 00:00:00,0.5820835,-0.4958417,0.0,0.0,0.0,0.0,,0.0
2022-12-01 01:00:00,0.1059027,-0.5008097,0.0,0.0,0.0,0.0,,0.0
2022-12-01 02:00:00,0.1291666,-0.5364021,0.0,0.0,0.0,0.0,,0.0
2022-12-01 03:00:00,0.2516665,-0.5583333,0.0,0.0,0.0,0.0,,0.0
2022-12-01 04:00:00,0.0,-3.166898,0.0,0.0,0.0,0.0,,0.0
2022-12-01 05:00:00,0.0,-3.547035,0.0,0.0,0.0,0.0,,0.0
2022-12-01 06:00:00,0.619449,-2.022389,0.0,0.003102992,0.0,0.0,,0.003102992
2022-12-01 07:00:00,91.55861,17.49013,22.32336,13.45509,11.29984,5.604612,22.32336,52.682902
2022-12-01 08:00:00,391.6584,129.9228,124.1133,110.2644,107.1582,86.77791,124.1133,428.31381
2022-12-01 09:00:00,591.9496,316.988,264.1634,244.0692,275.4222,237.3737,275.4222,1021.0285
2022-12-01 10:00:00,732.4088,379.9576,426.6889,396.3204,416.2439,380.5551,426.6889,1619.8083
2022-12-01 11:00:00,800.6578,412.7399,465.6504,433.1143,452.2987,415.7819,465.6504,1766.8453
2022-12-01 12:00:00,798.1797,713.3151,468.7433,436.3889,453.85,416.5218,468.7433,1775.504
2022-12-01 13:00:00,725.4216,651.5346,433.2214,403.5526,418.3315,384.1708,433.2214,1639.2763
2022-12-01 14:00:00,587.8043,504.1905,324.0117,307.9632,310.7824,277.8834,324.0117,1220.6407
2022-12-01 15:00:00,388.5035,123.2976,137.2364,128.0867,135.547,125.7209,137.2364,526.591
2022-12-01 16:00:00,111.5373,30.64162,37.60252,35.16933,36.91479,32.8403,37.60252,142.52694000000002
2022-12-01 17:00:00,1.984908,-0.4554264,0.08358332,0.06817698,0.0629103,0.04761193,,0.26228253
2022-12-01 18:00:00,0.0,-0.4475083,0.0,0.0,0.0,0.0,,0.0
2022-12-01 19:00:00,0.0,-0.4554166,0.0,0.0,0.0,0.0,,0.0
2022-12-01 20:00:00,0.3138888,-0.4312833,0.0,0.0,0.0,0.0,,0.0
2022-12-01 21:00:00,0.62375,-3.20077,0.0,0.0,0.0,0.0,,0.0
2022-12-01 22:00:00,0.813435,-3.251262,0.0,0.0,0.0,0.0,,0.0
2022-12-01 23:00:00,0.3346901,-2.692012,0.0,0.0,0.0,0.0,,0.0
2022-12-02 00:00:00,1.039481,-3.191076,0.0,0.0,0.0,0.0,,0.0
2022-12-02 01:00:00,0.8559355,-0.4270751,0.0,0.0,0.0,0.0,,0.0
2022-12-02 02:00:00,0.3758332,-0.4425,0.0,0.0,0.0,0.0,,0.0
2022-12-02 03:00:00,0.996597,-0.4216737,0.0,0.0,0.0,0.0,,0.0
2022-12-02 04:00:00,0.4983334,-0.4433333,0.0,0.0,0.0,0.0,,0.0
2022-12-02 05:00:00,0.417699,-2.626701,0.0,0.0,0.0,0.0,,0.0
2022-12-02 06:00:00,9.25926e-06,-2.566099,0.002664512,0.0,0.0,0.0,,0.002664512
2022-12-02 07:00:00,59.68048,3.566629,18.19955,10.98827,9.692841,5.127543,18.19955,44.008204
2022-12-02 08:00:00,358.7698,87.14957,116.8903,105.3714,100.4802,80.30186,116.8903,403.04376
2022-12-02 09:00:00,545.7529,316.753,239.5261,220.5291,250.0008,215.5147,250.0008,925.5707
2022-12-02 10:00:00,636.7241,444.5018,373.0532,347.8782,359.4734,325.4935,373.0532,1405.8983
2022-12-02 11:00:00,569.3359,300.1122,322.8472,297.5331,308.6081,281.6409,322.8472,1210.6293
2022-12-02 12:00:00,594.0146,298.6119,349.3993,325.6929,329.3356,300.5504,349.3993,1304.9782
2022-12-02 13:00:00,483.6866,245.3009,263.8868,245.4466,250.0281,220.3808,263.8868,979.7423
2022-12-02 14:00:00,423.9666,202.0272,255.5438,235.7233,237.3447,211.0108,255.5438,939.6226
2022-12-02 15:00:00,242.9838,87.02458,99.57452,94.2459,96.06158,87.11684,99.57452,376.99884
2022-12-02 16:00:00,87.38529,20.93706,26.89409,25.57428,25.40272,22.2513,26.89409,100.12239
2022-12-02 17:00:00,2.413107,-0.472882,0.07832566,0.0636121,0.05524481,0.04441597,,0.24159854000000003
2022-12-02 18:00:00,1.247151,-0.4583556,0.0,0.0,0.0,0.0,,0.0
2022-12-02 19:00:00,0.7079205,-0.4592192,0.0,0.0,0.0,0.0,,0.0
2022-12-02 20:00:00,0.2062524,-0.4610451,0.0,0.0,0.0,0.0,,0.0
2022-12-02 21:00:00,0.3531949,-0.4283375,0.0,0.0,0.0,0.0,,0.0
2022-12-02 22:00:00,0.6674995,-0.4445833,0.0,0.0,0.0,0.0,,0.0
2022-12-02 23:00:00,0.4618633,-0.4341541,0.0,0.0,0.0,0.0,,0.0
2022-12-03 00:00:00,0.7506945,-0.4287473,0.0,0.0,0.0,0.0,,0.0
2022-12-03 01:00:00,9.228495e-06,-0.4337444,0.0,0.0,0.0,0.0,,0.0
2022-12-03 02:00:00,0.4321528,-0.4225,0.0,0.0,0.0,0.0,,0.0
2022-12-03 03:00:00,0.0,-0.430163,0.0,0.0,0.0,0.0,,0.0
2022-12-03 04:00:00,1.539028,-3.386624,0.0,0.0,0.0,0.0,,0.0
2022-12-03 05:00:00,0.64096,-3.327768,0.0,0.0,0.0,0.0,,0.0
2022-12-03 06:00:00,0.543276,-3.50073,0.0,0.0,0.0,0.0,,0.0
2022-12-03 07:00:00,12.74658,1.003006,4.203098,4.456153,4.504388,3.906778,,17.070417
2022-12-03 08:00:00,109.56,45.96331,50.88263,47.13976,47.88375,40.81353,50.88263,186.71967
2022-12-03 09:00:00,340.1635,147.7172,161.249,143.9145,157.0245,138.0688,161.249,600.2568
2022-12-03 10:00:00,210.9211,100.7079,110.3069,108.5732,110.3233,98.82614,110.3233,428.02954
2022-12-03 11:00:00,79.6117,47.21826,40.03696,39.35412,39.04239,35.48475,40.03696,153.91822
2022-12-03 12:00:00,100.5432,87.82955,50.72623,50.26466,49.34743,44.68679,50.72623,195.02511
2022-12-03 13:00:00,100.7442,73.75479,52.6829,50.23626,51.02118,46.35159,52.6829,200.29192999999998
2022-12-03 14:00:00,51.70721,33.70656,24.6206,23.69553,23.83459,21.9214,24.6206,94.07212000000001
2022-12-03 15:00:00,30.20271,10.29873,12.25581,11.24123,11.58836,10.15919,,45.24459
2022-12-03 16:00:00,8.803085,0.1345334,1.504943,1.106678,1.398217,1.115695,,5.125533000000001
2022-12-03 17:00:00,0.1404862,-0.4762611,0.0003427525,0.0001795338,3.55531e-06,0.0,,0.0005258416099999999
2022-12-03 18:00:00,0.1341597,-0.4595445,0.0,0.0,0.0,0.0,,0.0
2022-12-03 19:00:00,0.3570741,-0.487549,0.0,0.0,0.0,0.0,,0.0
2022-12-03 20:00:00,0.1041668,-36.69304,0.0,0.0,0.0,0.0,,0.0
2022-12-03 21:00:00,0.4345927,-30.67524,0.0,0.0,0.0,0.0,,0.0
2022-12-03 22:00:00,0.1069444,-0.4866889,0.0,0.0,0.0,0.0,,0.0
2022-12-03 23:00:00,0.2076388,-0.5220597,0.0,0.0,0.0,0.0,,0.0
2022-12-04 00:00:00,1.103454,-0.5887764,0.0,0.0,0.0,0.0,,0.0
2022-12-04 01:00:00,0.566407,-0.673325,0.0,0.0,0.0,0.0,,0.0
2022-12-04 02:00:00,0.128289,-0.7474903,0.0,0.0,0.0,0.0,,0.0
2022-12-04 03:00:00,0.5764905,-4.755482,0.0,0.0,0.0,0.0,,0.0
2022-12-04 04:00:00,0.1075816,-3.914991,0.0,0.0,0.0,0.0,,0.0
2022-12-04 05:00:00,0.3775,-3.902511,0.0,0.0,0.0,0.0,,0.0
2022-12-04 06:00:00,0.3301598,4.473016,0.0,0.0,0.0,0.0,,0.0
2022-12-04 07:00:00,19.26129,5.629309,7.089113,6.811564,6.671916,5.693893,,26.266486
2022-12-04 08:00:00,261.091,79.52632,96.60617,87.58355,88.26942,75.27674,96.60617,347.73588000000007
2022-12-04 09:00:00,444.9268,171.7041,189.3703,174.6878,193.8216,165.1212,193.8216,723.0009
2022-12-04 10:00:00,577.8262,303.9119,338.8928,315.7582,328.7944,300.0285,338.8928,1283.4739
2022-12-04 11:00:00,655.7032,708.589,381.1281,355.154,373.5147,338.4062,381.1281,1448.203
2022-12-04 12:00:00,549.3376,346.6963,319.6529,302.6776,309.5077,282.701,319.6529,1214.5392000000002
2022-12-04 13:00:00,567.9915,362.6965,320.7644,300.4189,306.8116,279.5593,320.7644,1207.5542
2022-12-04 14:00:00,292.2457,144.7398,169.239,161.5496,163.4494,150.1196,169.239,644.3575999999999
2022-12-04 15:00:00,128.1638,57.04192,66.99574,64.15625,64.60376,58.35914,66.99574,254.11489
2022-12-04 16:00:00,30.95016,10.69927,12.54754,11.74493,12.02735,10.69217,,47.01199
2022-12-04 17:00:00,1.179237,-0.439175,0.01219296,0.009360565,0.009723201,0.007686654,,0.03896338
2022-12-04 18:00:00,0.5858905,-0.4174847,0.0,0.0,0.0,0.0,,0.0
2022-12-04 19:00:00,0.5811135,-0.446686,0.0,0.0,0.0,0.0,,0.0
2022-12-04 20:00:00,1.10112,-0.428763,0.0,0.0,0.0,0.0,,0.0
2022-12-04 21:00:00,0.1266556,-2.906621,0.0,0.0,0.0,0.0,,0.0
2022-12-04 22:00:00,0.24875,-2.970478,0.0,0.0,0.0,0.0,,0.0
2022-12-04 23:00:00,0.540824,-2.958321,0.0,0.0,0.0,0.0,,0.0
2022-12-05 00:00:00,0.3720927,-0.4324972,0.0,0.0,0.0,0.0,,0.0
2022-12-05 01:00:00,0.2508334,-0.4329153,0.0,0.0,0.0,0.0,,0.0
2022-12-05 02:00:00,0.0,-0.4570833,0.0,0.0,0.0,0.0,,0.0
2022-12-05 03:00:00,1.2309,-0.4608334,0.0,0.0,0.0,0.0,,0.0
2022-12-05 04:00:00,0.3750029,-2.960588,0.0,0.0,0.0,0.0,,0.0
2022-12-05 05:00:00,0.664514,-2.912037,0.0,0.0,0.0,0.0,,0.0
2022-12-05 06:00:00,0.0,-2.921638,0.0,0.0,0.0,0.0,,0.0
2022-12-05 07:00:00,38.32713,11.97645,12.331,9.490788,9.59514,7.70427,,39.121198
2022-12-05 08:00:00,123.4667,52.39519,63.97585,60.02655,58.54714,51.34174,63.97585,233.89128
2022-12-05 09:00:00,290.9661,130.0856,148.5962,141.7298,148.3253,129.8565,148.5962,568.5078
2022-12-05 10:00:00,459.8412,207.2967,261.7399,238.9194,251.9385,220.0483,261.7399,972.6461
2022-12-05 11:00:00,428.6411,205.9482,227.3921,215.0544,214.7043,197.054,227.3921,854.2048
2022-12-05 12:00:00,413.6236,208.3325,216.647,206.6143,208.635,189.961,216.647,821.8573
2022-12-05 13:00:00,149.1228,121.2982,87.98309,84.30971,84.60089,76.3678,87.98309,333.26149
2022-12-05 14:00:00,69.12818,64.15464,35.4844,33.93139,34.02865,30.92101,35.4844,134.36545
2022-12-05 15:00:00,44.36375,34.47892,21.10207,19.76524,20.10748,18.32987,,79.30466
2022-12-05 16:00:00,25.64676,8.66339,10.48948,9.585564,9.985364,8.816985,,38.877393
2022-12-05 17:00:00,0.6366313,-0.4471014,0.01758525,0.01277029,0.01244216,0.01164529,,0.054442990000000004
2022-12-05 18:00:00,0.3107638,-0.4429056,0.0,0.0,0.0,0.0,,0.0
2022-12-05 19:00:00,0.3311149,-0.4625111,0.0,0.0,0.0,0.0,,0.0
2022-12-05 20:00:00,0.1694407,-0.4591459,0.0,0.0,0.0,0.0,,0.0
2022-12-05 21:00:00,0.0,-3.073468,0.0,0.0,0.0,0.0,,0.0
2022-12-05 22:00:00,0.5560415,-3.023947,0.0,0.0,0.0,0.0,,0.0
2022-12-05 23:00:00,0.1468024,-3.060433,0.0,0.0,0.0,0.0,,0.0
2022-12-06 00:00:00,3.240742e-06,-0.415011,0.0,0.0,0.0,0.0,,0.0
2022-12-06 01:00:00,0.4376388,-0.4208237,0.0,0.0,0.0,0.0,,0.0
2022-12-06 02:00:00,0.2083333,-0.4416472,0.0,0.0,0.0,0.0,,0.0
2022-12-06 03:00:00,0.9586085,-0.4633333,0.0,0.0,0.0,0.0,,0.0
2022-12-06 04:00:00,2.777778e-06,-0.4441666,0.0,0.0,0.0,0.0,,0.0
2022-12-06 05:00:00,0.0,-0.412925,0.0,0.0,0.0,0.0,,0.0
2022-12-06 06:00:00,0.3729166,-3.649942,0.0,0.0,0.0,0.0,,0.0
2022-12-06 07:00:00,6.931574,0.8768967,0.7710228,0.6460546,0.791586,0.7780946,,2.986758
2022-12-06 08:00:00,27.61633,13.90689,11.11438,10.49195,10.60033,8.739674,,40.946334
2022-12-06 09:00:00,24.71593,21.79162,9.513511,8.256572,8.613533,7.296536,,33.680152
2022-12-06 10:00:00,58.60944,26.57793,30.10916,28.55974,28.9692,26.37384,30.10916,114.01194000000001
2022-12-06 11:00:00,127.8838,63.70697,69.93549,67.53265,67.80716,61.59541,69.93549,266.87071000000003
2022-12-06 12:00:00,309.1158,144.5114,172.6898,156.3571,159.5574,143.8203,172.6898,632.4245999999999
2022-12-06 13:00:00,97.7385,56.21359,53.3279,51.05491,51.60542,47.09537,53.3279,203.08360000000002
2022-12-06 14:00:00,102.5749,110.6774,58.42453,55.26425,56.28542,50.99661,58.42453,220.97081
2022-12-06 15:00:00,107.1068,98.28523,58.74326,55.45262,56.81139,51.32331,58.74326,222.33058
2022-12-06 16:00:00,16.76239,7.40694,5.275834,4.515367,4.314717,3.157204,,17.263122000000003
2022-12-06 17:00:00,0.297337,-0.5350636,0.002290732,0.001723176,0.001694922,0.0007584412,,0.006467271199999999
2022-12-06 18:00:00,0.2083333,-0.4945972,0.0,0.0,0.0,0.0,,0.0
2022-12-06 19:00:00,0.6245835,-0.5008264,0.0,0.0,0.0,0.0,,0.0
2022-12-06 20:00:00,0.0,-0.4991848,0.0,0.0,0.0,0.0,,0.0
2022-12-06 21:00:00,0.0,-0.492518,0.0,0.0,0.0,0.0,,0.0
2022-12-06 22:00:00,0.2062524,-0.519604,0.0,0.0,0.0,0.0,,0.0
2022-12-06 23:00:00,0.2315143,-0.5154,0.0,0.0,0.0,0.0,,0.0
2022-12-07 00:00:00,0.4566807,-0.4916031,0.0,0.0,0.0,0.0,,0.0
2022-12-07 01:00:00,0.522356,-0.4820834,0.0,0.0,0.0,0.0,,0.0
2022-12-07 02:00:00,0.940069,-0.46875,0.0,0.0,0.0,0.0,,0.0
2022-12-07 03:00:00,2.777778e-06,-3.945841,0.0,0.0,0.0,0.0,,0.0
2022-12-07 04:00:00,0.25,-4.268522,0.0,0.0,0.0,0.0,,0.0
2022-12-07 05:00:00,0.0,-4.192951,0.0,0.0,0.0,0.0,,0.0
2022-12-07 06:00:00,0.1048588,-0.4992014,0.0,0.0,0.0,0.0,,0.0
2022-12-07 07:00:00,21.04497,12.71548,8.559341,7.847909,8.249406,7.276393,,31.933048999999997
2022-12-07 08:00:00,95.64995,70.82381,55.62,53.11421,53.45742,48.69541,55.62,210.88703999999998
2022-12-07 09:00:00,111.7184,74.77359,61.08149,58.88141,58.46689,53.49512,61.08149,231.92491
2022-12-07 10:00:00,126.829,60.24208,68.84888,66.18089,66.39738,60.36087,68.84888,261.78801999999996
2022-12-07 11:00:00,141.2395,114.3793,74.93225,71.46092,71.80208,65.24345,74.93225,283.4387
2022-12-07 12:00:00,218.4844,174.9729,123.4943,114.4136,115.9378,104.4083,123.4943,458.25399999999996
2022-12-07 13:00:00,305.939,287.3871,157.8523,149.7644,150.9559,135.2935,157.8523,593.8661000000001
2022-12-07 14:00:00,170.9835,69.18565,81.83968,74.26292,75.80365,67.85705,81.83968,299.7633
2022-12-07 15:00:00,170.0826,90.66918,71.25272,70.35722,69.4166,63.0517,71.25272,274.07824
2022-12-07 16:00:00,32.42691,13.5611,12.53518,11.38988,11.8608,10.47169,,46.25755
2022-12-07 17:00:00,0.5056102,-0.50125,0.00740386,0.004688281,0.005000685,0.003096349,,0.020189175000000004
2022-12-07 18:00:00,0.250419,-0.5045834,0.0,0.0,0.0,0.0,,0.0
2022-12-07 19:00:00,0.1472916,-4.0225,0.0,0.0,0.0,0.0,,0.0
2022-12-07 20:00:00,0.1266555,-4.187569,0.0,0.0,0.0,0.0,,0.0
2022-12-07 21:00:00,0.1262611,-4.480267,0.0,0.0,0.0,0.0,,0.0
2022-12-07 22:00:00,0.8325,-4.422242,0.0,0.0,0.0,0.0,,0.0
2022-12-07 23:00:00,0.1152639,-0.5199958,0.0,0.0,0.0,0.0,,0.0
2022-12-08 00:00:00,0.002097222,-0.5458332,0.0,0.0,0.0,0.0,,0.0
2022-12-08 01:00:00,0.4144574,-0.5104366,0.0,0.0,0.0,0.0,,0.0
2022-12-08 02:00:00,0.6672095,-0.2486256,0.0,0.0,0.0,0.0,,0.0
2022-12-08 03:00:00,0.3741666,-5.348945,0.0,0.0,0.0,0.0,,0.0
2022-12-08 04:00:00,0.5829165,-5.111328,0.0,0.0,0.0,0.0,,0.0
2022-12-08 05:00:00,0.1055555,-5.362115,0.0,0.0,0.0,0.0,,0.0
2022-12-08 06:00:00,0.0,-1.272261,0.0,0.0,0.0,0.0,,0.0
2022-12-08 07:00:00,18.33017,5.871518,6.294892,5.424193,5.98479,5.414943,,23.118818
2022-12-08 08:00:00,165.5386,81.52749,71.13937,65.38652,66.70518,57.54557,71.13937,260.77664
2022-12-08 09:00:00,143.1159,85.54982,79.39968,74.9642,75.71686,66.93719,79.39968,297.01793
2022-12-08 10:00:00,215.8199,106.1518,136.7386,127.68,118.1433,103.3133,136.7386,485.87519999999995
2022-12-08 11:00:00,327.2925,171.5361,200.6568,186.3647,192.5703,170.9049,200.6568,750.4967
2022-12-08 12:00:00,503.9819,429.4334,299.6751,275.4803,276.6412,249.6754,299.6751,1101.472
2022-12-08 13:00:00,207.4335,169.5721,127.5306,119.6954,122.8002,109.1831,127.5306,479.2093
2022-12-08 14:00:00,132.0352,108.2753,71.4597,68.16147,68.03896,61.30162,71.4597,268.96175
2022-12-08 15:00:00,135.1189,107.0796,69.31896,66.67149,66.55406,59.14155,69.31896,261.68606
2022-12-08 16:00:00,28.95344,8.687954,10.43374,9.693565,9.70467,8.166512,,37.998487
2022-12-08 17:00:00,0.9884896,-0.5171499,0.067311,0.05963624,0.06387559,0.05117288,,0.24199571
2022-12-08 18:00:00,0.1258305,-0.5420763,0.0,0.0,0.0,0.0,,0.0
2022-12-08 19:00:00,2.787067e-06,-0.5274616,0.0,0.0,0.0,0.0,,0.0
2022-12-08 20:00:00,0.1051991,-3.198947,0.0,0.0,0.0,0.0,,0.0
2022-12-08 21:00:00,0.3118148,-3.02387,0.0,0.0,0.0,0.0,,0.0
2022-12-08 22:00:00,0.1055555,-3.0168,0.0,0.0,0.0,0.0,,0.0
2022-12-08 23:00:00,0.0,-1.889255,0.0,0.0,0.0,0.0,,0.0
2022-12-09 00:00:00,0.1045139,-0.4958939,0.0,0.0,0.0,0.0,,0.0
2022-12-09 01:00:00,0.0,-0.497864,0.0,0.0,0.0,0.0,,0.0
2022-12-09 02:00:00,0.0,-0.4005639,0.0,0.0,0.0,0.0,,0.0
2022-12-09 03:00:00,0.2331945,-0.8804152,0.0,0.0,0.0,0.0,,0.0
2022-12-09 04:00:00,0.2083333,-0.8696195,0.0,0.0,0.0,0.0,,0.0
2022-12-09 05:00:00,0.2083333,-0.6904166,0.0,0.0,0.0,0.0,,0.0
2022-12-09 06:00:00,1.041664,-0.6779208,0.0,0.0,0.0,0.0,,0.0
2022-12-09 07:00:00,6.936724,-0.6708361,0.9624652,0.8619949,0.9118706,0.7516122,,3.4879428999999997
2022-12-09 08:00:00,73.02231,33.08092,37.71021,35.76638,36.40069,32.85399,37.71021,142.73127
2022-12-09 09:00:00,160.1908,159.2998,95.50674,91.2411,90.44178,80.89091,95.50674,358.08053
2022-12-09 10:00:00,241.1341,258.214,137.3055,131.1471,132.9407,120.2089,137.3055,521.6021999999999
2022-12-09 11:00:00,283.0151,306.1041,172.4695,161.0735,167.4043,153.5323,172.4695,654.4796
2022-12-09 12:00:00,446.4138,440.3743,277.6141,258.3246,263.0858,236.689,277.6141,1035.7135
2022-12-09 13:00:00,380.6219,185.4213,211.0399,193.9452,197.8635,178.9515,211.0399,781.8001
2022-12-09 14:00:00,123.4681,58.36441,69.51608,65.85041,66.3082,60.06876,69.51608,261.74345
2022-12-09 15:00:00,88.92717,41.96652,46.99559,45.29164,45.43491,41.16384,46.99559,178.88598
2022-12-09 16:00:00,24.4586,6.500467,8.837059,8.382357,8.498995,7.680761,,33.39917200000001
2022-12-09 17:00:00,1.2463,-3.474215,0.002096034,0.002122867,0.001862602,0.001906304,,0.007987807
2022-12-09 18:00:00,0.3547823,-3.435692,0.0,0.0,0.0,0.0,,0.0
2022-12-09 19:00:00,0.25,-3.408038,0.0,0.0,0.0,0.0,,0.0
2022-12-09 20:00:00,0.646389,-3.450502,0.0,0.0,0.0,0.0,,0.0
2022-12-09 21:00:00,0.1254139,-0.4554084,0.0,0.0,0.0,0.0,,0.0
2022-12-09 22:00:00,0.1048639,-0.4533416,0.0,0.0,0.0,0.0,,0.0
2022-12-09 23:00:00,0.4595833,-0.4537499,0.0,0.0,0.0,0.0,,0.0
2022-12-10 00:00:00,0.8955665,-0.4449626,0.0,0.0,0.0,0.0,,0.0
2022-12-10 01:00:00,0.1266556,-0.4129153,0.0,0.0,0.0,0.0,,0.0
2022-12-10 02:00:00,0.1266555,-3.291858,0.0,0.0,0.0,0.0,,0.0
2022-12-10 03:00:00,1.111111e-05,-3.299204,0.0,0.0,0.0,0.0,,0.0
2022-12-10 04:00:00,0.1052084,-1.796846,0.0,0.0,0.0,0.0,,0.0
2022-12-10 05:00:00,0.3166297,-3.258182,0.0,0.0,0.0,0.0,,0.0
2022-12-10 06:00:00,0.3121897,-0.4458333,0.0,0.0,0.0,0.0,,0.0
2022-12-10 07:00:00,8.895976,1.431488,2.736232,2.430172,2.742573,1.607144,,9.516121
2022-12-10 08:00:00,76.49794,33.91537,39.28234,37.61251,37.2626,33.80557,39.28234,147.96301999999997
2022-12-10 09:00:00,89.53694,41.66773,48.07146,46.12881,45.89587,41.76176,48.07146,181.8579
2022-12-10 10:00:00,148.5948,124.1242,83.07173,79.72398,79.38966,71.88277,83.07173,314.06813999999997
2022-12-10 11:00:00,226.5871,233.4114,132.0063,126.0294,126.6765,114.057,132.0063,498.76920000000007
2022-12-10 12:00:00,307.5699,317.1712,178.0834,168.8286,169.6814,154.0349,178.0834,670.6283
2022-12-10 13:00:00,490.762,248.449,277.295,260.891,263.6844,226.0194,277.295,1027.8898
2022-12-10 14:00:00,511.1383,225.6082,256.8454,243.9331,247.9961,218.4286,256.8454,967.2031999999999
2022-12-10 15:00:00,158.0237,65.66425,77.43058,74.76525,73.78345,66.60646,77.43058,292.58574
2022-12-10 16:00:00,51.75219,16.8412,19.96504,19.44021,19.24518,16.62236,19.96504,75.27279
2022-12-10 17:00:00,1.361493,-0.4316652,0.04815113,0.03566996,0.03966902,0.03259776,,0.15608787000000002
2022-12-10 18:00:00,0.542503,-0.4462597,0.0,0.0,0.0,0.0,,0.0
2022-12-10 19:00:00,0.0,-2.858146,0.0,0.0,0.0,0.0,,0.0
2022-12-10 20:00:00,0.2475111,-2.807943,0.0,0.0,0.0,0.0,,0.0
2022-12-10 21:00:00,0.793947,-0.4358142,0.0,0.0,0.0,0.0,,0.0
2022-12-10 22:00:00,0.0,-0.4491012,0.0,0.0,0.0,0.0,,0.0
2022-12-10 23:00:00,0.2483361,-0.425825,0.0,0.0,0.0,0.0,,0.0
2022-12-11 00:00:00,0.3779139,-0.4387417,0.0,0.0,0.0,0.0,,0.0
2022-12-11 01:00:00,0.3733332,-0.4320931,0.0,0.0,0.0,0.0,,0.0
2022-12-11 02:00:00,0.6669445,-0.4508403,0.0,0.0,0.0,0.0,,0.0
2022-12-11 03:00:00,1.496667,-3.119965,0.0,0.0,0.0,0.0,,0.0
2022-12-11 04:00:00,0.4977779,-3.136544,0.0,0.0,0.0,0.0,,0.0
2022-12-11 05:00:00,0.1266666,-2.681503,0.0,0.0,0.0,0.0,,0.0
2022-12-11 06:00:00,0.689722,-0.4395888,0.0,0.0,0.0,0.0,,0.0
2022-12-11 07:00:00,7.319651,0.5300573,0.8765842,0.7186006,0.7509234,0.6369413,,2.9830495000000004
2022-12-11 08:00:00,43.29792,18.80792,20.03506,19.03465,19.46004,17.46089,,75.99064
2022-12-11 09:00:00,83.36562,39.26648,44.62844,42.88716,42.83062,39.06304,44.62844,169.40926000000002
2022-12-11 10:00:00,90.04169,43.99865,49.25251,48.32756,48.07206,43.46162,49.25251,189.11375
2022-12-11 11:00:00,94.69111,80.13588,50.75164,48.11299,48.84522,44.13531,50.75164,191.84516000000002
2022-12-11 12:00:00,144.7518,124.0466,83.2206,80.2088,79.90261,72.3895,83.2206,315.72150999999997
2022-12-11 13:00:00,91.08563,72.4654,49.20624,47.76264,47.62341,43.21435,49.20624,187.80664
2022-12-11 14:00:00,107.151,51.81031,59.7323,57.86784,57.98204,52.74996,59.7323,228.33213999999998
2022-12-11 15:00:00,46.44814,19.00777,22.47338,21.36148,21.49668,19.75672,,85.08826
2022-12-11 16:00:00,23.9012,6.635715,8.11488,7.400452,7.542674,6.907578,,29.965584
2022-12-11 17:00:00,0.3936237,-0.4463,0.02549717,0.01972098,0.02176837,0.01978679,,0.08677330999999999
2022-12-11 18:00:00,0.1266667,-0.449593,0.0,0.0,0.0,0.0,,0.0
2022-12-11 19:00:00,0.5004165,-2.936823,0.0,0.0,0.0,0.0,,0.0
2022-12-11 20:00:00,0.894028,-2.974241,0.0,0.0,0.0,0.0,,0.0
2022-12-11 21:00:00,0.4822223,-2.873378,0.0,0.0,0.0,0.0,,0.0
2022-12-11 22:00:00,0.2319421,-2.769286,0.0,0.0,0.0,0.0,,0.0
2022-12-11 23:00:00,2.314815e-06,-0.4520833,0.0,0.0,0.0,0.0,,0.0
2022-12-12 00:00:00,0.3322315,-0.4657836,0.0,0.0,0.0,0.0,,0.0
2022-12-12 01:00:00,0.3138796,-0.4962499,0.0,0.0,0.0,0.0,,0.0
2022-12-12 02:00:00,0.8519445,-0.3769115,0.0,0.0,0.0,0.0,,0.0
2022-12-12 03:00:00,0.2083333,-0.4887514,0.0,0.0,0.0,0.0,,0.0
2022-12-12 04:00:00,0.4166574,-2.562246,0.0,0.0,0.0,0.0,,0.0
2022-12-12 05:00:00,0.3750092,-2.466614,0.0,0.0,0.0,0.0,,0.0
2022-12-12 06:00:00,0.0,1.993475,0.0,0.0,0.0,0.0,,0.0
2022-12-12 07:00:00,9.294563,1.639513,3.102242,2.610819,2.707657,2.149875,,10.570593
2022-12-12 08:00:00,70.88725,47.66941,37.23275,35.70781,36.03133,32.71795,37.23275,141.68984
2022-12-12 09:00:00,191.8669,130.5878,107.9106,103.6155,109.4825,94.30329,109.4825,415.31189
2022-12-12 10:00:00,581.0181,321.2553,346.6074,323.0742,339.4829,305.1936,346.6074,1314.3581
2022-12-12 11:00:00,727.2559,377.7577,429.2571,398.5929,415.3504,378.7912,429.2571,1621.9915999999998
2022-12-12 12:00:00,737.0792,657.2957,434.9001,404.8603,420.0971,385.4091,434.9001,1645.2666000000002
2022-12-12 13:00:00,670.8502,606.0795,400.9059,374.424,387.2404,354.1496,400.9059,1516.7198999999998
2022-12-12 14:00:00,538.5744,356.3275,270.1464,259.0531,261.6894,231.3594,270.1464,1022.2483
2022-12-12 15:00:00,354.5134,200.6988,126.8936,119.0259,126.4071,116.817,126.8936,489.1436
2022-12-12 16:00:00,131.0797,34.21913,40.7043,38.60205,39.4439,34.87913,40.7043,153.62938000000003
2022-12-12 17:00:00,3.497579,-0.3443993,0.209077,0.1422225,0.147945,0.08019561,,0.57944011
2022-12-12 18:00:00,0.773886,-0.435843,0.0,0.0,0.0,0.0,,0.0
2022-12-12 19:00:00,0.1468084,-0.4420749,0.0,0.0,0.0,0.0,,0.0
2022-12-12 20:00:00,0.623608,-0.4391833,0.0,0.0,0.0,0.0,,0.0
2022-12-12 21:00:00,0.373336,-2.847303,0.0,0.0,0.0,0.0,,0.0
2022-12-12 22:00:00,0.2916667,-2.878657,0.0,0.0,0.0,0.0,,0.0
2022-12-12 23:00:00,0.3729166,-3.053465,0.0,0.0,0.0,0.0,,0.0
2022-12-13 00:00:00,0.4384722,-0.4304027,0.0,0.0,0.0,0.0,,0.0
2022-12-13 01:00:00,0.1045139,-0.4137486,0.0,0.0,0.0,0.0,,0.0
2022-12-13 02:00:00,0.4360416,-0.4208319,0.0,0.0,0.0,0.0,,0.0
2022-12-13 03:00:00,0.3972917,-0.4545445,0.0,0.0,0.0,0.0,,0.0
2022-12-13 04:00:00,0.0,-0.4431217,0.0,0.0,0.0,0.0,,0.0
2022-12-13 05:00:00,0.0,-3.27586,0.0,0.0,0.0,0.0,,0.0
2022-12-13 06:00:00,0.4584722,-3.261731,0.0,0.0,0.0,0.0,,0.0
2022-12-13 07:00:00,35.99655,13.63183,11.7297,6.546135,6.552284,3.686663,,28.514782
2022-12-13 08:00:00,303.7229,137.866,104.6809,93.1739,85.68208,64.79694,104.6809,348.33382
2022-12-13 09:00:00,510.1835,175.6429,192.0281,177.7623,199.6951,168.5097,199.6951,737.9952000000001
2022-12-13 10:00:00,653.7417,340.5468,376.9492,350.4481,375.0828,335.321,376.9492,1437.8011000000001
2022-12-13 11:00:00,731.9185,383.7589,435.1328,405.3797,421.8451,385.5987,435.1328,1647.9563
2022-12-13 12:00:00,740.0438,388.8195,443.4062,413.8576,429.131,393.0233,443.4062,1679.4181
2022-12-13 13:00:00,681.1011,359.9588,411.5539,384.9357,397.2729,363.3174,411.5539,1557.0799000000002
2022-12-13 14:00:00,545.3508,424.8,277.1266,266.6287,267.5256,235.2679,277.1266,1046.5488
2022-12-13 15:00:00,359.4589,197.85,130.9007,122.3486,130.2499,119.991,130.9007,503.49019999999996
2022-12-13 16:00:00,130.4068,82.38596,39.76474,38.06928,38.50827,33.9021,39.76474,150.24439
2022-12-13 17:00:00,1.817258,-0.4554025,0.0560905,0.04375087,0.03765827,0.03082042,,0.16832006
2022-12-13 18:00:00,0.1055555,-0.4520736,0.0,0.0,0.0,0.0,,0.0
2022-12-13 19:00:00,0.3111111,-0.4473917,0.0,0.0,0.0,0.0,,0.0
2022-12-13 20:00:00,0.6241665,-0.4541667,0.0,0.0,0.0,0.0,,0.0
2022-12-13 21:00:00,0.2083333,-3.06954,0.0,0.0,0.0,0.0,,0.0
2022-12-13 22:00:00,0.4792267,-3.119458,0.0,0.0,0.0,0.0,,0.0
2022-12-13 23:00:00,0.416676,-3.185634,0.0,0.0,0.0,0.0,,0.0
2022-12-14 00:00:00,0.3754167,-0.4363164,0.0,0.0,0.0,0.0,,0.0
2022-12-14 01:00:00,0.25,-0.4008101,0.0,0.0,0.0,0.0,,0.0
2022-12-14 02:00:00,0.0,-0.4012625,0.0,0.0,0.0,0.0,,0.0
2022-12-14 03:00:00,0.4180555,-0.3755713,0.0,0.0,0.0,0.0,,0.0
2022-12-14 04:00:00,0.2117642,-0.4224944,0.0,0.0,0.0,0.0,,0.0
2022-12-14 05:00:00,0.5201805,-0.4283291,0.0,0.0,0.0,0.0,,0.0
2022-12-14 06:00:00,0.2921528,-3.045916,0.0,0.0,0.0,0.0,,0.0
2022-12-14 07:00:00,9.090724,2.908834,2.589623,2.347167,2.232055,1.941423,,9.110268
2022-12-14 08:00:00,47.57995,34.76735,24.71988,23.97742,23.79935,21.72597,,94.22262
2022-12-14 09:00:00,69.86829,43.27426,37.31289,35.79769,35.79924,32.79113,37.31289,141.70095
2022-12-14 10:00:00,113.6291,78.49947,65.49436,62.161,61.16051,54.86661,65.49436,243.68248000000003
2022-12-14 11:00:00,133.9352,89.36604,74.94027,72.03125,71.57177,64.76176,74.94027,283.30505
2022-12-14 12:00:00,140.7597,93.09724,79.85461,77.00212,76.50083,69.46566,79.85461,302.82322
2022-12-14 13:00:00,100.5432,50.58216,57.42133,54.81751,55.10484,49.89936,57.42133,217.24304
2022-12-14 14:00:00,128.4002,100.9142,72.87442,69.7292,70.10766,63.32232,72.87442,276.0336
2022-12-14 15:00:00,62.30713,42.08615,30.33003,29.507,29.50001,26.83805,30.33003,116.17509
2022-12-14 16:00:00,22.38503,8.476124,7.157582,6.682126,6.922051,6.070363,,26.832122
2022-12-14 17:00:00,0.2999209,-0.4502641,0.001477227,0.0006673483,0.001262843,0.001541294,,0.0049487123
2022-12-14 18:00:00,0.6253475,-0.4429263,0.0,0.0,0.0,0.0,,0.0
2022-12-14 19:00:00,0.0,-0.4449719,0.0,0.0,0.0,0.0,,0.0
2022-12-14 20:00:00,0.0,-0.4250112,0.0,0.0,0.0,0.0,,0.0
2022-12-14 21:00:00,0.4166667,-0.4383445,0.0,0.0,0.0,0.0,,0.0
2022-12-14 22:00:00,0.4583333,-0.432907,0.0,0.0,0.0,0.0,,0.0
2022-12-14 23:00:00,0.832294,-6.35672,0.0,0.0,0.0,0.0,,0.0
2022-12-15 00:00:00,0.2516611,-5.336565,0.0,0.0,0.0,0.0,,0.0
2022-12-15 01:00:00,0.4350727,-6.586945,0.0,0.0,0.0,0.0,,0.0
2022-12-15 02:00:00,0.619586,-6.1111,0.0,0.0,0.0,0.0,,0.0
2022-12-15 03:00:00,0.7466665,-0.59625,0.0,0.0,0.0,0.0,,0.0
2022-12-15 04:00:00,0.1258305,-0.6437445,0.0,0.0,0.0,0.0,,0.0
2022-12-15 05:00:00,0.52153,-1.060682,0.0,0.0,0.0,0.0,,0.0
2022-12-15 06:00:00,0.4170116,-0.7663319,0.0,0.0,0.0,0.0,,0.0
2022-12-15 07:00:00,0.7978994,26.15566,0.004240765,0.00856452,0.0,0.00468698,,0.017492265
2022-12-15 08:00:00,15.59116,103.1698,5.125631,4.660765,4.762719,3.880421,,18.429536
2022-12-15 09:00:00,48.69835,141.2502,23.66035,22.37657,21.93534,19.78076,,87.75302
2022-12-15 10:00:00,58.38726,139.687,27.81992,26.51926,26.49805,24.37217,27.81992,105.2094
2022-12-15 11:00:00,90.12329,115.5907,49.67162,48.35532,47.04601,42.7152,49.67162,187.78815
2022-12-15 12:00:00,112.1548,48.48475,61.55269,60.32042,59.16534,53.78509,61.55269,234.82354
2022-12-15 13:00:00,81.92426,31.39346,42.77099,41.51984,42.15704,38.23748,42.77099,164.68535
2022-12-15 14:00:00,86.92279,32.32446,41.47861,39.31179,40.50884,35.75306,41.47861,157.0523
2022-12-15 15:00:00,88.44848,37.54313,51.78694,49.86586,49.66244,44.71522,51.78694,196.03046
2022-12-15 16:00:00,18.29988,5.076367,6.702124,5.537861,5.734163,5.138534,,23.112682
2022-12-15 17:00:00,0.8247528,-0.4762919,0.001775124,0.001866583,0.00112879,0.0003780572,,0.005148554200000001
2022-12-15 18:00:00,0.417025,2.44594,0.0,0.0,0.0,0.0,,0.0
2022-12-15 19:00:00,0.5194445,1.029456,0.0,0.0,0.0,0.0,,0.0
2022-12-15 20:00:00,0.623611,0.1922435,0.0,0.0,0.0,0.0,,0.0
2022-12-15 21:00:00,0.3131945,-0.6329097,0.0,0.0,0.0,0.0,,0.0
2022-12-15 22:00:00,0.3741666,-0.6195958,0.0,0.0,0.0,0.0,,0.0
2022-12-15 23:00:00,0.2079861,-0.645418,0.0,0.0,0.0,0.0,,0.0
2022-12-16 00:00:00,0.685625,-0.3340722,0.0,0.0,0.0,0.0,,0.0
2022-12-16 01:00:00,0.0,-0.2869501,0.0,0.0,0.0,0.0,,0.0
2022-12-16 02:00:00,1.731516,-0.2690327,0.0,0.0,0.0,0.0,,0.0
2022-12-16 03:00:00,0.5839,-0.7266625,0.0,0.0,0.0,0.0,,0.0
2022-12-16 04:00:00,0.6850695,-0.7225013,0.0,0.0,0.0,0.0,,0.0
2022-12-16 05:00:00,0.6038195,-0.6806627,0.0,0.0,0.0,0.0,,0.0
2022-12-16 06:00:00,1.24875,-0.8133264,0.0,0.0,0.0,0.0,,0.0
2022-12-16 07:00:00,19.7383,4.028307,8.214042,5.285537,5.38906,3.797379,,22.686017999999997
2022-12-16 08:00:00,267.1811,65.90921,95.79449,84.79017,79.94006,60.97449,95.79449,321.49921
2022-12-16 09:00:00,268.1552,98.90816,119.2731,113.3063,115.9669,102.0072,119.2731,450.5535
2022-12-16 10:00:00,310.0363,153.294,153.5947,155.0819,147.362,134.5047,155.0819,590.5433
2022-12-16 11:00:00,284.3491,146.8229,168.9391,156.7708,160.5924,146.7322,168.9391,633.0345
2022-12-16 12:00:00,200.6087,102.299,118.2374,108.4807,110.4932,99.81554,118.2374,437.02684
2022-12-16 13:00:00,465.7733,434.8232,247.4281,238.0188,249.7651,229.7089,249.7651,964.9209
2022-12-16 14:00:00,525.4457,416.2827,250.2557,242.7925,251.912,220.664,251.912,965.6242
2022-12-16 15:00:00,369.7148,240.746,131.3129,121.2881,129.1276,119.861,131.3129,501.5896
2022-12-16 16:00:00,144.837,51.08043,41.64542,39.2438,40.35178,35.38807,41.64542,156.62906999999998
2022-12-16 17:00:00,4.307957,-0.4117014,0.1665722,0.09090412,0.0812441,0.05540938,,0.3941298
2022-12-16 18:00:00,0.1254139,-0.4720694,0.0,0.0,0.0,0.0,,0.0
2022-12-16 19:00:00,0.521526,-0.4816681,0.0,0.0,0.0,0.0,,0.0
2022-12-16 20:00:00,0.998338,-0.5008347,0.0,0.0,0.0,0.0,,0.0
2022-12-16 21:00:00,0.0,-0.1824847,0.0,0.0,0.0,0.0,,0.0
2022-12-16 22:00:00,0.5,-0.2177606,0.0,0.0,0.0,0.0,,0.0
2022-12-16 23:00:00,0.5816665,-0.3082557,0.0,0.0,0.0,0.0,,0.0
2022-12-17 00:00:00,0.8320945,-0.3453389,0.0,0.0,0.0,0.0,,0.0
2022-12-17 01:00:00,0.1266555,-0.4194206,0.0,0.0,0.0,0.0,,0.0
2022-12-17 02:00:00,0.2921528,-0.6310504,0.0,0.0,0.0,0.0,,0.0
2022-12-17 03:00:00,0.0,-0.5679749,0.0,0.0,0.0,0.0,,0.0
2022-12-17 04:00:00,0.1254167,-0.650421,0.0,0.0,0.0,0.0,,0.0
2022-12-17 05:00:00,0.0,-0.6695653,0.0,0.0,0.0,0.0,,0.0
2022-12-17 06:00:00,0.2035091,-0.9565947,0.0,0.0,0.0,0.0,,0.0
2022-12-17 07:00:00,10.27767,6.501342,3.757533,3.111864,3.393527,2.865907,,13.128831
2022-12-17 08:00:00,214.862,137.7252,80.64678,73.50225,71.25751,57.96719,80.64678,283.37373
2022-12-17 09:00:00,170.9803,103.1657,93.34204,88.36076,89.19517,79.84512,93.34204,350.74309
2022-12-17 10:00:00,225.206,110.014,129.7497,122.7983,125.575,113.8887,129.7497,492.0117
2022-12-17 11:00:00,232.824,119.8768,137.4049,129.5396,130.2345,115.5704,137.4049,512.7493999999999
2022-12-17 12:00:00,186.8508,92.86232,106.7012,101.7159,103.2054,93.21184,106.7012,404.83434
2022-12-17 13:00:00,296.5958,213.6475,164.7604,158.2177,159.0641,142.7365,164.7604,624.7787000000001
2022-12-17 14:00:00,109.7291,96.83656,61.52912,59.19339,59.33369,53.77004,61.52912,233.82623999999998
2022-12-17 15:00:00,85.14629,69.836,46.3688,43.87597,44.14603,39.93878,46.3688,174.32958000000002
2022-12-17 16:00:00,28.21568,9.543663,10.48242,9.858308,9.890772,8.41346,,38.64496
2022-12-17 17:00:00,1.397064,-0.4720458,0.002490252,0.001798589,0.002197911,0.001190486,,0.007677238
2022-12-17 18:00:00,0.25,-0.4899057,0.0,0.0,0.0,0.0,,0.0
2022-12-17 19:00:00,0.2083333,-0.4246027,0.0,0.0,0.0,0.0,,0.0
2022-12-17 20:00:00,0.559447,-0.4391222,0.0,0.0,0.0,0.0,,0.0
2022-12-17 21:00:00,0.1258305,-0.4258194,0.0,0.0,0.0,0.0,,0.0
2022-12-17 22:00:00,0.0,-2.899725,0.0,0.0,0.0,0.0,,0.0
2022-12-17 23:00:00,0.0,-3.046088,0.0,0.0,0.0,0.0,,0.0
2022-12-18 00:00:00,0.0,-3.218379,0.0,0.0,0.0,0.0,,0.0
2022-12-18 01:00:00,0.664097,-3.064938,0.0,0.0,0.0,0.0,,0.0
2022-12-18 02:00:00,0.0,-0.4903955,0.0,0.0,0.0,0.0,,0.0
2022-12-18 03:00:00,0.7283995,0.03190107,0.0,0.0,0.0,0.0,,0.0
2022-12-18 04:00:00,3.240742e-06,-0.4683375,0.0,0.0,0.0,0.0,,0.0
2022-12-18 05:00:00,0.2310416,-0.4916542,0.0,0.0,0.0,0.0,,0.0
2022-12-18 06:00:00,0.3725111,-3.651547,0.0,0.0,0.0,0.0,,0.0
2022-12-18 07:00:00,23.63982,11.33234,8.246861,4.032632,4.209123,2.381574,,18.87019
2022-12-18 08:00:00,301.7763,135.4686,105.13,90.82217,82.92524,59.53091,105.13,338.40832
2022-12-18 09:00:00,520.4702,324.3219,184.6366,170.9808,191.0973,161.1204,191.0973,707.8351
2022-12-18 10:00:00,679.1193,454.5806,372.4841,346.5156,375.2188,334.4427,375.2188,1428.6612
2022-12-18 11:00:00,760.7788,521.5769,444.3719,413.2009,431.259,395.472,444.3719,1684.3038
2022-12-18 12:00:00,772.3749,399.6967,453.6281,423.9402,438.8861,403.3318,453.6281,1719.7862
2022-12-18 13:00:00,704.8043,370.4335,422.5009,395.1196,407.7737,373.8936,422.5009,1599.2878
2022-12-18 14:00:00,575.6776,242.6575,285.4316,275.4265,275.2697,243.2798,285.4316,1079.4076
2022-12-18 15:00:00,387.6596,199.2661,138.3437,128.4691,136.8959,127.2846,138.3437,530.9933
2022-12-18 16:00:00,160.4873,66.96433,45.63437,44.49158,44.40689,39.20272,45.63437,173.73556
2022-12-18 17:00:00,4.289471,-1.153736,0.1308042,0.1401634,0.1034626,0.07861436,,0.45304456
2022-12-18 18:00:00,0.3327777,-1.554073,0.0,0.0,0.0,0.0,,0.0
2022-12-18 19:00:00,0.2090278,-0.4353834,0.0,0.0,0.0,0.0,,0.0
2022-12-18 20:00:00,0.5983465,-0.429618,0.0,0.0,0.0,0.0,,0.0
2022-12-18 21:00:00,0.1472786,-0.4516889,0.0,0.0,0.0,0.0,,0.0
2022-12-18 22:00:00,0.4390278,-0.4599875,0.0,0.0,0.0,0.0,,0.0
2022-12-18 23:00:00,0.608033,-2.66008,0.0,0.0,0.0,0.0,,0.0
2022-12-19 00:00:00,0.3334253,-2.895299,0.0,0.0,0.0,0.0,,0.0
2022-12-19 01:00:00,0.4962527,-3.171162,0.0,0.0,0.0,0.0,,0.0
2022-12-19 02:00:00,0.9844415,-0.4333181,0.0,0.0,0.0,0.0,,0.0
2022-12-19 03:00:00,0.6229165,-0.4245473,0.0,0.0,0.0,0.0,,0.0
2022-12-19 04:00:00,0.0,-0.4279334,0.0,0.0,0.0,0.0,,0.0
2022-12-19 05:00:00,0.6843095,-0.4425125,0.0,0.0,0.0,0.0,,0.0
2022-12-19 06:00:00,0.996732,-0.4591944,0.0,0.0,0.0,0.0,,0.0
2022-12-19 07:00:00,21.0691,2.390812,6.495416,2.798592,3.329289,1.969378,,14.592675000000002
2022-12-19 08:00:00,291.7745,145.7384,105.7885,91.14619,83.26389,60.67519,105.7885,340.87377
2022-12-19 09:00:00,474.0907,277.3532,182.1032,169.5991,187.2574,158.9055,187.2574,697.8652
2022-12-19 10:00:00,730.3858,366.8472,380.4767,355.7704,378.0631,340.8354,380.4767,1455.1456
2022-12-19 11:00:00,599.1929,310.5,360.6289,336.8437,345.1605,317.5718,360.6289,1360.2049
2022-12-19 12:00:00,594.9295,308.0905,338.1937,309.8252,325.9519,295.863,338.1937,1269.8338
2022-12-19 13:00:00,711.8428,368.8494,421.3918,392.3884,407.2947,373.1898,421.3918,1594.2646999999997
2022-12-19 14:00:00,479.3047,270.7495,235.8129,226.8412,230.8898,208.2299,235.8129,901.7737999999999
2022-12-19 15:00:00,382.9579,161.2906,136.6042,127.5772,135.5611,125.3415,136.6042,525.0840000000001
2022-12-19 16:00:00,129.9267,72.52193,41.43721,38.57881,41.20046,36.18899,41.43721,157.40546999999998
2022-12-19 17:00:00,2.182625,-1.502204,0.0971973,0.03465749,0.05444146,0.04451002,,0.23080626999999998
2022-12-19 18:00:00,1.042084,-1.817121,0.0,0.0,0.0,0.0,,0.0
2022-12-19 19:00:00,0.684861,-2.181945,0.0,0.0,0.0,0.0,,0.0
2022-12-19 20:00:00,0.1468056,-0.4283251,0.0,0.0,0.0,0.0,,0.0
2022-12-19 21:00:00,0.768336,-0.4358333,0.0,0.0,0.0,0.0,,0.0
2022-12-19 22:00:00,0.4558452,-0.4270806,0.0,0.0,0.0,0.0,,0.0
2022-12-19 23:00:00,1.580266,-0.4341916,0.0,0.0,0.0,0.0,,0.0
2022-12-20 00:00:00,1.143619,-0.4304,0.0,0.0,0.0,0.0,,0.0
2022-12-20 01:00:00,0.957211,-3.494507,0.0,0.0,0.0,0.0,,0.0
2022-12-20 02:00:00,0.941317,-3.487141,0.0,0.0,0.0,0.0,,0.0
2022-12-20 03:00:00,1.515092,-0.4099764,0.0,0.0,0.0,0.0,,0.0
2022-12-20 04:00:00,0.5873315,-0.4112458,0.0,0.0,0.0,0.0,,0.0
2022-12-20 05:00:00,0.2916758,-0.414575,0.0,0.0,0.0,0.0,,0.0
2022-12-20 06:00:00,0.1266666,-0.4145847,0.0,0.0,0.0,0.0,,0.0
2022-12-20 07:00:00,5.923762,0.6612513,0.7176049,0.680852,0.7029456,0.7398745,,2.841277
2022-12-20 08:00:00,59.84095,38.88604,29.05076,27.42279,27.84239,25.1024,29.05076,109.41834000000001
2022-12-20 09:00:00,47.15934,30.69215,23.19302,21.32644,21.84685,19.87754,,86.24385
2022-12-20 10:00:00,92.91276,73.49195,50.80289,49.40152,49.48018,44.75288,50.80289,194.43747
2022-12-20 11:00:00,88.843,71.67071,48.364,46.78518,46.63807,42.12991,48.364,183.91716
2022-12-20 12:00:00,106.0827,53.4755,60.94449,58.64694,58.49296,52.95474,60.94449,231.03913
2022-12-20 13:00:00,118.7382,77.91048,66.35962,63.65646,63.92422,57.73383,66.35962,251.67413
2022-12-20 14:00:00,87.21687,56.59123,47.66816,46.29368,46.27354,41.81325,47.66816,182.04863
2022-12-20 15:00:00,43.20931,24.22009,21.74035,20.85349,20.84085,18.98542,,82.42011000000001
2022-12-20 16:00:00,16.14597,2.351345,2.912093,2.569213,2.582668,2.122442,,10.186416
2022-12-20 17:00:00,0.5746949,-3.886452,0.001563889,0.002808669,0.005719816,0.001098034,,0.011190408
2022-12-20 18:00:00,0.5847315,-4.121774,0.0,0.0,0.0,0.0,,0.0
2022-12-20 19:00:00,0.312838,-4.247031,0.0,0.0,0.0,0.0,,0.0
2022-12-20 20:00:00,0.12625,-0.3979111,0.0,0.0,0.0,0.0,,0.0
2022-12-20 21:00:00,0.7408445,-0.38835,0.0,0.0,0.0,0.0,,0.0
2022-12-20 22:00:00,0.7801455,-0.3821096,0.0,0.0,0.0,0.0,,0.0
2022-12-20 23:00:00,5.150845e-05,-0.4029537,0.0,0.0,0.0,0.0,,0.0
2022-12-21 00:00:00,0.791111,-0.4395944,0.0,0.0,0.0,0.0,,0.0
2022-12-21 01:00:00,0.0,-2.094861,0.0,0.0,0.0,0.0,,0.0
2022-12-21 02:00:00,0.6244445,-3.524973,0.0,0.0,0.0,0.0,,0.0
2022-12-21 03:00:00,0.2504166,-3.514308,0.0,0.0,0.0,0.0,,0.0
2022-12-21 04:00:00,0.5443055,-0.6362486,0.0,0.0,0.0,0.0,,0.0
2022-12-21 05:00:00,0.62375,-0.647082,0.0,0.0,0.0,0.0,,0.0
2022-12-21 06:00:00,0.0,-0.472496,0.0,0.0,0.0,0.0,,0.0
2022-12-21 07:00:00,3.337692,-0.285129,0.217425,0.1537688,0.0952332,0.05878577,,0.52521277
2022-12-21 08:00:00,75.71787,36.54354,36.95784,35.15648,36.35374,32.75444,36.95784,141.2225
2022-12-21 09:00:00,108.7797,52.52908,60.1693,57.58771,57.86278,52.18453,60.1693,227.80432000000002
2022-12-21 10:00:00,165.103,142.1793,97.37459,93.00091,93.94153,84.24165,97.37459,368.55868
2022-12-21 11:00:00,170.9018,150.1634,98.28262,94.6263,95.67555,86.10854,98.28262,374.69301
2022-12-21 12:00:00,220.0658,210.8072,130.7885,125.166,126.4225,113.7356,130.7885,496.11260000000004
2022-12-21 13:00:00,162.0049,85.36323,97.33392,94.31053,94.01685,84.89153,97.33392,370.55283
2022-12-21 14:00:00,111.4791,57.02958,65.066,62.5051,62.59752,56.89845,65.066,247.06707
2022-12-21 15:00:00,73.44626,45.27922,40.56137,38.81826,38.93192,35.40991,40.56137,153.72145999999998
2022-12-21 16:00:00,18.99423,7.012909,7.196878,6.891014,6.804958,6.051665,,26.944515
2022-12-21 17:00:00,0.4787556,-0.4444159,0.000422471,0.001110687,0.0005293242,0.0003748453,,0.0024373275
2022-12-21 18:00:00,0.602787,-4.691705,0.0,0.0,0.0,0.0,,0.0
2022-12-21 19:00:00,0.4170046,-4.83608,0.0,0.0,0.0,0.0,,0.0
2022-12-21 20:00:00,0.6044445,-0.5179153,0.0,0.0,0.0,0.0,,0.0
2022-12-21 21:00:00,0.4375694,-0.5437569,0.0,0.0,0.0,0.0,,0.0
2022-12-21 22:00:00,0.25,-0.5287556,0.0,0.0,0.0,0.0,,0.0
2022-12-21 23:00:00,0.893264,-0.4512472,0.0,0.0,0.0,0.0,,0.0
2022-12-22 00:00:00,0.0,-0.4604754,0.0,0.0,0.0,0.0,,0.0
2022-12-22 01:00:00,0.3733332,-0.5245889,0.0,0.0,0.0,0.0,,0.0
2022-12-22 02:00:00,0.25,-0.4720916,0.0,0.0,0.0,0.0,,0.0
2022-12-22 03:00:00,0.9344445,-5.630984,0.0,0.0,0.0,0.0,,0.0
2022-12-22 04:00:00,0.397361,-5.617343,0.0,0.0,0.0,0.0,,0.0
2022-12-22 05:00:00,0.4591667,-4.775592,0.0,0.0,0.0,0.0,,0.0
2022-12-22 06:00:00,0.0,-0.5358306,0.0,0.0,0.0,0.0,,0.0
2022-12-22 07:00:00,2.037211,-0.5159777,0.0549639,0.01563829,0.03168632,0.01428108,,0.11656959
2022-12-22 08:00:00,7.437394,0.9614512,0.5328847,0.3424872,0.3590906,0.2675983,,1.5020608
2022-12-22 09:00:00,0.5110764,5.089652,0.0007287106,0.0003170563,0.000706275,0.0002143798,,0.0019664217
2022-12-22 10:00:00,44.70729,22.26924,24.186,22.58279,22.35421,19.55762,,88.68061999999999
2022-12-22 11:00:00,175.9368,97.91791,109.1352,105.7408,103.6863,93.84548,109.1352,412.40778
2022-12-22 12:00:00,101.1358,102.4721,57.77629,56.99005,55.31955,50.04376,57.77629,220.12965
2022-12-22 13:00:00,84.16151,78.80727,45.9568,43.44622,44.63147,40.39061,45.9568,174.42510000000001
2022-12-22 14:00:00,91.49998,85.22582,50.14959,49.31691,49.07295,44.5179,50.14959,193.05734999999999
2022-12-22 15:00:00,84.85618,35.408,43.84871,42.7511,42.12482,38.04807,43.84871,166.7727
2022-12-22 16:00:00,22.45348,2.667492,8.122337,7.18914,7.061891,6.333479,,28.706847
2022-12-22 17:00:00,1.518278,-2.719124,0.01524184,0.01497712,0.01721249,0.01166651,,0.05909796
2022-12-22 18:00:00,0.1262481,-2.573039,0.0,0.0,0.0,0.0,,0.0
2022-12-22 19:00:00,0.790486,-2.497677,0.0,0.0,0.0,0.0,,0.0
2022-12-22 20:00:00,0.1270833,-3.56506,0.0,0.0,0.0,0.0,,0.0
2022-12-22 21:00:00,0.2079861,-3.399096,0.0,0.0,0.0,0.0,,0.0
2022-12-22 22:00:00,0.4597223,-3.212002,0.0,0.0,0.0,0.0,,0.0
2022-12-22 23:00:00,0.25,-2.128747,0.0,0.0,0.0,0.0,,0.0
2022-12-23 00:00:00,0.79,-1.990417,0.0,0.0,0.0,0.0,,0.0
2022-12-23 01:00:00,0.3107638,-1.226385,0.0,0.0,0.0,0.0,,0.0
2022-12-23 02:00:00,0.0,-0.3166141,0.0,0.0,0.0,0.0,,0.0
2022-12-23 03:00:00,1.163475,-1.376451,0.0,0.0,0.0,0.0,,0.0
2022-12-23 04:00:00,1.432577,-0.2225396,0.0,0.0,0.0,0.0,,0.0
2022-12-23 05:00:00,0.1262389,-0.5271167,0.0,0.0,0.0,0.0,,0.0
2022-12-23 06:00:00,0.3138889,-1.224462,0.0,0.0,0.0,0.0,,0.0
2022-12-23 07:00:00,32.11686,5.894968,9.426114,6.40794,7.007594,5.584682,,28.42633
2022-12-23 08:00:00,250.8172,57.57846,87.91193,75.69286,71.47276,52.19101,87.91193,287.26856
2022-12-23 09:00:00,518.4973,243.0284,184.6461,170.5225,189.4124,160.437,189.4124,705.0179999999999
2022-12-23 10:00:00,671.5247,470.7431,385.5728,358.2591,389.4547,345.7862,389.4547,1479.0728
2022-12-23 11:00:00,758.1185,555.178,470.9564,439.9894,456.4759,417.2056,470.9564,1784.6272999999999
2022-12-23 12:00:00,772.2283,747.2419,486.8987,456.991,470.5786,431.5787,486.8987,1846.047
2022-12-23 13:00:00,714.2834,694.8648,454.8469,427.1094,438.6573,402.1363,454.8469,1722.7499000000003
2022-12-23 14:00:00,582.9907,464.5414,310.6958,300.7452,301.99,265.5414,310.6958,1178.9724
2022-12-23 15:00:00,399.0812,248.0281,149.9691,140.0984,149.2972,138.3847,149.9691,577.7493999999999
2022-12-23 16:00:00,174.6803,44.6731,54.01836,50.59465,51.67042,45.36007,54.01836,201.64350000000002
2022-12-23 17:00:00,6.883115,-0.3391667,0.2631348,0.1728911,0.1626988,0.1176311,,0.7163558
2022-12-23 18:00:00,0.3758305,-0.4479098,0.0,0.0,0.0,0.0,,0.0
2022-12-23 19:00:00,0.12875,-0.4420862,0.0,0.0,0.0,0.0,,0.0
2022-12-23 20:00:00,0.2083333,-3.789311,0.0,0.0,0.0,0.0,,0.0
2022-12-23 21:00:00,0.2314584,-4.345221,0.0,0.0,0.0,0.0,,0.0
2022-12-23 22:00:00,0.0,-4.799248,0.0,0.0,0.0,0.0,,0.0
2022-12-23 23:00:00,0.894236,-5.235321,0.0,0.0,0.0,0.0,,0.0
2022-12-24 00:00:00,0.7483335,-5.605856,0.0,0.0,0.0,0.0,,0.0
2022-12-24 01:00:00,0.8543055,-0.4404167,0.0,0.0,0.0,0.0,,0.0
2022-12-24 02:00:00,0.2110926,-0.4558291,0.0,0.0,0.0,0.0,,0.0
2022-12-24 03:00:00,0.935574,-0.4341458,0.0,0.0,0.0,0.0,,0.0
2022-12-24 04:00:00,1.202922,0.1140927,0.0,0.0,0.0,0.0,,0.0
2022-12-24 05:00:00,0.776784,-6.80775,0.0,0.0,0.0,0.0,,0.0
2022-12-24 06:00:00,0.857228,-6.542861,0.0,0.0,0.0,0.0,,0.0
2022-12-24 07:00:00,27.67249,0.3498537,5.972534,3.348314,3.641935,2.199422,,15.162205
2022-12-24 08:00:00,278.6992,97.52443,100.912,86.00495,78.85339,55.88366,100.912,321.654
2022-12-24 09:00:00,512.4374,172.586,192.0473,178.0258,195.1173,164.209,195.1173,729.3994
2022-12-24 10:00:00,668.5844,358.6146,391.7119,365.89,396.1347,350.6108,396.1347,1504.3473999999999
2022-12-24 11:00:00,757.7371,569.2277,478.8233,446.6249,463.5971,423.083,478.8233,1812.1283
2022-12-24 12:00:00,772.308,574.2768,492.114,460.2551,475.8712,434.3131,492.114,1862.5534
2022-12-24 13:00:00,711.764,538.6306,456.9242,428.4344,441.2527,402.7051,456.9242,1729.3164000000002
2022-12-24 14:00:00,582.1251,444.0059,315.0631,302.1722,305.5427,267.6922,315.0631,1190.4702
2022-12-24 15:00:00,405.7003,236.5617,153.1514,143.1215,152.1059,140.1882,153.1514,588.567
2022-12-24 16:00:00,126.4286,35.59915,44.70821,41.31317,41.52169,36.85811,44.70821,164.40118
2022-12-24 17:00:00,2.984002,-0.3083265,0.8065308,0.4725231,0.3716203,0.2989147,,1.9495889000000002
2022-12-24 18:00:00,1.124375,-0.3966999,0.0,0.0,0.0,0.0,,0.0
2022-12-24 19:00:00,0.7072915,-0.4216667,0.0,0.0,0.0,0.0,,0.0
2022-12-24 20:00:00,0.0,-0.4342915,0.0,0.0,0.0,0.0,,0.0
2022-12-24 21:00:00,0.0,-0.4257836,0.0,0.0,0.0,0.0,,0.0
2022-12-24 22:00:00,0.752986,-5.000754,0.0,0.0,0.0,0.0,,0.0
2022-12-24 23:00:00,0.5621525,-5.547405,0.0,0.0,0.0,0.0,,0.0
2022-12-25 00:00:00,0.25125,-5.795957,0.0,0.0,0.0,0.0,,0.0
2022-12-25 01:00:00,0.6068055,-2.285935,0.0,0.0,0.0,0.0,,0.0
2022-12-25 02:00:00,0.3725041,-0.4104166,0.0,0.0,0.0,0.0,,0.0
2022-12-25 03:00:00,1.207773,-0.4038055,0.0,0.0,0.0,0.0,,0.0
2022-12-25 04:00:00,1.498472,-0.3841668,0.0,0.0,0.0,0.0,,0.0
2022-12-25 05:00:00,1.165413,-0.4362389,0.0,0.0,0.0,0.0,,0.0
2022-12-25 06:00:00,0.7045865,-0.3941764,0.0,0.0,0.0,0.0,,0.0
2022-12-25 07:00:00,22.13618,1.299197,4.624747,2.429712,2.811118,1.324756,,11.190333
2022-12-25 08:00:00,283.1295,95.22891,100.4255,84.24741,76.70948,53.76722,100.4255,315.14961
2022-12-25 09:00:00,515.1154,220.2122,183.4725,168.8984,187.5751,157.4159,187.5751,697.3619
2022-12-25 10:00:00,674.0635,347.5021,377.3836,352.4723,383.137,340.4829,383.137,1453.4758
2022-12-25 11:00:00,763.1089,408.1949,460.4096,429.7435,447.5249,410.2162,460.4096,1747.8942
2022-12-25 12:00:00,776.4219,722.3113,469.6869,438.9691,455.2713,417.7752,469.6869,1781.7024999999999
2022-12-25 13:00:00,717.315,679.1271,440.9622,412.8934,426.2515,391.3222,440.9622,1671.4293
2022-12-25 14:00:00,593.6533,263.1416,310.1729,298.2496,300.8705,264.6226,310.1729,1173.9156
2022-12-25 15:00:00,412.0974,134.619,148.4424,138.8911,147.6635,137.7243,148.4424,572.7212999999999
2022-12-25 16:00:00,184.9379,61.44482,55.0666,51.1189,52.65096,47.1344,55.0666,205.97086
2022-12-25 17:00:00,9.157962,-0.09379571,0.2829147,0.2458031,0.1773936,0.1553105,,0.8614219000000001
2022-12-25 18:00:00,0.0,-0.4162154,0.0,0.0,0.0,0.0,,0.0
2022-12-25 19:00:00,0.7290275,-0.4249777,0.0,0.0,0.0,0.0,,0.0
2022-12-25 20:00:00,0.0,-4.728451,0.0,0.0,0.0,0.0,,0.0
2022-12-25 21:00:00,0.0,-4.88518,0.0,0.0,0.0,0.0,,0.0
2022-12-25 22:00:00,1.185555,-0.4479055,0.0,0.0,0.0,0.0,,0.0
2022-12-25 23:00:00,0.8326415,-0.4308209,0.0,0.0,0.0,0.0,,0.0
2022-12-26 00:00:00,1.171525,-0.4349875,0.0,0.0,0.0,0.0,,0.0
2022-12-26 01:00:00,0.8169415,-0.4038208,0.0,0.0,0.0,0.0,,0.0
2022-12-26 02:00:00,1.724519,0.4468877,0.0,0.0,0.0,0.0,,0.0
2022-12-26 03:00:00,1.147286,-0.4100305,0.0,0.0,0.0,0.0,,0.0
2022-12-26 04:00:00,0.918336,-0.3875015,0.0,0.0,0.0,0.0,,0.0
2022-12-26 05:00:00,2.289649,-0.4121136,0.0,0.0,0.0,0.0,,0.0
2022-12-26 06:00:00,1.121675,-0.3599723,0.0,0.0,0.0,0.0,,0.0
2022-12-26 07:00:00,24.73339,1.834867,3.585175,1.60287,2.120874,1.377425,,8.686344
2022-12-26 08:00:00,283.4474,60.87211,100.9339,83.20846,77.07208,52.72999,100.9339,313.94442999999995
2022-12-26 09:00:00,529.685,246.5405,186.6232,172.4407,190.8775,160.768,190.8775,710.7094
2022-12-26 10:00:00,641.6521,452.5938,346.2773,323.348,352.8605,315.6106,352.8605,1338.0964
2022-12-26 11:00:00,776.213,842.1332,458.2615,427.7174,445.3291,409.1942,458.2615,1740.5022
2022-12-26 12:00:00,792.9725,712.071,455.6432,424.0531,443.7341,405.103,455.6432,1728.5334
2022-12-26 13:00:00,724.8223,671.51,437.5581,408.286,423.1417,388.9101,437.5581,1657.8959
2022-12-26 14:00:00,592.928,258.7599,308.9986,296.2554,299.4571,266.9364,308.9986,1171.6475
2022-12-26 15:00:00,417.9227,134.5834,148.8468,138.5514,148.0113,137.9331,148.8468,573.3426
2022-12-26 16:00:00,183.3445,45.94863,54.70139,52.04268,53.04926,47.59451,54.70139,207.38783999999998
2022-12-26 17:00:00,9.646937,-0.3766132,0.2556539,0.228512,0.1472819,0.2009983,,0.8324461
2022-12-26 18:00:00,1.666111,-0.4267082,0.0,0.0,0.0,0.0,,0.0
2022-12-26 19:00:00,0.750053,-6.498153,0.0,0.0,0.0,0.0,,0.0
2022-12-26 20:00:00,0.4163362,-7.26303,0.0,0.0,0.0,0.0,,0.0
2022-12-26 21:00:00,0.2475027,-8.37528,0.0,0.0,0.0,0.0,,0.0
2022-12-26 22:00:00,0.4369417,-8.686219,0.0,0.0,0.0,0.0,,0.0
2022-12-26 23:00:00,0.833403,-0.4270667,0.0,0.0,0.0,0.0,,0.0
2022-12-27 00:00:00,1.104167,-0.4000084,0.0,0.0,0.0,0.0,,0.0
2022-12-27 01:00:00,0.8956945,-0.4274986,0.0,0.0,0.0,0.0,,0.0
2022-12-27 02:00:00,0.1492361,-0.4162169,0.0,0.0,0.0,0.0,,0.0
2022-12-27 03:00:00,0.538898,-0.392479,0.0,0.0,0.0,0.0,,0.0
2022-12-27 04:00:00,1.53846,-8.465349,0.0,0.0,0.0,0.0,,0.0
2022-12-27 05:00:00,0.5860565,-8.829529,0.0,0.0,0.0,0.0,,0.0
2022-12-27 06:00:00,0.7486685,3.565731,0.0,0.0,0.0,0.0,,0.0
2022-12-27 07:00:00,19.86341,6.065825,8.230251,7.147134,7.218414,5.722592,,28.318391
2022-12-27 08:00:00,138.2305,53.72241,70.25751,63.30798,61.0477,51.00743,70.25751,245.62062
2022-12-27 09:00:00,277.2129,121.9544,142.1276,134.2075,138.4644,121.1866,142.1276,535.9861000000001
2022-12-27 10:00:00,580.1083,300.0697,321.0001,304.3195,317.627,286.0506,321.0001,1228.9972
2022-12-27 11:00:00,717.0157,788.4848,422.9515,386.8405,403.7626,371.1912,422.9515,1584.7458
2022-12-27 12:00:00,680.7252,640.6694,341.5365,318.2198,331.4639,304.7627,341.5365,1295.9829
2022-12-27 13:00:00,687.7789,719.8694,403.8159,378.1209,389.2961,358.0635,403.8159,1529.2964
2022-12-27 14:00:00,568.0209,582.5081,291.5041,278.8324,280.9814,251.1843,291.5041,1102.5022
2022-12-27 15:00:00,387.5125,124.8081,136.6692,127.7533,135.9349,127.8583,136.6692,528.2157
2022-12-27 16:00:00,169.956,43.46354,51.17017,48.29108,49.87361,44.73248,51.17017,194.06734
2022-12-27 17:00:00,8.76939,-0.2745161,0.3748062,0.3248901,0.2226454,0.2463146,,1.1686563
2022-12-27 18:00:00,0.0,-0.41125,0.0,0.0,0.0,0.0,,0.0
2022-12-27 19:00:00,0.873958,-6.797615,0.0,0.0,0.0,0.0,,0.0
2022-12-27 20:00:00,0.546102,-7.104316,0.0,0.0,0.0,0.0,,0.0
2022-12-27 21:00:00,0.643412,-7.610621,0.0,0.0,0.0,0.0,,0.0
2022-12-27 22:00:00,0.0,-0.426257,0.0,0.0,0.0,0.0,,0.0
2022-12-27 23:00:00,0.3570139,-0.4283333,0.0,0.0,0.0,0.0,,0.0
2022-12-28 00:00:00,0.8358335,-0.429557,0.0,0.0,0.0,0.0,,0.0
2022-12-28 01:00:00,0.644861,-0.4333403,0.0,0.0,0.0,0.0,,0.0
2022-12-28 02:00:00,0.769861,-0.4162362,0.0,0.0,0.0,0.0,,0.0
2022-12-28 03:00:00,0.2558222,-9.327188,0.0,0.0,0.0,0.0,,0.0
2022-12-28 04:00:00,1.197456,-9.226351,0.0,0.0,0.0,0.0,,0.0
2022-12-28 05:00:00,0.1688741,-9.11946,0.0,0.0,0.0,0.0,,0.0
2022-12-28 06:00:00,0.4405444,-9.111151,0.0,0.0,0.0,0.0,,0.0
2022-12-28 07:00:00,19.39152,-5.861235,3.112793,1.991977,2.019547,1.328664,,8.452981000000001
2022-12-28 08:00:00,253.138,57.36915,93.00322,78.86552,70.70983,50.45397,93.00322,293.03254000000004
2022-12-28 09:00:00,494.6912,156.3132,172.9317,159.2242,176.3136,149.6895,176.3136,658.159
2022-12-28 10:00:00,653.9101,325.2553,355.1974,330.0151,359.1331,319.7784,359.1331,1364.124
2022-12-28 11:00:00,747.7281,380.7355,430.2071,399.0448,417.1919,383.0421,430.2071,1629.4859000000001
2022-12-28 12:00:00,767.4164,521.5453,442.4135,411.3829,428.1349,393.3704,442.4135,1675.3017
2022-12-28 13:00:00,710.6276,491.7961,418.4159,389.0287,403.8767,370.6927,418.4159,1582.0140000000001
2022-12-28 14:00:00,582.1333,359.8295,301.6921,287.6041,290.2075,258.2677,301.6921,1137.7714
2022-12-28 15:00:00,392.5733,126.9481,140.5233,131.0091,138.627,130.0595,140.5233,540.2189000000001
2022-12-28 16:00:00,177.0914,75.47125,53.21971,51.45383,51.8671,47.20623,53.21971,203.74687
2022-12-28 17:00:00,8.605549,-5.532342,0.4459388,0.4177428,0.3055022,0.2555158,,1.4246996
2022-12-28 18:00:00,0.623958,-0.4299556,0.0,0.0,0.0,0.0,,0.0
2022-12-28 19:00:00,0.3111135,-0.4483334,0.0,0.0,0.0,0.0,,0.0
2022-12-28 20:00:00,0.6023615,-0.4199805,0.0,0.0,0.0,0.0,,0.0
2022-12-28 21:00:00,0.4025668,-0.4114208,0.0,0.0,0.0,0.0,,0.0
2022-12-28 22:00:00,0.0,-0.4037361,0.0,0.0,0.0,0.0,,0.0
2022-12-28 23:00:00,0.6662475,-8.796061,0.0,0.0,0.0,0.0,,0.0
2022-12-29 00:00:00,1.040902,-8.908589,0.0,0.0,0.0,0.0,,0.0
2022-12-29 01:00:00,0.2500028,-9.287498,0.0,0.0,0.0,0.0,,0.0
2022-12-29 02:00:00,0.3733332,-8.927531,0.0,0.0,0.0,0.0,,0.0
2022-12-29 03:00:00,1.39708,-0.4095959,0.0,0.0,0.0,0.0,,0.0
2022-12-29 04:00:00,0.1677811,-0.4258542,0.0,0.0,0.0,0.0,,0.0
2022-12-29 05:00:00,1.018886,-0.4062621,0.0,0.0,0.0,0.0,,0.0
2022-12-29 06:00:00,2.787067e-06,-0.4100056,0.0,0.0,0.0,0.0,,0.0
2022-12-29 07:00:00,15.45043,1.274473,2.701464,1.391817,1.807096,1.050268,,6.950645000000001
2022-12-29 08:00:00,265.0701,84.42404,94.94012,80.25386,71.23009,50.15159,94.94012,296.57566
2022-12-29 09:00:00,506.3155,156.7216,172.3557,159.1042,176.4922,149.5325,176.4922,657.4846
2022-12-29 10:00:00,664.7253,323.6114,352.142,326.8347,355.7928,317.783,355.7928,1352.5524999999998
2022-12-29 11:00:00,749.2029,651.1516,423.1676,392.3349,410.9598,376.887,423.1676,1603.3493
2022-12-29 12:00:00,763.002,652.6303,428.7962,397.264,415.3628,381.5936,428.7962,1623.0166
2022-12-29 13:00:00,699.0751,611.8429,402.4066,373.9162,388.7719,356.9414,402.4066,1522.0361
2022-12-29 14:00:00,578.7283,574.0489,292.42,279.7547,282.0127,251.2276,292.42,1105.415
2022-12-29 15:00:00,395.4851,163.3992,135.7265,126.3367,134.2839,126.3281,135.7265,522.6751999999999
2022-12-29 16:00:00,176.9178,69.29046,50.80289,47.85319,49.50132,44.69076,50.80289,192.84816
2022-12-29 17:00:00,8.602895,-0.4358333,0.3494343,0.3090656,0.2398622,0.2191897,,1.1175518
2022-12-29 18:00:00,0.2526237,-0.4466722,0.0,0.0,0.0,0.0,,0.0
2022-12-29 19:00:00,0.2897384,-6.255274,0.0,0.0,0.0,0.0,,0.0
2022-12-29 20:00:00,1.043189,-6.598285,0.0,0.0,0.0,0.0,,0.0
2022-12-29 21:00:00,1.393692,-6.892793,0.0,0.0,0.0,0.0,,0.0
2022-12-29 22:00:00,0.5438795,-5.489118,0.0,0.0,0.0,0.0,,0.0
2022-12-29 23:00:00,0.0,-0.4514083,0.0,0.0,0.0,0.0,,0.0
2022-12-30 00:00:00,0.0,-0.4458028,0.0,0.0,0.0,0.0,,0.0
2022-12-30 01:00:00,0.2512471,-0.4354545,0.0,0.0,0.0,0.0,,0.0
2022-12-30 02:00:00,0.1048616,-0.4212501,0.0,0.0,0.0,0.0,,0.0
2022-12-30 03:00:00,0.8947245,-0.4362459,0.0,0.0,0.0,0.0,,0.0
2022-12-30 04:00:00,0.3968056,-0.4254237,0.0,0.0,0.0,0.0,,0.0
2022-12-30 05:00:00,0.33278,-0.4183402,0.0,0.0,0.0,0.0,,0.0
2022-12-30 06:00:00,0.520831,-0.4112528,0.0,0.0,0.0,0.0,,0.0
2022-12-30 07:00:00,15.48647,1.360351,2.345111,1.196491,1.751327,1.101977,,6.394906
2022-12-30 08:00:00,266.1386,137.7831,86.80914,73.22504,66.3537,47.22853,86.80914,273.61641
2022-12-30 09:00:00,493.5327,310.0976,165.9527,153.5138,169.4973,144.4634,169.4973,633.4272
2022-12-30 10:00:00,637.4393,637.701,345.4754,320.6824,347.5811,310.1814,347.5811,1323.9203
2022-12-30 11:00:00,734.8202,624.4768,413.6424,383.4789,401.3124,367.2372,413.6424,1565.6709
2022-12-30 12:00:00,750.7388,370.919,422.3905,392.4643,408.6533,374.4146,422.3905,1597.9227
2022-12-30 13:00:00,693.965,348.3337,399.2193,370.9991,385.1253,352.3612,399.2193,1507.7049
2022-12-30 14:00:00,551.2529,243.4636,287.0358,272.2197,276.963,246.228,287.0358,1082.4465
2022-12-30 15:00:00,352.5792,142.6481,127.7549,119.0098,125.1709,116.5889,127.7549,488.5245
2022-12-30 16:00:00,95.4623,51.15979,37.62972,35.98949,36.36576,32.97243,37.62972,142.9574
2022-12-30 17:00:00,3.142461,-5.039716,0.4882517,0.396269,0.4255498,0.3373758,,1.6474463
2022-12-30 18:00:00,0.2079861,-5.205494,0.0,0.0,0.0,0.0,,0.0
2022-12-30 19:00:00,0.4806921,-0.4579166,0.0,0.0,0.0,0.0,,0.0
2022-12-30 20:00:00,2.314815e-06,-0.4491251,0.0,0.0,0.0,0.0,,0.0
2022-12-30 21:00:00,0.6225,-0.4371166,0.0,0.0,0.0,0.0,,0.0
2022-12-30 22:00:00,0.5005555,-0.4462639,0.0,0.0,0.0,0.0,,0.0
2022-12-30 23:00:00,0.747778,-0.4703917,0.0,0.0,0.0,0.0,,0.0
2022-12-31 00:00:00,0.0,-0.5133111,0.0,0.0,0.0,0.0,,0.0
2022-12-31 01:00:00,0.25,-0.5052196,0.0,0.0,0.0,0.0,,0.0
2022-12-31 02:00:00,0.6840275,-0.4487621,0.0,0.0,0.0,0.0,,0.0
2022-12-31 03:00:00,0.166663,-0.4541667,0.0,0.0,0.0,0.0,,0.0
2022-12-31 04:00:00,0.542087,-0.4708778,0.0,0.0,0.0,0.0,,0.0
2022-12-31 05:00:00,0.3766556,-0.4583334,0.0,0.0,0.0,0.0,,0.0
2022-12-31 06:00:00,0.1677888,-0.4691666,0.0,0.0,0.0,0.0,,0.0
2022-12-31 07:00:00,8.512211,2.369693,2.9342,2.680659,2.391566,2.15966,,10.166085
2022-12-31 08:00:00,35.86324,14.62975,17.15014,16.52679,16.28906,14.44591,,64.4119
2022-12-31 09:00:00,80.21031,80.5171,41.05761,39.85284,39.81459,36.52132,41.05761,157.24636
2022-12-31 10:00:00,132.9283,134.7699,70.91989,68.01485,68.00617,61.93551,70.91989,268.87642
2022-12-31 11:00:00,113.4799,73.78707,64.17598,60.6034,61.87165,56.07482,64.17598,242.72584999999998
2022-12-31 12:00:00,133.0001,93.17933,77.83411,75.77528,75.19756,68.7465,77.83411,297.55345
2022-12-31 13:00:00,99.15033,46.72392,56.36856,53.51151,54.47018,49.7136,56.36856,214.06385
2022-12-31 14:00:00,60.47281,27.86982,32.08993,30.93082,30.6054,28.24908,32.08993,121.87523000000002
2022-12-31 15:00:00,21.37313,5.656134,8.417944,7.244238,7.265291,6.622674,,29.550147000000003
2022-12-31 16:00:00,16.11349,47.00353,6.175583,5.753058,5.75682,5.247661,,22.933122
2022-12-31 17:00:00,0.8066975,30.18438,0.0003317902,1.522213e-05,2.36785e-05,0.0005726871,,0.00094337793
2022-12-31 18:00:00,0.01038889,46.73135,0.0,0.0,0.0,0.0,,0.0
2022-12-31 19:00:00,0.0,-2.179276,0.0,0.0,0.0,0.0,,0.0
2022-12-31 20:00:00,0.1472916,-5.469989,0.0,0.0,0.0,0.0,,0.0
2022-12-31 21:00:00,0.1677742,-5.51416,0.0,0.0,0.0,0.0,,0.0
2022-12-31 22:00:00,3.703703e-06,-5.63708,0.0,0.0,0.0,0.0,,0.0
2022-12-31 23:00:00,0.0,-5.837067,0.0,0.0,0.0,0.0,,0.0
