Timestamp,POA Irradiance,Meter Power,Inverter_1,Inverter_2,Inverter_3,Inverter_4,Inverter_5,Avg_Top_20%,Expected Sum
2022-11-01 00:00:00,0.0,-16.36539,0.0,0.0,0.0,0.0,0.0,,0.0
2022-11-01 01:00:00,0.0,-16.08523,0.0,0.0,0.0,0.0,0.0,,0.0
2022-11-01 02:00:00,0.02219445,-16.06182,0.0,0.0,0.0,0.0,0.0,,0.0
2022-11-01 03:00:00,0.0,-16.02481,0.0,0.0,0.0,0.0,0.0,,0.0
2022-11-01 04:00:00,0.0,-15.92914,0.0,0.0,0.0,0.0,0.0,,0.0
2022-11-01 05:00:00,0.0,-16.01833,0.0,0.0,0.0,0.0,0.0,,0.0
2022-11-01 06:00:00,0.0,-15.90973,0.0,0.0,0.0,0.0,0.0,,0.0
2022-11-01 07:00:00,2.015399,-12.54735,2.741475,2.652465,0.006075117,,2.911692,,8.311707117
2022-11-01 08:00:00,47.26775,256.2238,59.89722,52.68095,,,56.47178,,169.04995
2022-11-01 09:00:00,83.38933,446.9532,96.45173,96.04581,90.1476,89.61668,91.40613,96.45173,463.6679500000001
2022-11-01 10:00:00,203.5688,1163.341,244.0545,231.7782,246.3503,232.7764,224.5308,246.3503,1179.4902
2022-11-01 11:00:00,467.8849,2692.211,545.5302,551.9875,562.032,542.8162,524.756,562.032,2727.1218999999996
2022-11-01 12:00:00,872.9601,4274.327,860.2953,894.9869,873.5908,865.6632,807.315,894.9869,4301.8512
2022-11-01 13:00:00,717.5375,3899.486,818.1854,803.8021,791.1155,800.2953,687.8889,818.1854,3901.2871999999998
2022-11-01 14:00:00,733.1638,3807.283,785.0128,784.4835,768.0513,776.8099,737.8472,785.0128,3852.2047000000002
2022-11-01 15:00:00,543.4743,2679.42,565.0619,558.7189,531.9741,546.4645,506.9376,565.0619,2709.157
2022-11-01 16:00:00,203.3014,1240.656,234.6658,261.1672,271.7964,262.4353,259.0172,271.7964,1289.0819
2022-11-01 17:00:00,118.6524,486.8814,96.15146,113.6036,102.6344,106.0278,102.4767,113.6036,520.89396
2022-11-01 18:00:00,5.259625,-12.67516,2.423171,2.730665,2.434382,2.721251,2.594445,,12.903914
2022-11-01 19:00:00,0.0,-15.48336,0.0,0.0,0.0,0.0,0.0,,0.0
2022-11-01 20:00:00,0.0,-15.35283,0.0,0.0,0.0,0.0,0.0,,0.0
2022-11-01 21:00:00,0.0,-15.41082,0.0,0.0,0.0,0.0,0.0,,0.0
2022-11-01 22:00:00,0.0,-15.39301,0.0,0.0,0.0,0.0,0.0,,0.0
2022-11-01 23:00:00,0.0,-15.50096,0.0,0.0,0.0,0.0,0.0,,0.0
2022-11-02 00:00:00,0.0,-15.41305,0.0,0.0,0.0,0.0,0.0,,0.0
2022-11-02 01:00:00,0.0,-15.41644,0.0,0.0,0.0,0.0,0.0,,0.0
2022-11-02 02:00:00,0.0,-15.48754,0.0,0.0,0.0,0.0,0.0,,0.0
2022-11-02 03:00:00,0.0,-15.40902,0.0,0.0,0.0,0.0,0.0,,0.0
2022-11-02 04:00:00,0.0,-15.35799,0.0,0.0,0.0,0.0,0.0,,0.0
2022-11-02 05:00:00,0.0,-15.32195,0.0,0.0,0.0,0.0,0.0,,0.0
2022-11-02 06:00:00,0.0,-15.28053,0.0,0.0,0.0,0.0,0.0,,0.0
2022-11-02 07:00:00,1.037625,-16.41012,1.98368,1.960451,1.959201,1.94156,1.918725,,9.763617
2022-11-02 08:00:00,50.64695,275.381,63.17219,61.8705,56.30167,61.46014,59.06067,63.17219,301.86517
2022-11-02 09:00:00,117.2936,118.2766,87.68579,86.07877,48.42104,53.82159,74.14088,87.68579,350.14807
2022-11-02 10:00:00,163.0535,,,,,,,,0.0
2022-11-02 11:00:00,,,,,,,,,0.0
2022-11-02 12:00:00,318.5265,1463.898,247.3756,240.9971,250.9265,295.4869,359.146,359.146,1393.9321
2022-11-02 13:00:00,677.3947,3728.129,748.5706,740.3591,757.8445,743.1324,735.7422,757.8445,3725.6488000000004
2022-11-02 14:00:00,488.7479,2851.098,549.8595,547.2011,590.4564,569.2913,559.4512,590.4564,2816.2595
2022-11-02 15:00:00,379.8695,2170.875,453.3111,424.7123,446.7578,432.9635,422.9983,453.3111,2180.743
2022-11-02 16:00:00,431.6772,2224.698,462.6329,467.3086,452.1529,458.9521,419.4569,467.3086,2260.5034
2022-11-02 17:00:00,107.9641,428.6486,87.74981,95.92346,89.48711,92.65549,86.25344,95.92346,452.06931000000003
2022-11-02 18:00:00,3.542498,-15.06145,1.66435,1.841828,1.868483,1.893811,1.52825,,8.796721999999999
2022-11-02 19:00:00,0.0,-13.59757,0.0,0.0,0.0,0.0,0.0,,0.0
2022-11-02 20:00:00,0.0,-13.56912,0.0,0.0,0.0,0.0,0.0,,0.0
2022-11-02 21:00:00,0.0,-13.53099,0.0,0.0,0.0,0.0,0.0,,0.0
2022-11-02 22:00:00,0.0,-13.51472,0.0,0.0,0.0,0.0,0.0,,0.0
2022-11-02 23:00:00,0.0,-13.59101,0.0,0.0,0.0,0.0,0.0,,0.0
2022-11-03 00:00:00,0.0,-13.57359,0.0,0.0,0.0,0.0,0.0,,0.0
2022-11-03 01:00:00,0.0,-13.60287,0.0,0.0,0.0,0.0,0.0,,0.0
2022-11-03 02:00:00,0.0,-13.59965,0.0,0.0,0.0,0.0,0.0,,0.0
2022-11-03 03:00:00,0.0,-13.58874,0.0,0.0,0.0,0.0,0.0,,0.0
2022-11-03 04:00:00,0.0,-13.57681,0.0,0.0,0.0,0.0,0.0,,0.0
2022-11-03 05:00:00,0.0,-13.53032,0.0,0.0,0.0,0.0,0.0,,0.0
2022-11-03 06:00:00,0.0,-13.51153,0.0,0.0,0.0,0.0,0.0,,0.0
2022-11-03 07:00:00,1.388692,-7.836165,3.209247,2.966951,2.996532,3.242979,3.174321,,15.590029999999999
2022-11-03 08:00:00,129.6945,582.9388,130.234,116.9945,115.2272,114.99,125.1017,130.234,602.5473999999999
2022-11-03 09:00:00,420.8901,2349.794,485.5204,461.661,483.8481,469.2114,459.6695,485.5204,2359.9103999999998
2022-11-03 10:00:00,628.6656,3325.303,674.9813,659.5847,704.628,644.7908,657.1127,704.628,3341.0975000000003
2022-11-03 11:00:00,750.123,4012.26,823.5203,802.8995,814.4999,808.1517,776.52,823.5203,4025.5914000000002
2022-11-03 12:00:00,747.0229,3662.587,691.2527,758.1075,713.5217,778.1462,761.132,778.1462,3702.1601000000005
2022-11-03 13:00:00,858.6266,4551.381,942.8566,912.095,933.5609,908.4883,877.3485,942.8566,4574.3493
2022-11-03 14:00:00,659.0358,3521.632,700.0363,718.9467,728.1683,720.9798,682.1663,728.1683,3550.2974
2022-11-03 15:00:00,286.4453,1732.551,366.5432,352.2445,382.265,341.5655,328.0414,382.265,1770.6596000000002
2022-11-03 16:00:00,332.4166,1755.795,365.6443,356.9923,357.1598,361.9763,334.3439,365.6443,1776.1166000000003
2022-11-03 17:00:00,153.0172,547.5521,112.4729,121.1119,113.4898,113.6386,111.1739,121.1119,571.8871
2022-11-03 18:00:00,4.659931,-11.83882,2.299134,2.484419,2.412401,2.342481,2.275219,,11.813654
2022-11-03 19:00:00,0.0,-13.60867,0.0,0.0,0.0,0.0,0.0,,0.0
2022-11-03 20:00:00,0.0,-13.51087,0.0,0.0,0.0,0.0,0.0,,0.0
2022-11-03 21:00:00,0.0,-13.52422,0.0,0.0,0.0,0.0,0.0,,0.0
2022-11-03 22:00:00,0.0,-13.5079,0.0,0.0,0.0,0.0,0.0,,0.0
2022-11-03 23:00:00,0.0,-13.52079,0.0,0.0,0.0,0.0,0.0,,0.0
2022-11-04 00:00:00,0.0,-13.51252,0.0,0.0,0.0,0.0,0.0,,0.0
2022-11-04 01:00:00,0.0,-13.50558,0.0,0.0,0.0,0.0,0.0,,0.0
2022-11-04 02:00:00,0.0,-13.53203,0.0,0.0,0.0,0.0,0.0,,0.0
2022-11-04 03:00:00,0.0,-13.55328,0.0,0.0,0.0,0.0,0.0,,0.0
2022-11-04 04:00:00,0.0,-13.54617,0.0,0.0,0.0,0.0,0.0,,0.0
2022-11-04 05:00:00,0.0,-13.56304,0.0,0.0,0.0,0.0,0.0,,0.0
2022-11-04 06:00:00,0.0,-13.53701,0.0,0.0,0.0,0.0,0.0,,0.0
2022-11-04 07:00:00,0.4270556,-18.01843,0.568575,1.245505,1.34651,1.243284,1.174508,,5.578382
2022-11-04 08:00:00,28.83327,168.6084,39.37648,38.88556,39.97277,38.66756,37.20305,,194.10541999999998
2022-11-04 09:00:00,114.3545,675.3243,146.3989,137.3414,142.5388,138.683,132.864,146.3989,697.8261
2022-11-04 10:00:00,530.184,2792.681,604.4841,549.9892,593.891,526.709,535.4246,604.4841,2810.4979000000003
2022-11-04 11:00:00,759.0833,4046.921,836.0725,819.3077,838.2871,796.6052,770.9128,838.2871,4061.1853
2022-11-04 12:00:00,596.8956,2895.509,626.0627,567.6479,620.288,561.5849,571.5825,626.0627,2947.1659999999997
2022-11-04 13:00:00,645.8348,3477.343,719.1987,700.4697,717.9016,688.9316,677.102,719.1987,3503.6036
2022-11-04 14:00:00,754.2482,3838.655,800.7926,772.9536,783.0011,763.3302,746.1183,800.7926,3866.1958
2022-11-04 15:00:00,625.0095,3155.992,675.0028,649.59,662.0787,608.5317,584.1763,675.0028,3179.3795
2022-11-04 16:00:00,276.9943,1501.527,297.1498,314.7571,295.8592,315.7815,285.5422,315.7815,1509.0897999999997
2022-11-04 17:00:00,91.47675,361.3069,79.39603,79.98961,80.62376,76.99639,74.86601,80.62376,391.8718
2022-11-04 18:00:00,3.331611,-18.05911,0.9685855,1.147987,22.0,0.0,0.890598,,25.0071705
2022-11-04 19:00:00,0.0,-13.67819,0.0,0.0,0.0,0.0,0.0,,0.0
2022-11-04 20:00:00,0.0,-13.67962,0.0,0.0,0.0,0.0,0.0,,0.0
2022-11-04 21:00:00,0.0,-13.6366,0.0,0.0,0.0,0.0,0.0,,0.0
2022-11-04 22:00:00,0.0,-13.52649,0.0,0.0,0.0,0.0,0.0,,0.0
2022-11-04 23:00:00,0.0,-13.52817,0.0,0.0,0.0,0.0,0.0,,0.0
2022-11-05 00:00:00,0.0,-13.51505,0.0,0.0,0.0,0.0,0.0,,0.0
2022-11-05 01:00:00,0.0,-13.50835,0.0,0.0,0.0,0.0,0.0,,0.0
2022-11-05 02:00:00,0.0,-13.50467,0.0,0.0,0.0,0.0,0.0,,0.0
2022-11-05 03:00:00,0.0,-13.52288,0.0,0.0,0.0,0.0,0.0,,0.0
2022-11-05 04:00:00,0.0,-13.5374,0.0,0.0,0.0,0.0,0.0,,0.0
2022-11-05 05:00:00,0.0,-13.54566,0.0,0.0,0.0,0.0,0.0,,0.0
2022-11-05 06:00:00,0.0,-13.52055,0.0,0.0,0.0,0.0,0.0,,0.0
2022-11-05 07:00:00,3.211712,-3.334662,4.261058,4.128557,4.284673,4.039728,4.004951,,20.718967
2022-11-05 08:00:00,165.6976,669.4649,142.2128,134.6418,149.2128,123.7421,137.9304,149.2128,687.7399
2022-11-05 09:00:00,390.5468,2138.204,445.1028,427.5212,444.4093,427.6224,415.2215,445.1028,2159.8772
2022-11-05 10:00:00,560.8712,2972.384,612.5809,604.1771,610.9813,594.1946,575.3394,612.5809,2997.2733
2022-11-05 11:00:00,755.146,3892.392,803.5438,786.0167,800.0123,773.9739,749.5251,803.5438,3913.0717999999997
2022-11-05 12:00:00,709.7321,3837.831,794.8842,771.6001,775.2042,767.1993,737.0845,794.8842,3845.9723000000004
2022-11-05 13:00:00,731.1499,3527.62,664.8352,736.2506,719.6882,720.1949,720.46,736.2506,3561.4289
2022-11-05 14:00:00,674.0455,3214.457,677.7876,679.6428,679.3588,648.0732,598.7794,679.6428,3283.6418
2022-11-05 15:00:00,587.9933,3111.252,634.8292,619.0447,639.5026,624.6927,601.2299,639.5026,3119.2991
2022-11-05 16:00:00,312.4112,1753.271,346.9795,364.0924,354.1231,370.3062,333.1999,370.3062,1768.7011
2022-11-05 17:00:00,69.04162,278.798,61.34876,61.79268,61.23648,61.08508,59.48493,61.79268,304.94793
2022-11-05 18:00:00,3.209197,-15.41027,1.384212,1.541434,1.420937,1.38596,1.23957,,6.972113
2022-11-05 19:00:00,0.0,-13.5406,0.0,0.0,0.0,0.0,0.0,,0.0
2022-11-05 20:00:00,0.02308333,-13.59949,0.0,0.0,0.0,0.0,0.0,,0.0
2022-11-05 21:00:00,0.0,-13.56178,0.0,0.0,0.0,0.0,0.0,,0.0
2022-11-05 22:00:00,0.0,-13.59383,0.0,0.0,0.0,0.0,0.0,,0.0
2022-11-05 23:00:00,0.0,-13.5795,0.0,0.0,0.0,0.0,0.0,,0.0
2022-11-06 00:00:00,0.0,-13.5395,0.0,0.0,0.0,0.0,0.0,,0.0
2022-11-06 01:00:00,0.0,-13.56505,0.0,0.0,0.0,0.0,0.0,,0.0
2022-11-06 01:00:00,0.0,-13.54692,0.0,0.0,0.0,0.0,0.0,,0.0
2022-11-06 02:00:00,0.0,-13.55397,0.0,0.0,0.0,0.0,0.0,,0.0
2022-11-06 03:00:00,0.0,-13.55477,0.0,0.0,0.0,0.0,0.0,,0.0
2022-11-06 04:00:00,0.0,-13.54883,0.0,0.0,0.0,0.0,0.0,,0.0
2022-11-06 05:00:00,0.0,-13.53877,0.0,0.0,0.0,0.0,0.0,,0.0
2022-11-06 06:00:00,3.925059,1.515875,5.0949,4.8899,5.418511,4.742661,4.72328,,24.869252
2022-11-06 07:00:00,134.2679,538.2538,114.5795,108.2426,120.5224,101.4461,112.2742,120.5224,557.0648
2022-11-06 08:00:00,358.3204,1988.323,410.1552,389.0457,412.1982,392.1365,389.3198,412.1982,1992.8554000000001
2022-11-06 09:00:00,570.9401,3046.423,628.315,611.8149,626.8508,602.9105,588.2834,628.315,3058.1746000000003
2022-11-06 10:00:00,588.0562,3304.293,685.3336,671.5922,679.116,658.8287,639.3217,685.3336,3334.1922
2022-11-06 11:00:00,576.2328,3005.214,622.5125,607.2312,615.0583,598.2108,579.4081,622.5125,3022.4209
2022-11-06 12:00:00,539.081,2805.15,592.511,574.2968,577.285,581.6584,518.7543,592.511,2844.5054999999998
2022-11-06 13:00:00,311.9877,1661.699,360.0206,335.0293,341.3966,335.1794,310.9787,360.0206,1682.6046000000001
2022-11-06 14:00:00,331.5594,1905.13,384.0829,391.0815,396.825,383.5429,363.0055,396.825,1918.5377999999998
2022-11-06 15:00:00,240.7273,1221.21,254.5468,240.0822,261.894,242.7699,239.7489,261.894,1239.0418
2022-11-06 16:00:00,128.4569,448.0452,93.16236,98.58801,94.74921,94.08215,91.27207,98.58801,471.85380000000004
2022-11-06 17:00:00,6.326973,-7.55482,3.30551,3.233871,3.336509,3.191474,2.921977,,15.989341
2022-11-06 18:00:00,0.0,-13.66708,0.0,0.0,0.0,0.0,0.0,,0.0
2022-11-06 19:00:00,0.0,-13.5885,0.0,0.0,0.0,0.0,0.0,,0.0
2022-11-06 20:00:00,0.0,-13.71352,0.0,0.0,0.0,0.0,0.0,,0.0
2022-11-06 21:00:00,0.0,-13.70924,0.0,0.0,0.0,0.0,0.0,,0.0
2022-11-06 22:00:00,0.0,-13.66223,0.0,0.0,0.0,0.0,0.0,,0.0
2022-11-06 23:00:00,0.0,-13.53894,0.0,0.0,0.0,0.0,0.0,,0.0
2022-11-07 00:00:00,0.0,-13.54755,0.0,0.0,0.0,0.0,0.0,,0.0
2022-11-07 01:00:00,0.0,-13.56346,0.0,0.0,0.0,0.0,0.0,,0.0
2022-11-07 02:00:00,0.0,-13.56169,0.0,0.0,0.0,0.0,0.0,,0.0
2022-11-07 03:00:00,0.0,-13.55011,0.0,0.0,0.0,0.0,0.0,,0.0
2022-11-07 04:00:00,0.0,-13.54974,0.0,0.0,0.0,0.0,0.0,,0.0
2022-11-07 05:00:00,0.0,-13.55202,0.0,0.0,0.0,0.0,0.0,,0.0
2022-11-07 06:00:00,1.163006,-14.21397,1.736236,1.661792,1.757383,1.565627,1.644588,,8.365626
2022-11-07 07:00:00,43.01069,191.1472,43.4488,43.33616,45.22654,42.703,42.14922,,216.86372
2022-11-07 08:00:00,92.7431,514.0401,109.509,106.9488,109.6578,106.8149,103.3229,109.6578,536.2534
2022-11-07 09:00:00,184.1621,996.2277,207.832,202.8196,207.2972,202.2126,195.4541,207.832,1015.6155
2022-11-07 10:00:00,602.9172,3183.337,668.7244,632.334,661.7239,623.65,609.8489,668.7244,3196.2812
2022-11-07 11:00:00,821.4964,4130.358,852.6511,829.7253,848.5427,823.1608,796.1942,852.6511,4150.2741000000005
2022-11-07 12:00:00,780.8127,3859.741,789.4893,792.0206,777.0663,775.3012,742.8956,792.0206,3876.7729999999997
2022-11-07 13:00:00,619.9837,3096.807,628.1617,609.096,629.6716,626.4069,611.5312,629.6716,3104.8674
2022-11-07 14:00:00,536.4776,2826.342,542.9837,591.8789,572.6108,581.7198,546.8152,591.8789,2836.0083999999997
2022-11-07 15:00:00,347.4524,1803.963,361.5419,380.0293,363.9244,377.9143,338.2788,380.0293,1821.6887000000002
2022-11-07 16:00:00,133.0892,371.6119,76.94566,84.82569,78.70435,78.52853,77.7958,84.82569,396.80003
2022-11-07 17:00:00,2.888054,-17.50397,1.099422,1.165802,1.042485,1.314144,1.065278,,5.687131
2022-11-07 18:00:00,0.0,-13.89719,0.0,0.0,0.0,0.0,0.0,,0.0
2022-11-07 19:00:00,0.0,-13.82319,0.0,0.0,0.0,0.0,0.0,,0.0
2022-11-07 20:00:00,0.0,-13.83821,0.0,0.0,0.0,0.0,0.0,,0.0
2022-11-07 21:00:00,0.0,-13.80514,0.0,0.0,0.0,0.0,0.0,,0.0
2022-11-07 22:00:00,0.0,-13.80067,0.0,0.0,0.0,0.0,0.0,,0.0
2022-11-07 23:00:00,0.0,-13.82269,0.0,0.0,0.0,0.0,0.0,,0.0
2022-11-08 00:00:00,0.0,-13.85965,0.0,0.0,0.0,0.0,0.0,,0.0
2022-11-08 01:00:00,0.0,-13.72361,0.0,0.0,0.0,0.0,0.0,,0.0
2022-11-08 02:00:00,0.0,-13.63807,0.0,0.0,0.0,0.0,0.0,,0.0
2022-11-08 03:00:00,0.0,-13.69139,0.0,0.0,0.0,0.0,0.0,,0.0
2022-11-08 04:00:00,0.0,-13.64275,0.0,0.0,0.0,0.0,0.0,,0.0
2022-11-08 05:00:00,0.0,-13.66848,0.0,0.0,0.0,0.0,0.0,,0.0
2022-11-08 06:00:00,1.23716,-11.1499,2.469588,2.33719,2.575352,2.108829,2.158769,,11.649728
2022-11-08 07:00:00,191.6211,576.7528,127.1416,119.5254,119.8692,105.0501,125.3382,127.1416,596.9245
2022-11-08 08:00:00,443.0533,2495.669,516.2261,488.5036,519.6233,493.7936,488.2352,519.6233,2506.3818
2022-11-08 09:00:00,649.866,3723.505,764.535,744.3235,768.0609,740.3628,720.3504,768.0609,3737.6326
2022-11-08 10:00:00,797.3886,4457.225,916.2344,890.1006,918.7277,887.9477,863.321,918.7277,4476.3314
2022-11-08 11:00:00,874.7294,4798.927,987.0481,957.7761,989.0958,956.9,931.4423,989.0958,4822.2623
2022-11-08 12:00:00,869.1407,4773.349,984.0954,951.559,983.405,951.9653,926.3666,984.0954,4797.3913
2022-11-08 13:00:00,783.8512,4351.394,896.6094,868.3654,894.9408,869.2107,844.3208,896.6094,4373.447099999999
2022-11-08 14:00:00,628.3075,3556.245,734.6208,710.7472,729.3853,712.0209,687.5295,734.6208,3574.3037
2022-11-08 15:00:00,414.6272,2270.947,469.0937,467.2941,462.5245,463.2954,426.1382,469.0937,2288.3459
2022-11-08 16:00:00,167.6627,438.7758,86.37747,101.0544,91.46988,91.88382,92.19054,101.0544,462.97611
2022-11-08 17:00:00,3.394556,-16.02221,1.513648,1.497121,1.404343,1.546462,1.354357,,7.315931
2022-11-08 18:00:00,0.0,-13.65486,0.0,0.0,0.0,0.0,0.0,,0.0
2022-11-08 19:00:00,0.0,-13.63056,0.0,0.0,0.0,0.0,0.0,,0.0
2022-11-08 20:00:00,0.0,-13.73647,0.0,0.0,0.0,0.0,0.0,,0.0
2022-11-08 21:00:00,0.0,-13.69956,0.0,0.0,0.0,0.0,0.0,,0.0
2022-11-08 22:00:00,0.0,-13.71206,0.0,0.0,0.0,0.0,0.0,,0.0
2022-11-08 23:00:00,0.0,-13.73123,0.0,0.0,0.0,0.0,0.0,,0.0
2022-11-09 00:00:00,0.0,-13.74727,0.0,0.0,0.0,0.0,0.0,,0.0
2022-11-09 01:00:00,0.0,-13.73824,0.0,0.0,0.0,0.0,0.0,,0.0
2022-11-09 02:00:00,0.0,-13.80168,0.0,0.0,0.0,0.0,0.0,,0.0
2022-11-09 03:00:00,0.0,-13.81465,0.0,0.0,0.0,0.0,0.0,,0.0
2022-11-09 04:00:00,0.0,-13.80987,0.0,0.0,0.0,0.0,0.0,,0.0
2022-11-09 05:00:00,0.0,-13.77925,0.0,0.0,0.0,0.0,0.0,,0.0
2022-11-09 06:00:00,0.3387498,-12.88597,1.817622,1.891023,1.592452,1.887653,1.755561,,8.944310999999999
2022-11-09 07:00:00,72.6616,395.4088,83.376,83.83968,88.24691,78.1861,83.11714,88.24691,416.76583000000005
2022-11-09 08:00:00,177.7435,911.0729,191.8637,183.7363,196.6691,182.2287,183.3727,196.6691,937.8705
2022-11-09 09:00:00,288.4106,1621.874,327.9941,330.5189,329.3086,310.317,311.6857,330.5189,1609.8243
2022-11-09 10:00:00,432.7542,2597.83,506.6148,501.4713,513.3342,534.3594,501.1234,534.3594,2556.9031
2022-11-09 11:00:00,757.6527,4062.459,759.3366,800.5792,816.8383,840.4326,820.6214,840.4326,4037.8081
2022-11-09 12:00:00,859.0583,4673.719,965.3867,933.0448,965.5244,931.9174,902.7541,965.5244,4698.6274
2022-11-09 13:00:00,657.9587,3749.857,732.8001,719.3981,748.4836,754.563,722.5692,754.563,3677.8140000000003
2022-11-09 14:00:00,430.4493,2358.54,467.5523,475.3446,478.5461,479.6493,474.2121,479.6493,2375.3044
2022-11-09 15:00:00,138.8587,724.8741,152.9418,149.9605,155.2658,147.9396,145.1191,155.2658,751.2268
2022-11-09 16:00:00,40.68053,156.5707,37.01947,36.51358,37.05183,36.95055,35.08706,,182.62249
2022-11-09 17:00:00,0.9477639,-20.12557,0.1438636,0.1805631,0.0887247,0.1827524,0.08721133,,0.68311513
2022-11-09 18:00:00,0.0,-13.63146,0.0,0.0,0.0,0.0,0.0,,0.0
2022-11-09 19:00:00,0.0,-13.64526,0.0,0.0,0.0,0.0,0.0,,0.0
2022-11-09 20:00:00,0.0,-13.63205,0.0,0.0,0.0,0.0,0.0,,0.0
2022-11-09 21:00:00,0.0,-13.62414,0.0,0.0,0.0,0.0,0.0,,0.0
2022-11-09 22:00:00,0.0,-13.67113,0.0,0.0,0.0,0.0,0.0,,0.0
2022-11-09 23:00:00,0.0,-13.68297,0.0,0.0,0.0,0.0,0.0,,0.0
2022-11-10 00:00:00,0.0,-13.74021,0.0,0.0,0.0,0.0,0.0,,0.0
2022-11-10 01:00:00,0.0,-13.74039,0.0,0.0,0.0,0.0,0.0,,0.0
2022-11-10 02:00:00,0.0,-13.72658,0.0,0.0,0.0,0.0,0.0,,0.0
2022-11-10 03:00:00,0.0,-13.72913,0.0,0.0,0.0,0.0,0.0,,0.0
2022-11-10 04:00:00,0.0,-13.74421,0.0,0.0,0.0,0.0,0.0,,0.0
2022-11-10 05:00:00,0.0,-13.67481,0.0,0.0,0.0,0.0,0.0,,0.0
2022-11-10 06:00:00,0.5284445,-15.31938,1.506929,1.396749,1.376681,1.395311,1.247386,,6.923056000000001
2022-11-10 07:00:00,86.86537,405.3509,87.34913,84.77441,89.62389,81.83875,83.3118,89.62389,426.89798
2022-11-10 08:00:00,258.6052,1335.452,283.1237,263.6718,286.6428,261.3676,268.2135,286.6428,1363.0194000000001
2022-11-10 09:00:00,202.366,1100.041,231.026,223.0023,230.4296,221.1492,215.4816,231.026,1121.0887
2022-11-10 10:00:00,262.6151,1488.639,308.1734,296.0407,310.2515,297.5416,290.8866,310.2515,1502.8938
2022-11-10 11:00:00,317.7448,1773.202,367.0966,359.0742,368.3832,356.9673,340.3886,368.3832,1791.9099
2022-11-10 12:00:00,186.8874,1013.297,211.4787,205.9851,211.7141,205.8541,198.8697,211.7141,1033.9017000000001
2022-11-10 13:00:00,138.9389,743.4545,156.5607,153.2278,156.4765,152.0679,146.6935,156.5607,765.0264
2022-11-10 14:00:00,80.76357,406.3501,87.67681,85.95639,88.10831,86.07478,82.89658,88.10831,430.71286999999995
2022-11-10 15:00:00,67.68239,315.3003,69.70583,68.009,69.71831,67.82397,65.44664,69.71831,340.70375
2022-11-10 16:00:00,20.63974,57.2754,17.03024,16.8811,17.22899,16.92721,16.13788,,84.20541999999999
2022-11-10 17:00:00,0.6295556,-20.11631,0.0,0.0,0.0,0.0,0.0,,0.0
2022-11-10 18:00:00,0.02223611,-13.66187,0.0,0.0,0.0,0.0,0.0,,0.0
2022-11-10 19:00:00,0.0,-13.72974,0.0,0.0,0.0,0.0,0.0,,0.0
2022-11-10 20:00:00,0.0,-13.72116,0.0,0.0,0.0,0.0,0.0,,0.0
2022-11-10 21:00:00,0.0,-13.73403,0.0,0.0,0.0,0.0,0.0,,0.0
2022-11-10 22:00:00,0.0,-13.73321,0.0,0.0,0.0,0.0,0.0,,0.0
2022-11-10 23:00:00,0.0,-13.71412,0.0,0.0,0.0,0.0,0.0,,0.0
2022-11-11 00:00:00,0.0,-13.69538,0.0,0.0,0.0,0.0,0.0,,0.0
2022-11-11 01:00:00,0.0,-13.6538,0.0,0.0,0.0,0.0,0.0,,0.0
2022-11-11 02:00:00,0.01833333,-13.59585,0.0,0.0,0.0,0.0,0.0,,0.0
2022-11-11 03:00:00,0.004402778,-13.6243,0.0,0.0,0.0,0.0,0.0,,0.0
2022-11-11 04:00:00,0.02351389,-13.61378,0.0,0.0,0.0,0.0,0.0,,0.0
2022-11-11 05:00:00,0.02322222,-13.55556,0.0,0.0,0.0,0.0,0.0,,0.0
2022-11-11 06:00:00,0.3449268,-21.14957,0.0,0.0,0.0,0.0,0.0,,0.0
2022-11-11 07:00:00,31.50128,171.1897,40.8392,38.22034,40.39054,39.37237,38.03994,,196.86239
2022-11-11 08:00:00,77.27351,390.3613,85.08839,82.21515,85.28494,82.02535,79.55857,85.28494,414.17240000000004
2022-11-11 09:00:00,131.7009,729.6393,151.0944,150.7717,153.5148,148.0925,148.8788,153.5148,752.3522
2022-11-11 10:00:00,108.0223,644.8101,135.4419,136.4935,134.2885,133.726,124.6428,136.4935,664.5927
2022-11-11 11:00:00,308.8676,1645.873,340.4659,341.3937,343.8246,334.4897,321.1418,343.8246,1681.3157
2022-11-11 12:00:00,282.5077,1589.724,333.9216,307.1449,324.8925,317.0866,312.4066,333.9216,1595.4522
2022-11-11 13:00:00,665.637,3219.585,663.6592,674.0341,651.2872,672.7305,604.8642,674.0341,3266.5751999999998
2022-11-11 14:00:00,517.9149,2503.474,485.0552,497.2964,489.5486,508.3973,503.5006,508.3973,2483.7981
2022-11-11 15:00:00,112.3971,559.691,119.6786,119.8389,123.1876,117.4224,113.9172,123.1876,594.0447
2022-11-11 16:00:00,58.24893,232.119,46.59533,49.5394,48.46913,53.27121,51.36115,53.27121,249.23622
2022-11-11 17:00:00,1.065132,-21.08448,0.08378957,0.1766652,0.1402062,0.08465063,0.08465063,,0.56996223
2022-11-11 18:00:00,0.0,-13.85542,0.0,0.0,0.0,0.0,0.0,,0.0
2022-11-11 19:00:00,0.0,-13.88326,0.0,0.0,0.0,0.0,0.0,,0.0
2022-11-11 20:00:00,0.0,-13.90385,0.0,0.0,0.0,0.0,0.0,,0.0
2022-11-11 21:00:00,0.0,-13.05363,0.0,0.0,0.0,0.0,0.0,,0.0
2022-11-11 22:00:00,0.0,-12.85627,0.0,0.0,0.0,0.0,0.0,,0.0
2022-11-11 23:00:00,0.0,-12.79459,0.0,0.0,0.0,0.0,0.0,,0.0
2022-11-12 00:00:00,0.0,-12.76196,0.0,0.0,0.0,0.0,0.0,,0.0
2022-11-12 01:00:00,0.0,-12.72925,0.0,0.0,0.0,0.0,0.0,,0.0
2022-11-12 02:00:00,0.0,-12.73555,0.0,0.0,0.0,0.0,0.0,,0.0
2022-11-12 03:00:00,0.0,-12.72102,0.0,0.0,0.0,0.0,0.0,,0.0
2022-11-12 04:00:00,0.0,-12.72903,0.0,0.0,0.0,0.0,0.0,,0.0
2022-11-12 05:00:00,0.0,-12.70697,0.0,0.0,0.0,0.0,0.0,,0.0
2022-11-12 06:00:00,0.3815,-18.1538,0.6353158,0.6353158,0.669457,0.5640658,0.5632322,,3.0673866
2022-11-12 07:00:00,142.2401,437.5762,96.52306,88.05208,101.5805,79.66761,92.99613,101.5805,458.81938
2022-11-12 08:00:00,409.1423,2035.108,413.935,414.7899,409.8208,410.0018,406.1214,414.7899,2054.6688999999997
2022-11-12 09:00:00,488.7322,2548.97,465.6172,517.493,492.4856,538.2462,546.0971,546.0971,2559.9391
2022-11-12 10:00:00,192.9488,1027.203,222.1184,197.6398,218.1575,199.1929,204.5616,222.1184,1041.6702
2022-11-12 11:00:00,590.0745,2805.848,578.9142,610.296,574.6465,563.5326,529.5112,610.296,2856.9004999999997
2022-11-12 12:00:00,393.1242,1997.791,366.2143,419.4699,391.0367,446.1031,409.0143,446.1031,2031.8383
2022-11-12 13:00:00,157.4792,972.3674,194.2971,204.9884,195.1834,207.8945,187.5051,207.8945,989.8685
2022-11-12 14:00:00,161.383,885.0913,190.6586,178.6121,186.3876,176.0574,174.0123,190.6586,905.7280000000001
2022-11-12 15:00:00,302.8259,1469.961,304.599,325.6301,295.2164,304.6784,273.5232,325.6301,1503.6471000000001
2022-11-12 16:00:00,135.3141,339.7849,68.18557,78.4026,72.1242,73.27903,71.3091,78.4026,363.3005
2022-11-12 17:00:00,1.943957,-16.91862,0.6360738,0.786936,0.7294387,0.7122195,0.620411,,3.485079
2022-11-12 18:00:00,0.0,-12.62499,0.0,0.0,0.0,0.0,0.0,,0.0
2022-11-12 19:00:00,0.0,-12.65382,0.0,0.0,0.0,0.0,0.0,,0.0
2022-11-12 20:00:00,0.0,-12.67891,0.0,0.0,0.0,0.0,0.0,,0.0
2022-11-12 21:00:00,0.0,-12.67709,0.0,0.0,0.0,0.0,0.0,,0.0
2022-11-12 22:00:00,0.0,-12.68678,0.0,0.0,0.0,0.0,0.0,,0.0
2022-11-12 23:00:00,0.0,-12.71309,0.0,0.0,0.0,0.0,0.0,,0.0
2022-11-13 00:00:00,0.04447223,-12.77899,0.0,0.0,0.0,0.0,0.0,,0.0
2022-11-13 01:00:00,0.0,-12.80668,0.0,0.0,0.0,0.0,0.0,,0.0
2022-11-13 02:00:00,0.0,-12.78638,0.0,0.0,0.0,0.0,0.0,,0.0
2022-11-13 03:00:00,0.0,-12.65272,0.0,0.0,0.0,0.0,0.0,,0.0
2022-11-13 04:00:00,0.0,-12.66762,0.0,0.0,0.0,0.0,0.0,,0.0
2022-11-13 05:00:00,0.0,-12.69905,0.0,0.0,0.0,0.0,0.0,,0.0
2022-11-13 06:00:00,0.2213889,-17.53342,0.4151233,0.563971,0.3805295,0.5293775,0.3776183,,2.2666196
2022-11-13 07:00:00,102.6833,365.8365,80.4115,73.14407,82.53458,68.26524,76.81152,82.53458,381.16691000000003
2022-11-13 08:00:00,419.3946,2283.708,468.1426,450.2498,480.0224,441.4438,450.8555,480.0224,2290.7141
2022-11-13 09:00:00,647.6431,3579.095,736.1995,717.5309,736.4012,709.5567,689.4069,736.4012,3589.0951999999997
2022-11-13 10:00:00,790.0836,4469.704,916.1868,894.1577,919.8251,891.5709,864.4035,919.8251,4486.144
2022-11-13 11:00:00,867.4479,4814.133,988.483,963.598,988.7198,962.5885,930.4417,988.7198,4833.831
2022-11-13 12:00:00,862.2715,4809.18,985.7396,958.5498,982.9957,959.0867,928.9159,985.7396,4815.2877
2022-11-13 13:00:00,788.3145,4428.355,913.8024,886.124,907.85,884.765,856.1055,913.8024,4448.6469
2022-11-13 14:00:00,621.1666,3611.313,745.8754,724.4542,739.4606,722.527,693.3462,745.8754,3625.6634
2022-11-13 15:00:00,418.5246,2200.978,456.6475,455.4898,447.0345,443.7501,414.0057,456.6475,2216.9276
2022-11-13 16:00:00,164.4973,403.4371,77.4626,93.87131,83.82835,86.9175,84.5836,93.87131,426.66336
2022-11-13 17:00:00,2.077547,-17.02164,0.8964033,1.168144,0.8991555,1.022211,0.8392555,,4.8251693
2022-11-13 18:00:00,0.0,-12.96706,0.0,0.0,0.0,0.0,0.0,,0.0
2022-11-13 19:00:00,0.0,-12.99548,0.0,0.0,0.0,0.0,0.0,,0.0
2022-11-13 20:00:00,0.0,-12.9865,0.0,0.0,0.0,0.0,0.0,,0.0
2022-11-13 21:00:00,0.0,-12.97883,0.0,0.0,0.0,0.0,0.0,,0.0
2022-11-13 22:00:00,0.0,-13.04183,0.0,0.0,0.0,0.0,0.0,,0.0
2022-11-13 23:00:00,0.0,-13.0911,0.0,0.0,0.0,0.0,0.0,,0.0
2022-11-14 00:00:00,0.0,-13.1286,0.0,0.0,0.0,0.0,0.0,,0.0
2022-11-14 01:00:00,0.0,-13.16895,0.0,0.0,0.0,0.0,0.0,,0.0
2022-11-14 02:00:00,0.0,-13.20408,0.0,0.0,0.0,0.0,0.0,,0.0
2022-11-14 03:00:00,0.0,-13.2189,0.0,0.0,0.0,0.0,0.0,,0.0
2022-11-14 04:00:00,0.0,-13.28724,0.0,0.0,0.0,0.0,0.0,,0.0
2022-11-14 05:00:00,0.0,-13.29384,0.0,0.0,0.0,0.0,0.0,,0.0
2022-11-14 06:00:00,0.47175,-13.17051,1.7399,1.705228,1.612122,1.649117,1.611314,,8.317681
2022-11-14 07:00:00,174.4058,514.9691,113.1965,102.0498,117.5623,93.19595,108.2817,117.5623,534.28625
2022-11-14 08:00:00,422.2848,2357.449,483.6103,464.9977,497.1711,451.6472,465.3409,497.1711,2362.7672000000002
2022-11-14 09:00:00,630.3754,3696.06,760.0797,739.3738,762.0128,735.2614,713.8654,762.0128,3710.5931
2022-11-14 10:00:00,767.7977,4437.034,907.8051,881.1528,907.925,882.0176,856.8165,907.925,4435.717
2022-11-14 11:00:00,703.0673,3669.267,763.66,750.6011,753.7714,742.5844,709.861,763.66,3720.4779
2022-11-14 12:00:00,753.6347,4261.387,873.8514,848.2366,866.3782,842.1474,834.3187,873.8514,4264.9322999999995
2022-11-14 13:00:00,672.1102,3651.96,745.7704,725.8109,748.1802,727.6611,710.3724,748.1802,3657.795
2022-11-14 14:00:00,428.7367,2457.1,508.6003,487.1163,495.318,471.2794,452.5829,508.6003,2414.8968999999997
2022-11-14 15:00:00,302.9898,1551.478,322.2737,318.7736,317.9863,310.0652,296.916,322.2737,1566.0148
2022-11-14 16:00:00,139.8465,393.7166,80.44331,88.01955,83.37458,82.72735,81.33215,88.01955,415.89694
2022-11-14 17:00:00,2.173917,-15.59223,1.134004,1.150254,1.097401,1.242829,1.036343,,5.660831
2022-11-14 18:00:00,0.0,-13.16234,0.0,0.0,0.0,0.0,0.0,,0.0
2022-11-14 19:00:00,0.0,-13.17046,0.0,0.0,0.0,0.0,0.0,,0.0
2022-11-14 20:00:00,0.0,-13.16247,0.0,0.0,0.0,0.0,0.0,,0.0
2022-11-14 21:00:00,0.0,-13.31503,0.0,0.0,0.0,0.0,0.0,,0.0
2022-11-14 22:00:00,0.0,-13.30219,0.0,0.0,0.0,0.0,0.0,,0.0
2022-11-14 23:00:00,0.0,-13.29482,0.0,0.0,0.0,0.0,0.0,,0.0
2022-11-15 00:00:00,0.0,-13.30546,0.0,0.0,0.0,0.0,0.0,,0.0
2022-11-15 01:00:00,0.0,-13.29247,0.0,0.0,0.0,0.0,0.0,,0.0
2022-11-15 02:00:00,0.0,-13.29282,0.0,0.0,0.0,0.0,0.0,,0.0
2022-11-15 03:00:00,0.0,-13.25875,0.0,0.0,0.0,0.0,0.0,,0.0
2022-11-15 04:00:00,0.0,-13.28789,0.0,0.0,0.0,0.0,0.0,,0.0
2022-11-15 05:00:00,0.0,-13.33426,0.0,0.0,0.0,0.0,0.0,,0.0
2022-11-15 06:00:00,0.09956805,-19.75386,0.1427778,0.179932,0.1056236,0.2141667,0.1425,,0.7850001
2022-11-15 07:00:00,28.49906,159.6095,38.3217,33.92686,38.12905,38.01142,36.23142,,184.62045
2022-11-15 08:00:00,47.20254,231.8604,53.44494,46.83486,53.37364,52.51499,50.16304,,256.33147
2022-11-15 09:00:00,100.8238,575.4621,124.0149,109.5839,124.2346,121.7966,117.0451,124.2346,596.6751
2022-11-15 10:00:00,139.4178,853.7095,177.845,174.6885,177.9936,173.3799,167.4224,177.9936,871.3294000000001
2022-11-15 11:00:00,284.3961,1641.629,334.7797,330.834,336.2184,328.0724,318.9838,336.2184,1648.8883
2022-11-15 12:00:00,259.1829,1402.766,290.0399,283.0257,290.4753,282.8437,272.8907,290.4753,1419.2752999999998
2022-11-15 13:00:00,42.02982,223.5943,49.81511,49.34412,50.29156,49.39431,47.68206,,246.52715999999998
2022-11-15 14:00:00,61.99168,315.2013,69.40289,68.9133,68.9988,68.56546,64.49439,69.40289,340.37484
2022-11-15 15:00:00,42.0873,215.9915,49.06693,47.83213,49.58527,48.02187,45.90509,,240.41129
2022-11-15 16:00:00,13.53761,39.00019,13.31591,13.3469,13.24563,12.9371,12.20179,,65.04733
2022-11-15 17:00:00,0.5912777,-18.59489,0.0,0.2488271,0.1351389,0.1562655,0.0,,0.5402315
2022-11-15 18:00:00,0.0,-12.99787,0.0,0.0,0.0,0.0,0.0,,0.0
2022-11-15 19:00:00,0.0,-12.99137,0.0,0.0,0.0,0.0,0.0,,0.0
2022-11-15 20:00:00,0.0,-12.98298,0.0,0.0,0.0,0.0,0.0,,0.0
2022-11-15 21:00:00,0.0,-13.0021,0.0,0.0,0.0,0.0,0.0,,0.0
2022-11-15 22:00:00,0.0,-13.0035,0.0,0.0,0.0,0.0,0.0,,0.0
2022-11-15 23:00:00,0.0,-13.05491,0.0,0.0,0.0,0.0,0.0,,0.0
2022-11-16 00:00:00,0.0,-13.08173,0.0,0.0,0.0,0.0,0.0,,0.0
2022-11-16 01:00:00,0.0,-13.11228,0.0,0.0,0.0,0.0,0.0,,0.0
2022-11-16 02:00:00,0.0,-13.10099,0.0,0.0,0.0,0.0,0.0,,0.0
2022-11-16 03:00:00,0.0,-13.19317,0.0,0.0,0.0,0.0,0.0,,0.0
2022-11-16 04:00:00,0.0,-13.20775,0.0,0.0,0.0,0.0,0.0,,0.0
2022-11-16 05:00:00,0.0,-13.20871,0.0,0.0,0.0,0.0,0.0,,0.0
2022-11-16 06:00:00,0.0,-19.78805,0.0,0.0,0.0,0.0,0.0,,0.0
2022-11-16 07:00:00,12.78062,64.84806,18.70276,18.48156,18.3427,18.02723,16.91944,,90.47369
2022-11-16 08:00:00,91.8727,565.7504,121.2986,117.8314,118.781,116.9939,110.064,121.2986,584.9689
2022-11-16 09:00:00,509.0286,2738.625,539.2311,550.662,563.376,546.5931,547.9493,563.376,2747.8115
2022-11-16 10:00:00,740.1079,4125.814,848.4895,831.3304,848.6686,824.3293,806.8523,848.6686,4159.670099999999
2022-11-16 11:00:00,717.1274,3894.315,804.528,784.8631,802.4435,775.6345,758.0696,804.528,3925.5387
2022-11-16 12:00:00,424.4628,2230.121,460.1608,452.3811,463.626,445.3074,437.7965,463.626,2259.2718
2022-11-16 13:00:00,403.5214,2388.117,488.865,472.34,491.0664,457.5104,469.3515,491.0664,2379.1332999999995
2022-11-16 14:00:00,457.1437,2326.54,483.1828,486.5497,488.7224,480.9719,449.6804,488.7224,2389.1072
2022-11-16 15:00:00,296.9436,1491.782,312.8462,313.8661,301.2451,290.8235,292.0768,313.8661,1510.8577
2022-11-16 16:00:00,81.43894,286.2084,63.88747,64.76039,63.62676,61.51625,60.06573,64.76039,313.85659999999996
2022-11-16 17:00:00,0.6793187,-19.01558,0.1275152,0.2237652,0.1304395,0.1456222,0.08992778,,0.71726988
2022-11-16 18:00:00,0.0,-13.05555,0.0,0.0,0.0,0.0,0.0,,0.0
2022-11-16 19:00:00,0.0,-13.14764,0.0,0.0,0.0,0.0,0.0,,0.0
2022-11-16 20:00:00,0.0,-13.16747,0.0,0.0,0.0,0.0,0.0,,0.0
2022-11-16 21:00:00,0.0,-13.14985,0.0,0.0,0.0,0.0,0.0,,0.0
2022-11-16 22:00:00,0.0,-13.20669,0.0,0.0,0.0,0.0,0.0,,0.0
2022-11-16 23:00:00,0.0,-13.25906,0.0,0.0,0.0,0.0,0.0,,0.0
2022-11-17 00:00:00,0.0,-13.31847,0.0,0.0,0.0,0.0,0.0,,0.0
2022-11-17 01:00:00,0.0,-13.35233,0.0,0.0,0.0,0.0,0.0,,0.0
2022-11-17 02:00:00,0.0,-13.39495,0.0,0.0,0.0,0.0,0.0,,0.0
2022-11-17 03:00:00,0.0,-13.38134,0.0,0.0,0.0,0.0,0.0,,0.0
2022-11-17 04:00:00,0.0,-13.3406,0.0,0.0,0.0,0.0,0.0,,0.0
2022-11-17 05:00:00,0.0,-13.43357,0.0,0.0,0.0,0.0,0.0,,0.0
2022-11-17 06:00:00,0.07995833,-18.08095,0.552135,0.589016,0.589016,0.5882097,0.5173765,,2.8357532
2022-11-17 07:00:00,148.7744,442.3318,98.71323,87.8867,101.7029,80.73916,93.73357,101.7029,462.7755599999999
2022-11-17 08:00:00,418.4466,2141.68,440.1705,424.7979,453.243,406.8661,425.1575,453.243,2150.2349999999997
2022-11-17 09:00:00,632.1633,3694.205,759.1047,740.1324,758.9212,735.8494,711.1945,759.1047,3705.2022
2022-11-17 10:00:00,781.3124,4478.744,920.5988,897.6012,920.3976,892.7197,863.9758,920.5988,4495.2931
2022-11-17 11:00:00,859.8436,4821.031,992.5001,967.6748,988.3047,962.963,929.0828,992.5001,4840.5254
2022-11-17 12:00:00,855.7428,4783.983,985.648,959.0737,981.1552,955.7588,923.1767,985.648,4804.812400000001
2022-11-17 13:00:00,773.5954,4362.572,900.4485,874.2237,893.7613,871.4322,842.5718,900.4485,4382.4375
2022-11-17 14:00:00,619.7733,3540.259,732.0212,709.9574,725.1846,709.3045,680.7582,732.0212,3557.2259000000004
2022-11-17 15:00:00,404.8677,1972.352,411.7152,410.5382,400.4896,393.0645,374.0794,411.7152,1989.8869
2022-11-17 16:00:00,151.0385,366.0725,71.36188,85.76732,76.66484,79.39254,76.78733,85.76732,389.97391
2022-11-17 17:00:00,1.543105,-17.82884,0.6390433,0.679182,0.5850977,0.733521,0.5862088,,3.2230528
2022-11-17 18:00:00,0.0,-13.41016,0.0,0.0,0.0,0.0,0.0,,0.0
2022-11-17 19:00:00,0.0,-13.53232,0.0,0.0,,,0.0,,0.0
2022-11-17 20:00:00,0.0,-13.53325,0.0,0.0,,,0.0,,0.0
2022-11-17 21:00:00,0.0,-13.64086,0.0,0.0,,,0.0,,0.0
2022-11-17 22:00:00,0.0,-13.71221,0.0,0.0,,,0.0,,0.0
2022-11-17 23:00:00,0.0,-13.75338,0.0,0.0,,,0.0,,0.0
2022-11-18 00:00:00,0.0,-13.75773,0.0,0.0,,,0.0,,0.0
2022-11-18 01:00:00,0.0,-13.75668,0.0,0.0,,,0.0,,0.0
2022-11-18 02:00:00,0.0,-13.7661,0.0,0.0,,,0.0,,0.0
2022-11-18 03:00:00,0.0,-13.77379,0.0,0.0,,,0.0,,0.0
2022-11-18 04:00:00,0.0,-13.8054,0.0,0.0,,,0.0,,0.0
2022-11-18 05:00:00,0.0,-13.77342,0.0,0.0,,,0.0,,0.0
2022-11-18 06:00:00,0.1477639,-16.63147,1.011323,1.010629,,,0.899998,,2.92195
2022-11-18 07:00:00,134.2853,411.1643,92.69249,82.04813,184.9816,184.9816,86.12138,184.9816,630.8252
2022-11-18 08:00:00,402.9633,2063.893,424.6253,407.3344,424.6253,424.6253,410.1248,424.6253,2091.3351
2022-11-18 09:00:00,619.2643,3606.521,744.9382,725.887,770.3364,730.931,684.296,770.3364,3656.3886
2022-11-18 10:00:00,772.5251,4382.425,908.225,884.939,909.5516,831.9227,853.9269,909.5516,4388.5652
2022-11-18 11:00:00,852.9594,4714.358,972.3865,947.0435,967.0185,939.9018,907.5179,972.3865,4733.8682
2022-11-18 12:00:00,851.1927,4664.139,963.9584,935.3026,959.8402,916.1142,902.9269,963.9584,4678.1423
2022-11-18 13:00:00,769.6608,4214.879,882.832,803.5039,875.8837,853.0113,824.1097,882.832,4239.3405999999995
2022-11-18 14:00:00,615.7305,3456.163,722.329,662.8736,714.4567,699.2735,669.1475,722.329,3468.0803000000005
2022-11-18 15:00:00,400.5003,1907.224,399.1626,396.9107,388.3439,378.2384,362.3315,399.1626,1924.9871
2022-11-18 16:00:00,142.3246,344.3398,67.9648,80.69799,72.82085,74.62046,72.45004,80.69799,368.55413999999996
2022-11-18 17:00:00,0.8613797,-19.70448,0.2828905,0.2828905,0.2438366,0.3010328,0.2442533,,1.3549037
2022-11-18 18:00:00,0.0,-13.58615,0.0,0.0,0.0,0.0,0.0,,0.0
2022-11-18 19:00:00,0.0,-13.73881,0.0,0.0,0.0,0.0,0.0,,0.0
2022-11-18 20:00:00,0.0,-13.82117,0.0,0.0,0.0,0.0,0.0,,0.0
2022-11-18 21:00:00,0.0,-13.87212,0.0,0.0,0.0,0.0,0.0,,0.0
2022-11-18 22:00:00,0.0,-13.87375,0.0,0.0,0.0,0.0,0.0,,0.0
2022-11-18 23:00:00,0.0,-13.94545,0.0,0.0,0.0,0.0,0.0,,0.0
2022-11-19 00:00:00,0.0,-13.94792,0.0,0.0,0.0,0.0,0.0,,0.0
2022-11-19 01:00:00,0.0,-13.94422,0.0,0.0,0.0,0.0,0.0,,0.0
2022-11-19 02:00:00,0.0,-13.93672,0.0,0.0,0.0,0.0,0.0,,0.0
2022-11-19 03:00:00,0.0,-13.9766,0.0,0.0,0.0,0.0,0.0,,0.0
2022-11-19 04:00:00,0.0,-14.12186,0.0,0.0,0.0,0.0,0.0,,0.0
2022-11-19 05:00:00,0.0,-14.01219,0.0,0.0,0.0,0.0,0.0,,0.0
2022-11-19 06:00:00,0.0,-17.79092,0.7137088,0.7468132,0.6950487,0.7688478,0.7115152,,3.6359337000000003
2022-11-19 07:00:00,123.6045,392.9097,88.25804,79.43158,90.7187,72.28417,83.06479,90.7187,413.75728000000004
2022-11-19 08:00:00,387.2107,1925.602,395.8655,382.2795,408.738,363.1844,384.0435,408.738,1934.1109
2022-11-19 09:00:00,599.1505,3438.994,707.3694,689.1135,707.2339,683.4246,662.8106,707.3694,3449.952
2022-11-19 10:00:00,748.6288,4192.37,862.522,839.446,862.4709,834.2338,809.296,862.522,4207.9687
2022-11-19 11:00:00,829.2537,4478.325,922.4404,898.6347,919.4351,891.2886,864.8641,922.4404,4496.6629
2022-11-19 12:00:00,825.6422,4436.426,916.4407,888.98,910.2102,883.0287,857.1315,916.4407,4455.7911
2022-11-19 13:00:00,747.2888,4055.657,838.1644,812.5597,831.6459,807.8818,783.691,838.1644,4073.9428
2022-11-19 14:00:00,574.5336,3205.809,657.7106,643.5795,653.3773,640.5737,607.8535,657.7106,3203.0946000000004
2022-11-19 15:00:00,238.4055,1352.131,287.3241,280.7287,280.2621,275.7452,262.3244,287.3241,1386.3845
2022-11-19 16:00:00,47.86257,187.0707,43.13247,42.88854,43.10941,42.41822,40.77837,,212.32700999999997
2022-11-19 17:00:00,0.296897,-20.03136,0.04916525,0.04916525,0.008609693,0.04632477,0.04646368,,0.199728643
2022-11-19 18:00:00,0.0,-13.80891,0.0,0.0,0.0,0.0,0.0,,0.0
2022-11-19 19:00:00,0.0,-13.86021,0.0,0.0,0.0,0.0,0.0,,0.0
2022-11-19 20:00:00,0.0,-13.9156,0.0,0.0,0.0,0.0,0.0,,0.0
2022-11-19 21:00:00,0.0,-13.91648,0.0,0.0,0.0,0.0,0.0,,0.0
2022-11-19 22:00:00,0.0,-13.93439,0.0,0.0,0.0,0.0,0.0,,0.0
2022-11-19 23:00:00,0.0,-13.91909,0.0,0.0,0.0,0.0,0.0,,0.0
2022-11-20 00:00:00,0.0,-13.94142,0.0,0.0,0.0,0.0,0.0,,0.0
2022-11-20 01:00:00,0.0,-13.97701,0.0,0.0,0.0,0.0,0.0,,0.0
2022-11-20 02:00:00,0.0,-13.97688,0.0,0.0,0.0,0.0,0.0,,0.0
2022-11-20 03:00:00,0.0,-13.98274,0.0,0.0,0.0,0.0,0.0,,0.0
2022-11-20 04:00:00,0.0,-13.9986,0.0,0.0,0.0,0.0,0.0,,0.0
2022-11-20 05:00:00,0.0,-13.97523,0.0,0.0,0.0,0.0,0.0,,0.0
2022-11-20 06:00:00,0.00664041,-19.6566,0.0,0.0,0.0,0.0,0.0,,0.0
2022-11-20 07:00:00,32.90686,194.7222,44.82072,43.71045,44.75525,43.77493,42.29939,,219.36074000000002
2022-11-20 08:00:00,229.9158,1309.408,270.6643,260.5844,272.2834,256.729,254.0884,272.2834,1314.3495000000003
2022-11-20 09:00:00,404.9489,2336.607,485.7392,472.9456,485.462,469.4492,454.9503,485.7392,2368.5463
2022-11-20 10:00:00,622.367,3622.601,741.7656,719.33,746.6178,715.5699,699.3717,746.6178,3622.655
2022-11-20 11:00:00,557.0362,3235.856,666.9133,645.6207,660.4214,640.0567,623.5165,666.9133,3236.5285999999996
2022-11-20 12:00:00,470.8664,2640.048,541.1538,528.6234,542.996,524.963,513.2198,542.996,2650.956
2022-11-20 13:00:00,399.0249,2349.033,488.3149,473.1136,483.2987,468.9124,452.3778,488.3149,2366.0173999999997
2022-11-20 14:00:00,242.5603,1414.378,295.6246,287.3796,292.7029,285.0261,273.3184,295.6246,1434.0515999999998
2022-11-20 15:00:00,106.6417,576.4291,122.387,119.3791,122.4771,119.2678,114.4484,122.4771,597.9594
2022-11-20 16:00:00,26.31234,104.7551,26.73347,26.3281,26.40212,26.21484,25.02293,,130.70146
2022-11-20 17:00:00,0.2172299,-20.76823,0.00636816,0.00636816,0.00318408,0.003301705,0.003301705,,0.02252381
2022-11-20 18:00:00,0.0,-13.55938,0.0,0.0,0.0,0.0,0.0,,0.0
2022-11-20 19:00:00,0.0,-13.60995,0.0,0.0,0.0,0.0,0.0,,0.0
2022-11-20 20:00:00,0.0,-13.59706,0.0,0.0,0.0,0.0,0.0,,0.0
2022-11-20 21:00:00,0.0,-13.68102,0.0,0.0,0.0,0.0,0.0,,0.0
2022-11-20 22:00:00,0.0,-13.711,0.0,0.0,0.0,0.0,0.0,,0.0
2022-11-20 23:00:00,0.0,-13.78392,0.0,0.0,0.0,0.0,0.0,,0.0
2022-11-21 00:00:00,0.0,-13.72541,0.0,0.0,0.0,0.0,0.0,,0.0
2022-11-21 01:00:00,0.0,-13.66533,0.0,0.0,0.0,0.0,0.0,,0.0
2022-11-21 02:00:00,0.0,-13.67498,0.0,0.0,0.0,0.0,0.0,,0.0
2022-11-21 03:00:00,0.0,-13.68555,0.0,0.0,0.0,0.0,0.0,,0.0
2022-11-21 04:00:00,0.0,-13.65525,0.0,0.0,0.0,0.0,0.0,,0.0
2022-11-21 05:00:00,0.0,-13.74115,0.0,0.0,0.0,0.0,0.0,,0.0
2022-11-21 06:00:00,0.03527778,-18.78036,0.3099917,0.3472168,0.3083707,0.3083707,0.3083707,,1.5823205999999999
2022-11-21 07:00:00,113.472,360.0077,82.14039,72.54332,84.15618,66.02063,76.77092,84.15618,381.63144
2022-11-21 08:00:00,406.2517,1977.505,405.3448,391.8044,422.528,367.6952,396.8657,422.528,1984.2381000000003
2022-11-21 09:00:00,626.7395,1315.61,340.639,495.9008,341.7953,329.4298,571.6198,571.6198,2079.3847
2022-11-21 10:00:00,749.689,-6.484409,,,,,,,0.0
2022-11-21 11:00:00,,,,,,,,,0.0
2022-11-21 12:00:00,,,,,,,,,0.0
2022-11-21 13:00:00,,,,,,,,,0.0
2022-11-21 14:00:00,,,,,,,,,0.0
2022-11-21 15:00:00,,,,,,,,,0.0
2022-11-21 16:00:00,,,,,,,,,0.0
2022-11-21 17:00:00,,,,,,,,,0.0
2022-11-21 18:00:00,,,,,,,,,0.0
2022-11-21 19:00:00,,,,,,,,,0.0
2022-11-21 20:00:00,,,,,,,,,0.0
2022-11-21 21:00:00,,,,,,,,,0.0
2022-11-21 22:00:00,,,,,,,,,0.0
2022-11-21 23:00:00,,,,,,,,,0.0
2022-11-22 00:00:00,,,,,,,,,0.0
2022-11-22 01:00:00,,,,,,,,,0.0
2022-11-22 02:00:00,,,,,,,,,0.0
2022-11-22 03:00:00,,,,,,,,,0.0
2022-11-22 04:00:00,,,,,,,,,0.0
2022-11-22 05:00:00,,,,,,,,,0.0
2022-11-22 06:00:00,,,,,,,,,0.0
2022-11-22 07:00:00,,,,,,,,,0.0
2022-11-22 08:00:00,,,,,,,,,0.0
2022-11-22 09:00:00,,,,,,,,,0.0
2022-11-22 10:00:00,,,,,,,,,0.0
2022-11-22 11:00:00,,,,,,,,,0.0
2022-11-22 12:00:00,,,,,,,,,0.0
2022-11-22 13:00:00,,,,,,,,,0.0
2022-11-22 14:00:00,,,,,,,,,0.0
2022-11-22 15:00:00,,,,,,,,,0.0
2022-11-22 16:00:00,,,,,,,,,0.0
2022-11-22 17:00:00,,,,,,,,,0.0
2022-11-22 18:00:00,,,,,,,,,0.0
2022-11-22 19:00:00,,,,,,,,,0.0
2022-11-22 20:00:00,,,,,,,,,0.0
2022-11-22 21:00:00,,,,,,,,,0.0
2022-11-22 22:00:00,,,,,,,,,0.0
2022-11-22 23:00:00,,,,,,,,,0.0
2022-11-23 00:00:00,,,,,,,,,0.0
2022-11-23 01:00:00,,,,,,,,,0.0
2022-11-23 02:00:00,,,,,,,,,0.0
2022-11-23 03:00:00,,,,,,,,,0.0
2022-11-23 04:00:00,,,,,,,,,0.0
2022-11-23 05:00:00,,,,,,,,,0.0
2022-11-23 06:00:00,,,,,,,,,0.0
2022-11-23 07:00:00,,,,,,,,,0.0
2022-11-23 08:00:00,,,,,,,,,0.0
2022-11-23 09:00:00,,,,,,,,,0.0
2022-11-23 10:00:00,,,,,,,,,0.0
2022-11-23 11:00:00,,,,,,,,,0.0
2022-11-23 12:00:00,,,,,,,,,0.0
2022-11-23 13:00:00,,,,,,,,,0.0
2022-11-23 14:00:00,,,,,,,,,0.0
2022-11-23 15:00:00,,,,,,,,,0.0
2022-11-23 16:00:00,,,,,,,,,0.0
2022-11-23 17:00:00,,,,,,,,,0.0
2022-11-23 18:00:00,,,,,,,,,0.0
2022-11-23 19:00:00,,,,,,,,,0.0
2022-11-23 20:00:00,,,,,,,,,0.0
2022-11-23 21:00:00,0.0,-14.27913,0.0,0.0,0.0,0.0,0.0,,0.0
2022-11-23 22:00:00,0.0,-14.22913,0.0,0.0,0.0,0.0,0.0,,0.0
2022-11-23 23:00:00,0.0,-14.18321,0.0,0.0,0.0,0.0,0.0,,0.0
2022-11-24 00:00:00,0.0,-14.18698,0.0,0.0,0.0,0.0,0.0,,0.0
2022-11-24 01:00:00,0.0,-14.04203,0.0,0.0,0.0,0.0,0.0,,0.0
2022-11-24 02:00:00,0.0,-13.95872,0.0,0.0,0.0,0.0,0.0,,0.0
2022-11-24 03:00:00,0.0,-13.94297,0.0,0.0,0.0,0.0,0.0,,0.0
2022-11-24 04:00:00,0.0,-14.14806,0.0,0.0,0.0,0.0,0.0,,0.0
2022-11-24 05:00:00,0.0,-14.10865,0.0,0.0,0.0,0.0,0.0,,0.0
2022-11-24 06:00:00,0.0,-20.24103,0.147242,0.1116667,0.1164647,0.27976,0.1467803,,0.8019137
2022-11-24 07:00:00,0.0,217.0401,50.68167,43.75086,50.75813,46.82339,47.70888,,239.72293
2022-11-24 08:00:00,222.8859,1196.455,242.752,237.581,255.3796,222.9119,239.5,255.3796,1198.1245
2022-11-24 09:00:00,542.9385,3150.709,650.8638,637.5565,660.0345,635.7389,621.4595,660.0345,3205.6531999999997
2022-11-24 10:00:00,690.2973,4017.909,829.0604,804.265,828.2108,798.7415,786.0221,829.0604,4046.2998000000002
2022-11-24 11:00:00,795.1036,4150.792,860.0035,835.7623,855.9827,831.9339,829.2811,860.0035,4212.9635
2022-11-24 12:00:00,706.6657,3710.247,767.2358,739.0494,756.0581,727.286,717.907,767.2358,3707.5363
2022-11-24 13:00:00,422.792,2377.109,504.8156,482.2855,481.7565,474.4815,462.0306,504.8156,2405.3697
2022-11-24 14:00:00,224.7451,1101.151,241.6546,240.3897,228.0095,223.7272,210.179,241.6546,1143.96
2022-11-24 15:00:00,96.72603,502.0463,108.376,106.5909,107.4038,103.4355,99.26979,108.376,525.07599
2022-11-24 16:00:00,28.21465,99.43179,26.09404,25.23321,25.77932,25.24305,24.36072,,126.71034
2022-11-24 17:00:00,0.6717917,-19.36405,0.0,0.0,0.0,0.0,0.0,,0.0
2022-11-24 18:00:00,0.0,-14.1398,0.0,0.0,0.0,0.0,0.0,,0.0
2022-11-24 19:00:00,0.0,-14.16766,0.0,0.0,0.0,0.0,0.0,,0.0
2022-11-24 20:00:00,0.0,-14.14434,0.0,0.0,0.0,0.0,0.0,,0.0
2022-11-24 21:00:00,0.0,-14.16318,0.0,0.0,0.0,0.0,0.0,,0.0
2022-11-24 22:00:00,0.0,-14.25282,0.0,0.0,0.0,0.0,0.0,,0.0
2022-11-24 23:00:00,0.0,-14.1972,0.0,0.0,0.0,0.0,0.0,,0.0
2022-11-25 00:00:00,0.0,-14.2239,0.0,0.0,0.0,0.0,0.0,,0.0
2022-11-25 01:00:00,0.0,-14.16931,0.0,0.0,0.0,0.0,0.0,,0.0
2022-11-25 02:00:00,0.0,-14.11718,0.0,0.0,0.0,0.0,0.0,,0.0
2022-11-25 03:00:00,0.0,-14.146,0.0,0.0,0.0,0.0,0.0,,0.0
2022-11-25 04:00:00,0.0,-14.28224,0.0,0.0,0.0,0.0,0.0,,0.0
2022-11-25 05:00:00,0.0,-14.24131,0.0,0.0,0.0,0.0,0.0,,0.0
2022-11-25 06:00:00,0.0,-17.81518,0.0,0.0,0.0,0.0,0.0,,0.0
2022-11-25 07:00:00,1.423115,-15.54628,2.253056,2.276831,2.292639,2.287783,2.127361,,11.237670000000001
2022-11-25 08:00:00,22.76435,119.3472,29.83886,29.30497,28.56581,29.22351,28.31581,,145.24896
2022-11-25 09:00:00,116.9612,695.1473,145.5678,144.0183,144.8512,143.2918,137.1677,145.5678,714.8968
2022-11-25 10:00:00,302.2648,1696.267,342.9233,332.6555,356.8278,339.3109,338.647,356.8278,1710.3645
2022-11-25 11:00:00,281.4545,1575.473,324.0913,316.472,326.8823,318.1759,307.7264,326.8823,1593.3479
2022-11-25 12:00:00,206.5872,1154.005,239.1036,233.8054,239.9063,234.046,226.7756,239.9063,1173.6369
2022-11-25 13:00:00,147.4577,797.6052,166.8254,163.3898,167.5554,163.1557,158.0029,167.5554,818.9292
2022-11-25 14:00:00,251.9502,1386.224,287.0427,283.9791,285.8583,283.3474,272.295,287.0427,1412.5225
2022-11-25 15:00:00,193.377,947.645,198.7169,191.6048,196.8686,190.8348,185.712,198.7169,963.7370999999999
2022-11-25 16:00:00,51.96915,178.1411,41.71802,41.37214,41.62421,40.8201,39.20111,41.71802,204.73558
2022-11-25 17:00:00,0.1857361,-20.07919,0.004070352,0.00420139,0.0,0.00420139,0.0,,0.012473132000000001
2022-11-25 18:00:00,0.0,-14.3733,0.0,0.0,0.0,0.0,0.0,,0.0
2022-11-25 19:00:00,0.0,-14.40291,0.0,0.0,0.0,0.0,0.0,,0.0
2022-11-25 20:00:00,0.0,-14.43881,0.0,0.0,0.0,0.0,0.0,,0.0
2022-11-25 21:00:00,0.0,-14.37371,0.0,0.0,0.0,0.0,0.0,,0.0
2022-11-25 22:00:00,0.0,-14.34274,0.0,0.0,0.0,0.0,0.0,,0.0
2022-11-25 23:00:00,0.0,-14.27578,0.0,0.0,0.0,0.0,0.0,,0.0
2022-11-26 00:00:00,0.0,-14.26182,0.0,0.0,0.0,0.0,0.0,,0.0
2022-11-26 01:00:00,0.0,-14.25876,0.0,0.0,0.0,0.0,0.0,,0.0
2022-11-26 02:00:00,0.0,-14.19233,0.0,0.0,0.0,0.0,0.0,,0.0
2022-11-26 03:00:00,0.0,-14.19962,0.0,0.0,0.0,0.0,0.0,,0.0
2022-11-26 04:00:00,0.0,-14.23508,0.0,0.0,0.5050197,0.4243363,0.0,,0.929356
2022-11-26 05:00:00,0.0,-14.19494,0.0,0.0,,,0.0,,0.0
2022-11-26 06:00:00,0.1115555,-19.51138,0.2769445,0.4413,,,0.2896555,,1.0079
2022-11-26 07:00:00,124.3187,348.3491,78.7934,70.47754,170.152,143.152,74.46754,170.152,537.04248
2022-11-26 08:00:00,380.3026,1143.959,236.1973,231.8338,254.9723,200.8814,234.475,254.9723,1158.3598
2022-11-26 09:00:00,535.9575,,,,,,,,0.0
2022-11-26 10:00:00,,,,,,,,,0.0
2022-11-26 11:00:00,,,,,,,,,0.0
2022-11-26 12:00:00,,,,,,,,,0.0
2022-11-26 13:00:00,,,,,,,,,0.0
2022-11-26 14:00:00,,,,,,,,,0.0
2022-11-26 15:00:00,,,,,,,,,0.0
2022-11-26 16:00:00,,,,,,,,,0.0
2022-11-26 17:00:00,,,,,,,,,0.0
2022-11-26 18:00:00,,,,,,,,,0.0
2022-11-26 19:00:00,,,,,,,,,0.0
2022-11-26 20:00:00,,,,,,,,,0.0
2022-11-26 21:00:00,,,,,,,,,0.0
2022-11-26 22:00:00,,,,,,,,,0.0
2022-11-26 23:00:00,,,,,,,,,0.0
2022-11-27 00:00:00,,,,,,,,,0.0
2022-11-27 01:00:00,,,,,,,,,0.0
2022-11-27 02:00:00,,,,,,,,,0.0
2022-11-27 03:00:00,,,,,,,,,0.0
2022-11-27 04:00:00,,,,,,,,,0.0
2022-11-27 05:00:00,,,,,,,,,0.0
2022-11-27 06:00:00,,,,,,,,,0.0
2022-11-27 07:00:00,,,,,,,,,0.0
2022-11-27 08:00:00,,,,,,,,,0.0
2022-11-27 09:00:00,,,,,,,,,0.0
2022-11-27 10:00:00,,,,,,,,,0.0
2022-11-27 11:00:00,,,,,,,,,0.0
2022-11-27 12:00:00,,,,,,,,,0.0
2022-11-27 13:00:00,,,,,,,,,0.0
2022-11-27 14:00:00,,,,,,,,,0.0
2022-11-27 15:00:00,,,,,,,,,0.0
2022-11-27 16:00:00,,,,,,,,,0.0
2022-11-27 17:00:00,,,,,,,,,0.0
2022-11-27 18:00:00,,,,,,,,,0.0
2022-11-27 19:00:00,,,,,,,,,0.0
2022-11-27 20:00:00,,,,,,,,,0.0
2022-11-27 21:00:00,,,,,,,,,0.0
2022-11-27 22:00:00,,,,,,,,,0.0
2022-11-27 23:00:00,,,,,,,,,0.0
2022-11-28 00:00:00,,,,,,,,,0.0
2022-11-28 01:00:00,,,,,,,,,0.0
2022-11-28 02:00:00,,,,,,,,,0.0
2022-11-28 03:00:00,,,,,,,,,0.0
2022-11-28 04:00:00,,,,,,,,,0.0
2022-11-28 05:00:00,,,,,,,,,0.0
2022-11-28 06:00:00,,,,,,,,,0.0
2022-11-28 07:00:00,,,,,,,,,0.0
2022-11-28 08:00:00,,,,,,,,,0.0
2022-11-28 09:00:00,,,,,,,,,0.0
2022-11-28 10:00:00,,,,,,,,,0.0
2022-11-28 11:00:00,,,,,,,,,0.0
2022-11-28 12:00:00,,,,,,,,,0.0
2022-11-28 13:00:00,,,,,,,,,0.0
2022-11-28 14:00:00,,,,,,,,,0.0
2022-11-28 15:00:00,,,,,,,,,0.0
2022-11-28 16:00:00,,,,,,,,,0.0
2022-11-28 17:00:00,,,,,,,,,0.0
2022-11-28 18:00:00,,,,,,,,,0.0
2022-11-28 19:00:00,,,,,,,,,0.0
2022-11-28 20:00:00,,,,,,,,,0.0
2022-11-28 21:00:00,,,,,,,,,0.0
2022-11-28 22:00:00,,,,,,,,,0.0
2022-11-28 23:00:00,,,,,,,,,0.0
2022-11-29 00:00:00,,,,,,,,,0.0
2022-11-29 01:00:00,,,,,,,,,0.0
2022-11-29 02:00:00,,,,,,,,,0.0
2022-11-29 03:00:00,,,,,,,,,0.0
2022-11-29 04:00:00,,,,,,,,,0.0
2022-11-29 05:00:00,,,,,,,,,0.0
2022-11-29 06:00:00,,,,,,,,,0.0
2022-11-29 07:00:00,,,,,,,,,0.0
2022-11-29 08:00:00,,,,,,,,,0.0
2022-11-29 09:00:00,,,,,,,,,0.0
2022-11-29 10:00:00,,,,,,,,,0.0
2022-11-29 11:00:00,,,,,,,,,0.0
2022-11-29 12:00:00,,,,,,,,,0.0
2022-11-29 13:00:00,,,,,,,,,0.0
2022-11-29 14:00:00,,,,,,,,,0.0
2022-11-29 15:00:00,,,,,,,,,0.0
2022-11-29 16:00:00,,,,,,,,,0.0
2022-11-29 17:00:00,,,,,,,,,0.0
2022-11-29 18:00:00,,,,,,,,,0.0
2022-11-29 19:00:00,,,,,,,,,0.0
2022-11-29 20:00:00,,,,,,,,,0.0
2022-11-29 21:00:00,,,,,,,,,0.0
2022-11-29 22:00:00,,,,,,,,,0.0
2022-11-29 23:00:00,,,,,,,,,0.0
2022-11-30 00:00:00,,,,,,,,,0.0
2022-11-30 01:00:00,,,,,,,,,0.0
2022-11-30 02:00:00,,,,,,,,,0.0
2022-11-30 03:00:00,,,,,,,,,0.0
2022-11-30 04:00:00,,,,,,,,,0.0
2022-11-30 05:00:00,,,,,,,,,0.0
2022-11-30 06:00:00,,,,,,,,,0.0
2022-11-30 07:00:00,,,,,,,,,0.0
2022-11-30 08:00:00,,,,,,,,,0.0
2022-11-30 09:00:00,,,,,,,,,0.0
2022-11-30 10:00:00,,,,,,,,,0.0
2022-11-30 11:00:00,,,,,,,,,0.0
2022-11-30 12:00:00,,,,,,,,,0.0
2022-11-30 13:00:00,,,,,,,,,0.0
2022-11-30 14:00:00,,,,,,,,,0.0
2022-11-30 15:00:00,,,,,,,,,0.0
2022-11-30 16:00:00,,,,,,,,,0.0
2022-11-30 17:00:00,,,,,,,,,0.0
2022-11-30 18:00:00,,,,,,,,,0.0
2022-11-30 19:00:00,,,,,,,,,0.0
2022-11-30 20:00:00,,,,,,,,,0.0
2022-11-30 21:00:00,,,,,,,,,0.0
2022-11-30 22:00:00,,,,,,,,,0.0
2022-11-30 23:00:00,,,,,,,,,0.0
