Merrill Solar,Unnamed: 1,Unnamed: 2,Unnamed: 3,Unnamed: 4,Unnamed: 5,Unnamed: 6
,,,,,,
Timestamp,POA*,"TMEIC 2.5MW Inverter 1.1.1, Active Power P","TMEIC 2.5MW Inverter 1.2.1, Active Power P","TMEIC 2.5MW Inverter 1.3.1, Active Power P","TMEIC 2.5MW Inverter 1.4.1, Active Power P",Production meter active power
,W/mÂ²,kW,kW,kW,kW,kW
2023-02-01 00:00:00,-0.1797729,0,0,0,0,-13.67066
2023-02-01 01:00:00,-0.1539395,0,0,0,0,-13.687
2023-02-01 02:00:00,-0.2780671,0,0,0,0,-13.60867
2023-02-01 03:00:00,-0.1582201,0,0,0,0,-13.61217
2023-02-01 04:00:00,-0.2114775,0,0,0,0,-13.57583
2023-02-01 05:00:00,-0.1947316,0,0,0,0,-13.6395
2023-02-01 06:00:00,-0.2216684,0,0,0,0,-13.68983
2023-02-01 07:00:00,64.83785,68.87501,69.495,70.99334,68.55501,279.4843
2023-02-01 08:00:00,418.9716,720.2318,721.6068,738.805,727.5967,2915.637
2023-02-01 09:00:00,643.8375,1366.087,1356.148,1390.111,1364.498,5511.645
2023-02-01 10:00:00,507.6205,1091.933,1082.088,1107.76,1055.565,4344.076
2023-02-01 11:00:00,588.338,1326.672,1316.52,1343.018,1326.28,5311.143
2023-02-01 12:00:00,582.636,1351.507,1346.643,1376.067,1367.145,5428.479
2023-02-01 13:00:00,605.1439,1391.04,1384.22,1417.39,1403.27,5569.487
2023-02-01 14:00:00,593.5378,1317.197,1306.468,1335.746,1310.67,5250.481
2023-02-01 15:00:00,410.6812,754.7117,755.4067,772.1301,775.1967,3030.21
2023-02-01 16:00:00,171.0034,257.8083,257.63,263.6083,257.4367,1018.358
2023-02-01 17:00:00,8.483656,7.568333,7.553332,7.973332,8.398333,36.85967
2023-02-01 18:00:00,-0.1683695,0,0,0,0,-13.358
2023-02-01 19:00:00,-0.1823715,0,0,0,0,-13.42033
2023-02-01 20:00:00,-0.3208756,0,0,0,0,-13.4355
2023-02-01 21:00:00,-0.2996756,0,0,0,0,-13.61267
2023-02-01 22:00:00,-0.1741559,0,0,0,0,-13.61716
2023-02-01 23:00:00,-0.2554407,0,0,0,0,-13.68983
2023-02-02 00:00:00,-0.1236189,0,0,0,0,-13.52867
2023-02-02 01:00:00,-0.1257734,0,0,0,0,-13.561
2023-02-02 02:00:00,-0.1008967,0,0,0,0,-13.65833
2023-02-02 03:00:00,-0.1140755,0,0,0,0,-13.64517
2023-02-02 04:00:00,-0.1424253,0,0,0,0,-13.60316
2023-02-02 05:00:00,-0.2075396,0,0,0,0,-13.64017
2023-02-02 06:00:00,-0.106396,0,0,0,0,-13.64417
2023-02-02 07:00:00,74.67036,76.05332,78.93501,86.09202,81.58501,335.9188
2023-02-02 08:00:00,503.2723,827.3,830.7183,854.6899,844.1116,3354.481
2023-02-02 09:00:00,543.0596,1107.017,1101.19,1132.508,1108.397,4446.176
2023-02-02 10:00:00,607.8638,1281.823,1281.1,1309.885,1303.645,5176.861
2023-02-02 11:00:00,653.9293,1459.507,1454.773,1484.969,1473.088,5846.736
2023-02-02 12:00:00,600.5146,1392.673,1387.54,1419.277,1406.271,5573.992
2023-02-02 13:00:00,470.057,1072.045,1062.21,1084.177,1057.983,4267.427
2023-02-02 14:00:00,228.8579,382.9467,382.1216,392.195,388.4533,1534.507
2023-02-02 15:00:00,98.43545,131.865,131.43,135.2784,133.7683,519.0367
2023-02-02 16:00:00,26.36065,33.86333,33.99833,35.32,34.635,168.3755
2023-02-02 17:00:00,1.114702,0,0,0,0,-12.8135
2023-02-02 18:00:00,-0.2451814,0,0,0,0,-13.40617
2023-02-02 19:00:00,-0.1484241,0,0,0,0,-13.4155
2023-02-02 20:00:00,-0.1252429,0,0,0,0,-13.52767
2023-02-02 21:00:00,-0.1137698,0,0,0,0,-13.4475
2023-02-02 22:00:00,-0.1290553,0,0,0,0,-13.456
2023-02-02 23:00:00,-0.2965077,0,0,0,0,-13.51
2023-02-03 00:00:00,-0.1181878,0,0,0,0,-13.454
2023-02-03 01:00:00,-0.1832626,0,0,0,0,-13.49216
2023-02-03 02:00:00,-0.2482469,0,0,0,0,-13.49017
2023-02-03 03:00:00,-0.1886194,0,0,0,0,-13.50834
2023-02-03 04:00:00,-0.2349976,0,0,0,0,-13.52433
2023-02-03 05:00:00,-0.2524154,0,0,0,0,-13.5865
2023-02-03 06:00:00,0.1087939,0,0,0,0,-13.47066
2023-02-03 07:00:00,35.58604,20.11,20.49,22.33167,22.69167,100.882
2023-02-03 08:00:00,254.491,448.4551,471.2016,496.0416,495.5651,1904.801
2023-02-03 09:00:00,305.1888,508.245,504.3716,520.84,508.2484,2033.729
2023-02-03 10:00:00,303.2526,568.2401,570.4276,584.1132,599.1516,2330.64
2023-02-03 11:00:00,342.3693,801.5583,818.2833,852.0951,850.8868,3311.379
2023-02-03 12:00:00,147.2807,339.5934,343.56,354.555,362.035,1389.788
2023-02-03 13:00:00,228.0343,508.7584,516.8467,539.695,552.5933,2118.018
2023-02-03 14:00:00,538.8311,1191.032,1208.593,1271.335,1218.988,4825.448
2023-02-03 15:00:00,747.5147,1570.625,1583.372,1627.146,1615.343,6311.677
2023-02-03 16:00:00,205.7248,330.6317,333.435,344.02,336.3933,1343.075
2023-02-03 17:00:00,6.823481,7.028333,6.948332,7.21,7.238332,29.33883
2023-02-03 18:00:00,-0.2170389,0,0,0,0,-13.45734
2023-02-03 19:00:00,-0.06988395,0,0,0,0,-13.57033
2023-02-03 20:00:00,-0.1087596,0,0,0,0,-13.476
2023-02-03 21:00:00,-0.1379469,0,0,0,0,-13.53183
2023-02-03 22:00:00,-0.0894382,0,0,0,0,-13.56616
2023-02-03 23:00:00,-0.1695551,0,0,0,0,-13.63917
2023-02-04 00:00:00,-0.1578338,0,0,0,0,-13.58941
2023-02-04 01:00:00,-0.1647929,0,0,0,0,-13.64067
2023-02-04 02:00:00,-0.3271231,0,0,0,0,-13.627
2023-02-04 03:00:00,-0.05469475,0,0,0,0,-13.65433
2023-02-04 04:00:00,-0.1136276,0,0,0,0,-13.6375
2023-02-04 05:00:00,-0.09984156,0,0,0,0,-13.578
2023-02-04 06:00:00,0.003232104,0,0,0,0,-13.49983
2023-02-04 07:00:00,36.53331,21.84667,20.98667,22.37833,22.09666,91.73167
2023-02-04 08:00:00,156.3298,194.5867,194.025,199.4367,197.5717,777.9088
2023-02-04 09:00:00,232.3333,337.7033,336.2233,345.62,341.7817,1357.966
2023-02-04 10:00:00,338.0995,667.3,665.8633,681.8617,678.795,2705.081
2023-02-04 11:00:00,328.456,756.995,754.0817,770.795,764.6017,3045.435
2023-02-04 12:00:00,255.1082,615.6183,614.8383,630.5099,626.883,2482.305
2023-02-04 13:00:00,369.5229,821.8267,802.0716,813.5182,812.0984,3167.833
2023-02-04 14:00:00,248.2155,460.5403,457.1832,461.1484,456.82,1830.609
2023-02-04 15:00:00,73.05943,113.4467,111.1317,113.6867,111.8317,448.0985
2023-02-04 16:00:00,10.59669,5.1,5.975,6.478333,7.191668,65.92416
2023-02-04 17:00:00,1.103833,0,0,0,0,-14.98367
2023-02-04 18:00:00,-0.04078495,0,0,0,0,-13.65816
2023-02-04 19:00:00,-0.1030405,0,0,0,0,-13.64417
2023-02-04 20:00:00,-0.03089109,0,0,0,0,-13.70333
2023-02-04 21:00:00,-0.03004763,0,0,0,0,-13.715
2023-02-04 22:00:00,0.05338653,0,0,0,0,-13.61917
2023-02-04 23:00:00,0.0428511,0,0,0,0,-13.623
2023-02-05 00:00:00,-0.1179259,0,0,0,0,-13.49967
2023-02-05 01:00:00,-0.04163143,0,0,0,0,-13.48133
2023-02-05 02:00:00,-0.06772065,0,0,0,0,-13.4775
2023-02-05 03:00:00,-0.1424041,0,0,0,0,-13.47717
2023-02-05 04:00:00,-0.1815878,0,0,0,0,-13.482
2023-02-05 05:00:00,-0.1974502,0,0,0,0,-13.50583
2023-02-05 06:00:00,-0.1207332,0,0,0,0,-13.5795
2023-02-05 07:00:00,29.81833,12.02833,11.87167,12.44667,12.48333,72.40868
2023-02-05 08:00:00,440.5383,833.5283,832.5201,846.6902,809.1567,3358.967
2023-02-05 09:00:00,603.582,1477.005,1462.265,1510.657,1505.12,5958.715
2023-02-05 10:00:00,633.9344,1355.438,1326.877,1327.712,1267.894,5172.983
2023-02-05 11:00:00,434.6632,1007.577,999.6951,1022.333,970.6235,4049.259
2023-02-05 12:00:00,521.9334,1162.552,1200.89,1238.891,1179.068,4731.876
2023-02-05 13:00:00,559.215,1264.162,1324.242,1363.645,1392.353,5297.596
2023-02-05 14:00:00,652.3527,1469.205,1438.805,1473.87,1433.498,5763.554
2023-02-05 15:00:00,407.6392,744.2534,744.7617,765.0333,753.2316,2937.44
2023-02-05 16:00:00,209.2265,396.3583,394.0733,401.16,397.8417,1582.234
2023-02-05 17:00:00,6.039973,11.66167,11.65,12.14667,12.27,45.92351
2023-02-05 18:00:00,-0.2574792,0,0,0,0,-13.5965
2023-02-05 19:00:00,-0.2084914,0,0,0,0,-13.56617
2023-02-05 20:00:00,0.0018598,0,0,0,0,-13.5735
2023-02-05 21:00:00,-0.2703857,0,0,0,0,-13.61833
2023-02-05 22:00:00,-0.2557094,0,0,0,0,-13.647
2023-02-05 23:00:00,-0.2870987,0,0,0,0,-13.57633
2023-02-06 00:00:00,-0.2090092,0,0,0,0,-13.66217
2023-02-06 01:00:00,-0.329152,0,0,0,0,-13.70133
2023-02-06 02:00:00,-0.1618963,0,0,0,0,-13.58883
2023-02-06 03:00:00,-0.2177358,0,0,0,0,-13.55233
2023-02-06 04:00:00,-0.162471,0,0,0,0,-13.701
2023-02-06 05:00:00,-0.2255391,0,0,0,0,-13.65584
2023-02-06 06:00:00,-0.07743731,0,0,0,0,-13.6035
2023-02-06 07:00:00,102.3347,95.45166,98.14334,99.39834,97.76999,398.5565
2023-02-06 08:00:00,399.3568,721.795,721.1465,742.0416,733.2233,2934.438
2023-02-06 09:00:00,712.7503,1620.098,1611.523,1651.852,1618.442,6503.89
2023-02-06 10:00:00,641.0452,1419.631,1411.308,1444.974,1394.198,5665.923
2023-02-06 11:00:00,612.5662,1413.726,1407.958,1440.028,1425.881,5682.185
2023-02-06 12:00:00,551.7029,1289.733,1284.943,1318.465,1309.415,5176.955
2023-02-06 13:00:00,553.1343,1276.34,1275.283,1308.295,1304.535,5195.642
2023-02-06 14:00:00,449.1624,942.715,944.0518,962.2601,953.6968,3783.581
2023-02-06 15:00:00,489.2087,1016.893,1015.82,1041.957,1023.478,4080.962
2023-02-06 16:00:00,327.5439,576.66,584.57,602.9867,591.7734,2362.154
2023-02-06 17:00:00,6.704495,9.343332,9.361668,9.87,9.755,40.70367
2023-02-06 18:00:00,-0.1108769,0,0,0,0,-13.617
2023-02-06 19:00:00,-0.1829633,0,0,0,0,-13.66633
2023-02-06 20:00:00,-0.281216,0,0,0,0,-13.56433
2023-02-06 21:00:00,-0.2604713,0,0,0,0,-13.61166
2023-02-06 22:00:00,-0.1481345,0,0,0,0,-13.574
2023-02-06 23:00:00,-0.3071719,0,0,0,0,-13.66267
2023-02-07 00:00:00,-0.3225206,0,0,0,0,-13.58683
2023-02-07 01:00:00,-0.2735457,0,0,0,0,-13.5985
2023-02-07 02:00:00,-0.1514992,0,0,0,0,-13.57683
2023-02-07 03:00:00,-0.2250171,0,0,0,0,-13.61417
2023-02-07 04:00:00,-0.2999561,0,0,0,0,-13.51817
2023-02-07 05:00:00,-0.3656327,0,0,0,0,-13.67284
2023-02-07 06:00:00,-0.1397358,0,0,0,0,-13.60533
2023-02-07 07:00:00,39.20816,21.85834,21.82167,22.38,22.51167,96.26933
2023-02-07 08:00:00,107.802,143.62,142.8617,146.27,145.295,569.0009
2023-02-07 09:00:00,135.1078,195.185,195.1517,200.8983,199.7816,783.641
2023-02-07 10:00:00,195.8939,379.925,377.6766,387.0717,383.925,1525.93
2023-02-07 11:00:00,335.2974,771.7233,761.6666,776.8533,759.59,3064.032
2023-02-07 12:00:00,437.3402,1047.028,1036.283,1061.065,1045.213,4206.651
2023-02-07 13:00:00,460.9384,1040.418,1021.508,1035.512,1009.735,4119.619
2023-02-07 14:00:00,685.691,1580.335,1576.126,1614.013,1591.967,6342.749
2023-02-07 15:00:00,694.3847,1614.978,1613.79,1650.673,1636.34,6485.361
2023-02-07 16:00:00,368.1795,667.7432,678.8668,701.8867,692.2717,2729.767
2023-02-07 17:00:00,8.430921,6.93,6.713333,7.426668,7.073332,36.63067
2023-02-07 18:00:00,-0.1603115,0,0,0,0,-13.4935
2023-02-07 19:00:00,-0.2856902,0,0,0,0,-13.42684
2023-02-07 20:00:00,-0.1899215,0,0,0,0,-13.52933
2023-02-07 21:00:00,-0.3169206,0,0,0,0,-13.49217
2023-02-07 22:00:00,-0.1192219,0,0,0,0,-13.563
2023-02-07 23:00:00,-0.2212617,0,0,0,0,-13.56266
2023-02-08 00:00:00,-0.325211,0,0,0,0,-13.559
2023-02-08 01:00:00,-0.2305175,0,0,0,0,-13.58883
2023-02-08 02:00:00,-0.2675568,0,0,0,0,-13.66617
2023-02-08 03:00:00,-0.3040153,0,0,0,0,-13.64517
2023-02-08 04:00:00,-0.2959274,0,0,0,0,-13.56833
2023-02-08 05:00:00,-0.265927,0,0,0,0,-13.55883
2023-02-08 06:00:00,-0.0948136,0,0,0,0,-13.659
2023-02-08 07:00:00,69.74267,46.15168,46.81667,49.49834,47.40332,205.3962
2023-02-08 08:00:00,539.6977,1058.002,1058.658,1092.35,1075.417,4299.944
2023-02-08 09:00:00,726.1745,1630.782,1621.188,1660.153,1640.885,6569.685
2023-02-08 10:00:00,683.901,1494.612,1481.49,1522.427,1496.03,5975.237
2023-02-08 11:00:00,599.1415,1350.767,1350.155,1382.37,1361.252,5444.749
2023-02-08 12:00:00,626.8045,1416.132,1414.116,1442.173,1441.137,5717.914
2023-02-08 13:00:00,520.2036,1080.893,1108.635,1135.717,1128.418,4434.222
2023-02-08 14:00:00,351.1276,703.2033,704.4633,727.4484,708.3483,2826.308
2023-02-08 15:00:00,261.1867,378.9366,377.7333,387.25,388.2317,1519.098
2023-02-08 16:00:00,281.3109,424.1067,428.2516,441.7233,439.6466,1701.469
2023-02-08 17:00:00,10.56816,12.645,12.795,13.575,13.84167,58.69968
2023-02-08 18:00:00,-0.2370283,0,0,0,0,-13.48317
2023-02-08 19:00:00,-0.1908621,0,0,0,0,-13.505
2023-02-08 20:00:00,-0.196975,0,0,0,0,-13.53633
2023-02-08 21:00:00,-0.3231558,0,0,0,0,-13.5745
2023-02-08 22:00:00,-0.2365129,0,0,0,0,-13.64133
2023-02-08 23:00:00,-0.2423329,0,0,0,0,-13.762
2023-02-09 00:00:00,-0.1279328,0,0,0,0,-13.6745
2023-02-09 01:00:00,-0.3737248,0,0,0,0,-13.672
2023-02-09 02:00:00,-0.1579847,0,0,0,0,-13.64767
2023-02-09 03:00:00,-0.1735636,0,0,0,0,-13.63383
2023-02-09 04:00:00,-0.3256837,0,0,0,0,-13.65733
2023-02-09 05:00:00,-0.09565098,0,0,0,0,-13.68466
2023-02-09 06:00:00,0.0092555,0,0,0,0,-13.69516
2023-02-09 07:00:00,134.39,139.0833,139.96,142.64,140.275,575.6419
2023-02-09 08:00:00,568.9472,1130.337,1127.438,1157.103,1142.532,4576.587
2023-02-09 09:00:00,722.7427,1610.117,1605.533,1642.573,1628.083,6490.292
2023-02-09 10:00:00,688.2122,1508.137,1495.948,1527.245,1506.797,6027.265
2023-02-09 11:00:00,638.5046,1444.237,1439.193,1468.788,1460.042,5797.571
2023-02-09 12:00:00,611.5522,1427.278,1422.242,1452.501,1443.995,5725.238
2023-02-09 13:00:00,653.2388,1504.26,1499.645,1533.5,1520.307,6028.818
2023-02-09 14:00:00,654.983,1505.251,1521.562,1568.568,1561.087,6127.452
2023-02-09 15:00:00,560.3451,1286.651,1298.172,1329.445,1340.927,5138.325
2023-02-09 16:00:00,412.3963,744.0234,757.02,780.6218,765.5668,3028.577
2023-02-09 17:00:00,13.05329,12.54667,12.34667,13.31167,13.10667,63.22534
2023-02-09 18:00:00,-0.15446,0,0,0,0,-13.585
2023-02-09 19:00:00,-0.294012,0,0,0,0,-13.557
2023-02-09 20:00:00,-0.3829452,0,0,0,0,-13.54483
2023-02-09 21:00:00,-0.3566118,0,0,0,0,-13.54267
2023-02-09 22:00:00,-0.1677342,0,0,0,0,-13.47567
2023-02-09 23:00:00,-0.2591721,0,0,0,0,-13.56783
2023-02-10 00:00:00,-0.18863,0,0,0,0,-13.62667
2023-02-10 01:00:00,-0.2841066,0,0,0,0,-13.522
2023-02-10 02:00:00,-0.229451,0,0,0,0,-13.54583
2023-02-10 03:00:00,-0.2261437,0,0,0,0,-13.53683
2023-02-10 04:00:00,-0.1710627,0,0,0,0,-13.47083
2023-02-10 05:00:00,-0.1633556,0,0,0,0,-13.6875
2023-02-10 06:00:00,0.1509257,0,0,0,0,-13.65917
2023-02-10 07:00:00,143.0081,147.0833,144.6033,144.68,136.4583,585.4877
2023-02-10 08:00:00,570.888,1125.397,1121.807,1149.802,1127.877,4528.327
2023-02-10 09:00:00,727.0268,1626.287,1615.2,1648.808,1636.025,6519.202
2023-02-10 10:00:00,695.3331,1536.493,1521.379,1554.255,1531.677,6125.537
2023-02-10 11:00:00,643.1478,1465.862,1463.6,1488.842,1480.32,5866.283
2023-02-10 12:00:00,619.9996,1463.89,1457.688,1490.03,1479.192,5853.523
2023-02-10 13:00:00,573.1721,1356.102,1344.062,1362.895,1372.857,5408.204
2023-02-10 14:00:00,517.3137,1028.783,1043.82,1075.287,1130.272,4263.929
2023-02-10 15:00:00,216.2764,309.6267,311.1617,321.8734,322.2,1251.752
2023-02-10 16:00:00,363.6122,582.3233,584.9067,601.2283,566.1217,2325.185
2023-02-10 17:00:00,17.33612,27.48668,27.89001,29.40332,28.215,116.7137
2023-02-10 18:00:00,-0.1736817,0,0,0,0,-13.676
2023-02-10 19:00:00,-0.2564517,0,0,0,0,-13.628
2023-02-10 20:00:00,-0.1137835,0,0,0,0,-13.355
2023-02-10 21:00:00,-0.1060953,0,0,0,0,-13.37783
2023-02-10 22:00:00,-0.1775456,0,0,0,0,-13.35283
2023-02-10 23:00:00,-0.1343313,0,0,0,0,-13.46434
2023-02-11 00:00:00,-0.3264745,0,0,0,0,-13.456
2023-02-11 01:00:00,-0.3525232,0,0,0,0,-13.45934
2023-02-11 02:00:00,-0.1414192,0,0,0,0,-13.46783
2023-02-11 03:00:00,-0.252471,0,0,0,0,-13.42083
2023-02-11 04:00:00,0.02127025,0,0,0,0,-13.51067
2023-02-11 05:00:00,-0.1087864,0,0,0,0,-13.56933
2023-02-11 06:00:00,0.02112745,0,0,0,0,-13.6205
2023-02-11 07:00:00,107.0019,76.75107,74.89832,74.54498,78.00333,296.8168
2023-02-11 08:00:00,523.2072,1045.193,1039.97,1066.605,1048.137,4200.723
2023-02-11 09:00:00,733.0412,1647.97,1641.267,1679.097,1664.13,6626.152
2023-02-11 10:00:00,697.793,1525.248,1520.083,1554.052,1545.442,6126.895
2023-02-11 11:00:00,641.6097,1454.64,1451.432,1485.722,1475.342,5845.752
2023-02-11 12:00:00,621.8168,1439.109,1433.72,1466.42,1456.575,5770.047
2023-02-11 13:00:00,654.4856,1521.522,1516.005,1551.99,1540.767,6096.451
2023-02-11 14:00:00,708.9457,1644.761,1638.07,1679.103,1663.44,6582.848
2023-02-11 15:00:00,721.0263,1690.465,1683.033,1725.818,1712.083,6764.903
2023-02-11 16:00:00,422.5682,789.4984,799.725,824.7534,811.3135,3202.032
2023-02-11 17:00:00,17.47754,17.97,18.195,19.735,19.05167,87.03733
2023-02-11 18:00:00,-0.3366551,0,0,0,0,-13.66383
2023-02-11 19:00:00,-0.3423672,0,0,0,0,-13.71817
2023-02-11 20:00:00,-0.2772586,0,0,0,0,-13.5515
2023-02-11 21:00:00,-0.277972,0,0,0,0,-13.53917
2023-02-11 22:00:00,-0.2771995,0,0,0,0,-13.5825
2023-02-11 23:00:00,-0.2177254,0,0,0,0,-13.6465
2023-02-12 00:00:00,-0.2188382,0,0,0,0,-13.55333
2023-02-12 01:00:00,-0.1857369,0,0,0,0,-13.52667
2023-02-12 02:00:00,-0.3200693,0,0,0,0,-13.52083
2023-02-12 03:00:00,-0.3000467,0,0,0,0,-13.6655
2023-02-12 04:00:00,-0.0675047,0,0,0,0,-13.58017
2023-02-12 05:00:00,-0.3191485,0,0,0,0,-13.73417
2023-02-12 06:00:00,0.06319878,0,0,0,0,-13.7125
2023-02-12 07:00:00,165.6925,189.04,190.5134,194.57,191.005,782.1464
2023-02-12 08:00:00,599.7298,1210.702,1206.812,1237.327,1224.659,4899.636
2023-02-12 09:00:00,752.9307,1685.535,1681.022,1721.7,1706.126,6785.97
2023-02-12 10:00:00,713.8666,1579.188,1574.532,1608.481,1597.641,6348.333
2023-02-12 11:00:00,654.8017,1482.483,1477.927,1511.749,1504.575,5955.7
2023-02-12 12:00:00,627.928,1430.99,1427.545,1458.11,1451.452,5748.404
2023-02-12 13:00:00,667.1155,1508.543,1503.573,1536.55,1525.005,6044.716
2023-02-12 14:00:00,716.0696,1605.46,1597.21,1635.323,1622.587,6426.967
2023-02-12 15:00:00,748.0034,1654.23,1647.448,1685.572,1675.178,6617.857
2023-02-12 16:00:00,434.6392,795.9401,806.1684,829.2783,818.2266,3220.171
2023-02-12 17:00:00,23.55392,26.25833,26.73833,28.235,27.56501,118.2997
2023-02-12 18:00:00,0.05074515,0,0,0,0,-13.339
2023-02-12 19:00:00,-0.2316386,0,0,0,0,-13.30433
2023-02-12 20:00:00,-0.2546969,0,0,0,0,-13.4375
2023-02-12 21:00:00,-0.2340747,0,0,0,0,-13.69483
2023-02-12 22:00:00,-0.2536717,0,0,0,0,-13.71883
2023-02-12 23:00:00,-0.1916435,0,0,0,0,-13.76783
2023-02-13 00:00:00,-0.2454105,0,0,0,0,-13.6875
2023-02-13 01:00:00,-0.2014343,0,0,0,0,-13.72767
2023-02-13 02:00:00,-0.2823755,0,0,0,0,-13.7085
2023-02-13 03:00:00,-0.2092693,0,0,0,0,-13.71216
2023-02-13 04:00:00,-0.2640514,0,0,0,0,-13.61483
2023-02-13 05:00:00,-0.1726514,0,0,0,0,-13.536
2023-02-13 06:00:00,0.07312643,0,0,0,0,-13.7
2023-02-13 07:00:00,174.999,207.4417,208.2333,211.985,210.1367,848.9548
2023-02-13 08:00:00,624.5065,1276.49,1271.703,1306.35,1289.878,5173.516
2023-02-13 09:00:00,777.1332,1765.68,1755.533,1795.477,1784.682,7103.201
2023-02-13 10:00:00,602.4922,1431.457,1430.712,1440.797,1438.87,5760.711
2023-02-13 11:00:00,588.4156,1089.785,1081.297,1105.935,1099.092,4372.184
2023-02-13 12:00:00,455.386,1007.288,1008.132,1059.25,1004.925,4138.264
2023-02-13 13:00:00,455.2909,1091.53,1091.377,1094.453,1106.365,4414.224
2023-02-13 14:00:00,732.4453,1683.648,1701.095,1758.542,1722.842,6846.735
2023-02-13 15:00:00,350.7645,582.0583,586.5567,602.625,581.85,2321.784
2023-02-13 16:00:00,365.1075,696.0601,692.6499,716.1234,716.7117,2818.988
2023-02-13 17:00:00,12.97073,4.011668,4.295,4.741667,4.735,44.28484
2023-02-13 18:00:00,-0.1256893,0,0,0,0,-13.732
2023-02-13 19:00:00,-0.1095776,0,0,0,0,-13.7405
2023-02-13 20:00:00,-0.1829204,0,0,0,0,-13.56917
2023-02-13 21:00:00,-0.06091474,0,0,0,0,-13.51933
2023-02-13 22:00:00,0.1333006,0,0,0,0,-13.64133
2023-02-13 23:00:00,0.07205078,0,0,0,0,-13.68367
2023-02-14 00:00:00,-0.1273565,0,0,0,0,-13.746
2023-02-14 01:00:00,-0.05017415,0,0,0,0,-13.75283
2023-02-14 02:00:00,-0.2064424,0,0,0,0,-13.72133
2023-02-14 03:00:00,-0.340331,0,0,0,0,-13.757
2023-02-14 04:00:00,-0.2738264,0,0,0,0,-13.72733
2023-02-14 05:00:00,-0.1191238,0,0,0,0,-13.57567
2023-02-14 06:00:00,-0.2689372,0,0,0,0,-13.65716
2023-02-14 07:00:00,17.37137,0,0,0,0,-6.059501
2023-02-14 08:00:00,160.8648,39.34167,38.74833,41.28833,40.33167,180.3233
2023-02-14 09:00:00,562.1927,322.55,324.3867,330.1783,277.3867,1256.672
2023-02-14 10:00:00,562.4252,1193.802,1188.65,1225.895,1107.993,4735.082
2023-02-14 11:00:00,562.0193,1348.026,1335.81,1380.553,1371.141,5425.905
2023-02-14 12:00:00,401.6714,1024.02,985.94,966.8682,1023.247,3900.143
2023-02-14 13:00:00,629.4464,1403.633,1408.367,1422.605,1435.035,5572.461
2023-02-14 14:00:00,354.0133,815.39,795.29,795.5682,801.7518,3194.517
2023-02-14 15:00:00,592.0015,1211.903,1216.009,1247.165,1225.038,4928.332
2023-02-14 16:00:00,403.8076,707.9566,684.2383,701.5383,657.9201,2766.441
2023-02-14 17:00:00,30.60131,34.84832,35.46667,37.80001,36.97332,155.1219
2023-02-14 18:00:00,-0.2082725,0,0,0,0,-13.678
2023-02-14 19:00:00,-0.2121289,0,0,0,0,-13.67933
2023-02-14 20:00:00,-0.2846099,0,0,0,0,-13.65983
2023-02-14 21:00:00,-0.1649833,0,0,0,0,-13.75216
2023-02-14 22:00:00,-0.1601492,0,0,0,0,-13.63767
2023-02-14 23:00:00,-0.2140163,0,0,0,0,-13.624
2023-02-15 00:00:00,-0.2728341,0,0,0,0,-13.58133
2023-02-15 01:00:00,-0.1523544,0,0,0,0,-13.56033
2023-02-15 02:00:00,-0.1417641,0,0,0,0,-13.56217
2023-02-15 03:00:00,-0.1915474,0,0,0,0,-13.54867
2023-02-15 04:00:00,-0.2961032,0,0,0,0,-13.66867
2023-02-15 05:00:00,-0.09092745,0,0,0,0,-13.7165
2023-02-15 06:00:00,0.3281558,0,0,0,0,-13.38733
2023-02-15 07:00:00,194.7489,230.5017,231.9917,237.475,234.54,952.6307
2023-02-15 08:00:00,649.0743,1345.072,1340.56,1372.29,1361.677,5449.493
2023-02-15 09:00:00,782.6907,1783.538,1777.232,1816.873,1807.139,7197.865
2023-02-15 10:00:00,736.6816,1650.447,1646.208,1681.223,1668.968,6646.522
2023-02-15 11:00:00,680.5522,1553.298,1549.033,1582.003,1575.412,6250.994
2023-02-15 12:00:00,661.5992,1539.593,1532.88,1563.96,1555.833,6177.256
2023-02-15 13:00:00,692.1033,1626.787,1620.651,1657.106,1647.17,6528.851
2023-02-15 14:00:00,742.4125,1734.695,1728.495,1767.8,1758.473,6954.467
2023-02-15 15:00:00,766.4133,1808.288,1798.608,1837.737,1819.622,7220.717
2023-02-15 16:00:00,489.0844,945.2084,953.3167,980.9366,967.6552,3821.114
2023-02-15 17:00:00,37.77298,43.30667,44.01501,47.01168,45.85833,188.6702
2023-02-15 18:00:00,-0.05716887,0,0,0,0,-13.4375
2023-02-15 19:00:00,-0.08775205,0,0,0,0,-13.54667
2023-02-15 20:00:00,-0.3238815,0,0,0,0,-13.5515
2023-02-15 21:00:00,-0.1561027,0,0,0,0,-13.63533
2023-02-15 22:00:00,-0.2856578,0,0,0,0,-13.728
2023-02-15 23:00:00,-0.2793993,0,0,0,0,-13.708
2023-02-16 00:00:00,-0.1906167,0,0,0,0,-13.58867
2023-02-16 01:00:00,-0.1964468,0,0,0,0,-13.61417
2023-02-16 02:00:00,-0.2571187,0,0,0,0,-13.6045
2023-02-16 03:00:00,-0.1948773,0,0,0,0,-13.59617
2023-02-16 04:00:00,-0.1829526,0,0,0,0,-13.51783
2023-02-16 05:00:00,-0.1471169,0,0,0,0,-13.55517
2023-02-16 06:00:00,1.64703,0,0,0,0,-5.496667
2023-02-16 07:00:00,219.7923,273.4483,271.6733,274.315,273.5333,1104.43
2023-02-16 08:00:00,530.6895,939.4217,936.7365,960.335,954.1199,3808.579
2023-02-16 09:00:00,526.0316,1089.387,1080.463,1104.247,1086.747,4374.892
2023-02-16 10:00:00,567.8955,1257.397,1254.413,1282.342,1271.542,5069.147
2023-02-16 11:00:00,565.7875,1305.832,1302.177,1330.288,1322.565,5231.667
2023-02-16 12:00:00,631.5272,1469.521,1464.62,1494.915,1487.94,5898.22
2023-02-16 13:00:00,589.2955,1346.203,1344.458,1376.975,1363.823,5439.541
2023-02-16 14:00:00,557.4626,1247.5,1243.302,1272.38,1263.185,5016.771
2023-02-16 15:00:00,383.5132,766.3299,767.1116,788.3082,783.8,3081.978
2023-02-16 16:00:00,138.2878,176.445,175.8,180.3433,179.0166,699.4802
2023-02-16 17:00:00,26.72763,29.09,28.83666,29.74668,29.61667,123.3738
2023-02-16 18:00:00,-0.2455481,0,0,0,0,-13.51217
2023-02-16 19:00:00,-0.3162333,0,0,0,0,-13.414
2023-02-16 20:00:00,-0.1848605,0,0,0,0,-13.56116
2023-02-16 21:00:00,-0.275407,0,0,0,0,-13.49783
2023-02-16 22:00:00,-0.1366099,0,0,0,0,-13.48701
2023-02-16 23:00:00,-0.2409082,,,,,
2023-02-17 00:00:00,-0.2515109,,,,,
2023-02-17 01:00:00,-0.2474112,,,,,
2023-02-17 02:00:00,-0.2037815,,,,,
2023-02-17 03:00:00,-0.2074458,,,,,
2023-02-17 04:00:00,-0.1823822,,,,,
2023-02-17 05:00:00,-0.2585301,0,0,0,0,-14.53944
2023-02-17 06:00:00,0.3824749,0,0,0,0,-14.06417
2023-02-17 07:00:00,213.894,251.3667,253.3917,258.5867,252.6745,1024.418
2023-02-17 08:00:00,601.8253,1204.575,1204.003,1234.425,1210.188,4883.486
2023-02-17 09:00:00,724.9802,1634.733,1631.033,1667.953,1657.028,6591.493
2023-02-17 10:00:00,728.3957,1619.723,1615.828,1651.44,1636.923,6522.118
2023-02-17 11:00:00,663.127,1524.047,1519.112,1551.208,1541.765,6125.825
2023-02-17 12:00:00,659.4152,1511.233,1503.607,1536.16,1526.097,6057.816
2023-02-17 13:00:00,660.785,1515.348,1518.452,1554.798,1549.25,6109.035
2023-02-17 14:00:00,601.1454,1369.625,1368.095,1408.28,1404.838,5525.133
2023-02-17 15:00:00,628.1536,1420.96,1430.953,1470.528,1471.93,5761.646
2023-02-17 16:00:00,394.4371,739.5934,745.4766,769.2418,754.1533,2997.373
2023-02-17 17:00:00,39.63731,43.53666,43.31667,45.61499,43.20499,191.1005
2023-02-17 18:00:00,0.3406824,0,0,0,0,-13.922
2023-02-17 19:00:00,-0.2602538,0,0,0,0,-14.00267
2023-02-17 20:00:00,-0.1305224,0,0,0,0,-14.08733
2023-02-17 21:00:00,-0.3024576,0,0,0,0,-14.0465
2023-02-17 22:00:00,-0.2777876,0,0,0,0,-13.95767
2023-02-17 23:00:00,-0.2337772,0,0,0,0,-14.11783
2023-02-18 00:00:00,-0.2419584,0,0,0,0,-14.02617
2023-02-18 01:00:00,-0.2218853,0,0,0,0,-14.0505
2023-02-18 02:00:00,-0.1977573,0,0,0,0,-14.1145
2023-02-18 03:00:00,-0.2098428,0,0,0,0,-14.10367
2023-02-18 04:00:00,-0.2341256,0,0,0,0,-14.08783
2023-02-18 05:00:00,-0.2171193,0,0,0,0,-14.17484
2023-02-18 06:00:00,0.8594533,0,0,0,0,-12.24617
2023-02-18 07:00:00,152.811,147.7217,148.2783,151.875,148.585,603.6229
2023-02-18 08:00:00,389.1748,711.5132,710.5317,729.4318,738.7533,2911.27
2023-02-18 09:00:00,514.4103,1038.527,1035.595,1062.207,1057.917,4219.663
2023-02-18 10:00:00,480.7671,996.0599,989.8649,1012.465,1004.297,4032.687
2023-02-18 11:00:00,399.3458,922.1667,918.4449,940.1349,933.835,3718.231
2023-02-18 12:00:00,447.833,1051.212,1046.865,1069.94,1064.445,4221.547
2023-02-18 13:00:00,511.6196,1142.245,1137.922,1163.14,1153.611,4597.849
2023-02-18 14:00:00,538.7798,1148.978,1146.53,1172.417,1165.038,4640.022
2023-02-18 15:00:00,388.6325,663.215,657.2867,672.2267,664.6396,2633.833
2023-02-18 16:00:00,434.3621,713.6866,710.9849,731.7367,721.7717,2889.162
2023-02-18 17:00:00,45.21962,64.67501,64.15833,67.88,66.30833,265.3858
2023-02-18 18:00:00,-0.1339311,0,0,0,0,-13.96867
2023-02-18 19:00:00,-0.207916,0,0,0,0,-14.01917
2023-02-18 20:00:00,-0.2336111,0,0,0,0,-13.9185
2023-02-18 21:00:00,-0.243182,0,0,0,0,-14.013
2023-02-18 22:00:00,-0.1594128,0,0,0,0,-13.99183
2023-02-18 23:00:00,-0.2661211,0,0,0,0,-14.01017
2023-02-19 00:00:00,-0.2732365,0,0,0,0,-14.04183
2023-02-19 01:00:00,-0.2166812,0,0,0,0,-14.11533
2023-02-19 02:00:00,-0.1544267,0,0,0,0,-14.12917
2023-02-19 03:00:00,-0.2697946,0,0,0,0,-14.14867
2023-02-19 04:00:00,-0.2323664,0,0,0,0,-14.09167
2023-02-19 05:00:00,-0.2454721,0,0,0,0,-14.02966
2023-02-19 06:00:00,1.512468,0,0,0,0,-10.893
2023-02-19 07:00:00,197.8315,218.08,219.0833,223.17,220.4,883.326
2023-02-19 08:00:00,642.0459,1309.533,1309.428,1347.69,1338.255,5334.785
2023-02-19 09:00:00,450.9669,895.6316,879.7466,908.2382,918.1567,3609.781
2023-02-19 10:00:00,626.3959,1425.522,1416.181,1447.819,1430.75,5731.689
2023-02-19 11:00:00,543.1705,1267.983,1259.727,1288.505,1287.135,5084.038
2023-02-19 12:00:00,648.9886,1486.26,1476.825,1504.315,1498.08,5924.371
2023-02-19 13:00:00,656.004,1548.025,1527.617,1550.093,1533.145,6149.281
2023-02-19 14:00:00,724.172,1655.761,1647.245,1680.618,1671.77,6593.411
2023-02-19 15:00:00,680.0015,1508.803,1504.424,1538.205,1535.58,6049.351
2023-02-19 16:00:00,408.5472,702.6483,705.4483,722.8533,717.7715,2809.119
2023-02-19 17:00:00,51.29714,72.32333,72.57166,75.16501,73.77,291.4057
2023-02-19 18:00:00,-0.06686216,0,0,0,0,-13.77751
2023-02-19 19:00:00,-0.3150834,0,0,0,0,-13.89583
2023-02-19 20:00:00,-0.2260793,0,0,0,0,-13.886
2023-02-19 21:00:00,-0.2763152,0,0,0,0,-13.85683
2023-02-19 22:00:00,-0.2313265,0,0,0,0,-13.89734
2023-02-19 23:00:00,-0.21865,0,0,0,0,-13.885
2023-02-20 00:00:00,-0.2502157,0,0,0,0,-13.94016
2023-02-20 01:00:00,-0.2347959,0,0,0,0,-14.07133
2023-02-20 02:00:00,-0.2993953,0,0,0,0,-14.15367
2023-02-20 03:00:00,-0.1939523,0,0,0,0,-14.13767
2023-02-20 04:00:00,-0.2760024,0,0,0,0,-14.08017
2023-02-20 05:00:00,-0.2234637,0,0,0,0,-13.95967
2023-02-20 06:00:00,0.1483092,0,0,0,0,-14.0585
2023-02-20 07:00:00,147.8645,137.4367,136.5284,140.2183,139.2333,563.0689
2023-02-20 08:00:00,373.3222,564.5817,565.1783,581.2833,578.0117,2294.419
2023-02-20 09:00:00,556.1015,1110.94,1106.275,1136.668,1125.274,4522.846
2023-02-20 10:00:00,639.4642,1385.997,1387.97,1425.028,1429.646,5698.026
2023-02-20 11:00:00,462.4457,1078.917,1087.349,1119.063,1125.248,4350.072
2023-02-20 12:00:00,405.5933,958.6334,957.5082,981.3734,975.9785,3846.475
2023-02-20 13:00:00,434.1475,969.9368,971.5883,1000.833,997.2816,3904.784
2023-02-20 14:00:00,278.7481,510.1166,508.9146,524.9233,521.0133,2049.769
2023-02-20 15:00:00,604.9271,1173.923,1158.912,1186.408,1168.682,4701.629
2023-02-20 16:00:00,178.1381,260.6017,278.3167,267.8717,264.695,1082.158
2023-02-20 17:00:00,31.39691,47.16834,46.64833,48.58,47.98999,191.4087
2023-02-20 18:00:00,0.03176255,0,0,0,0,-13.893
2023-02-20 19:00:00,-0.337708,0,0,0,0,-13.95284
2023-02-20 20:00:00,-0.2983269,0,0,0,0,-13.89567
2023-02-20 21:00:00,-0.1929983,0,0,0,0,-13.8645
2023-02-20 22:00:00,-0.379384,0,0,0,0,-13.799
2023-02-20 23:00:00,-0.3300723,0,0,0,0,-13.89017
2023-02-21 00:00:00,0.1667206,0,0,0,0,-13.95833
2023-02-21 01:00:00,0.04521929,0,0,0,0,-13.85684
2023-02-21 02:00:00,-0.04715965,0,0,0,0,-13.9045
2023-02-21 03:00:00,-0.2760807,0,0,0,0,-13.875
2023-02-21 04:00:00,0.1594313,0,0,0,0,-13.75633
2023-02-21 05:00:00,0.05016166,0,0,0,0,-13.95084
2023-02-21 06:00:00,0.6138366,0,0,0,0,-13.80717
2023-02-21 07:00:00,132.8734,177.8933,176.9067,185.225,181.18,733.4601
2023-02-21 08:00:00,581.6924,1070.338,1062.337,1093.527,1090.488,4322.852
2023-02-21 09:00:00,231.9765,444.4067,438.6717,449.2768,447.985,1839.691
2023-02-21 10:00:00,432.3824,758.9333,764.3983,780.42,772.0234,3071.413
2023-02-21 11:00:00,449.0662,914.3533,916.1385,935.9532,927.2901,3741.702
2023-02-21 12:00:00,464.1833,1156.447,1149.4,1174.146,1169.112,4467.838
2023-02-21 13:00:00,554.6333,1372.81,1368.759,1386.768,1411.295,5701.527
2023-02-21 14:00:00,565.6929,1283.717,1285.835,1298.245,1315.602,5171.034
2023-02-21 15:00:00,498.7064,1065.15,1040.263,1057.752,1092.318,4287.933
2023-02-21 16:00:00,616.0647,1208.477,1204.254,1232.248,1219.262,4852.721
2023-02-21 17:00:00,21.12371,15.685,15.67,16.34667,15.89,85.219
2023-02-21 18:00:00,-0.3383879,0,0,0,0,-14.14467
2023-02-21 19:00:00,-0.01968873,0,0,0,0,-14.16317
2023-02-21 20:00:00,-0.09805264,0,0,0,0,-14.20517
2023-02-21 21:00:00,-0.1324389,0,0,0,0,-14.00484
2023-02-21 22:00:00,-0.2374594,0,0,0,0,-14.03233
2023-02-21 23:00:00,-0.1354167,0,0,0,0,-14.02533
2023-02-22 00:00:00,-0.1719496,0,0,0,0,-14.0725
2023-02-22 01:00:00,-0.2073361,0,0,0,0,-13.996
2023-02-22 02:00:00,-0.1159585,0,0,0,0,-14.02667
2023-02-22 03:00:00,-0.2535953,0,0,0,0,-14.03
2023-02-22 04:00:00,-0.2002257,0,0,0,0,-13.99617
2023-02-22 05:00:00,-0.0787161,0,0,0,0,-14.07
2023-02-22 06:00:00,1.391839,0,0,0,0,-11.57383
2023-02-22 07:00:00,197.0448,185.865,186.3367,198.0983,185.0167,759.2057
2023-02-22 08:00:00,305.6746,439.5983,437.045,453.9133,436.375,1772.453
2023-02-22 09:00:00,382.8073,654.8667,654.8467,672.2817,672.9283,2664.539
2023-02-22 10:00:00,378.7982,772.0133,760.4783,771.6683,774.4866,3104.053
2023-02-22 11:00:00,488.4419,1224.345,1218.964,1243.84,1273.2,4974
2023-02-22 12:00:00,463.7214,1146.332,1136.553,1157.945,1142.251,4570.525
2023-02-22 13:00:00,558.1172,1317.238,1322.368,1349.393,1349.953,5304.083
2023-02-22 14:00:00,504.7008,1051.29,1047.44,1061.25,1115.073,4342.209
2023-02-22 15:00:00,696.3379,1362.433,1374.007,1406.247,1455.167,5570.208
2023-02-22 16:00:00,584.2277,1054.245,1064.018,1096.622,1069.32,4271.698
2023-02-22 17:00:00,48.24665,56.73167,56.65833,58.79501,58.28334,239.4615
2023-02-22 18:00:00,-0.135741,0,0,0,0,-13.95767
2023-02-22 19:00:00,-0.1483033,0,0,0,0,-14.06117
2023-02-22 20:00:00,-0.256776,0,0,0,0,-14.14167
2023-02-22 21:00:00,0.07628774,0,0,0,0,-14.03234
2023-02-22 22:00:00,-0.1757688,0,0,0,0,-14.08233
2023-02-22 23:00:00,-0.110488,0,0,0,0,-14.22116
2023-02-23 00:00:00,-0.05258998,0,0,0,0,-14.17167
2023-02-23 01:00:00,-0.2352129,0,0,0,0,-14.1265
2023-02-23 02:00:00,-0.1109335,0,0,0,0,-14.1515
2023-02-23 03:00:00,-0.243525,0,0,0,0,-14.18
2023-02-23 04:00:00,-0.2449317,0,0,0,0,-14.0645
2023-02-23 05:00:00,-0.1664761,0,0,0,0,-14.18017
2023-02-23 06:00:00,1.217579,0,0,0,0,-14.15133
2023-02-23 07:00:00,324.5441,99.50834,100.8367,106.045,108.9983,422.8243
2023-02-23 08:00:00,427.5508,202.795,212.4183,220.5183,230.6933,873.8105
2023-02-23 09:00:00,562.317,874.0516,956.7632,925.2067,891.2217,3661.246
2023-02-23 10:00:00,462.1356,973.9033,975.8417,998.5018,997.9852,3909.794
2023-02-23 11:00:00,596.1912,1476.752,1505.27,1550.363,1592.1,6129.366
2023-02-23 12:00:00,459.1544,1108.045,1105.903,1127.775,1129.05,4567.484
2023-02-23 13:00:00,434.9695,998.6035,998.2117,1023.978,1033.007,4045.732
2023-02-23 14:00:00,532.9581,1243.623,1259.972,1283.172,1279.021,5055.791
2023-02-23 15:00:00,488.7693,1008.153,1006.733,1035.228,1030.893,4126.114
2023-02-23 16:00:00,134.2009,189.2684,186.645,190.3933,187.535,745.4248
2023-02-23 17:00:00,29.93086,34.78833,34.445,35.40667,35.58833,137.5128
2023-02-23 18:00:00,0.08517153,0,0,0,0,-14.14783
2023-02-23 19:00:00,-0.05501128,0,0,0,0,-13.996
2023-02-23 20:00:00,-0.03520212,0,0,0,0,-14.027
2023-02-23 21:00:00,0.05575329,0,0,0,0,-14.10233
2023-02-23 22:00:00,0.06189974,0,0,0,0,-14.125
2023-02-23 23:00:00,-0.0120341,0,0,0,0,-13.93867
2023-02-24 00:00:00,0.025076,0,0,0,0,-13.96567
2023-02-24 01:00:00,0.02305793,0,0,0,0,-14.10233
2023-02-24 02:00:00,-0.02516621,0,0,0,0,-14.0295
2023-02-24 03:00:00,-0.1009696,0,0,0,0,-14.13066
2023-02-24 04:00:00,-0.1551718,0,0,0,0,-14.05217
2023-02-24 05:00:00,-0.09405815,0,0,0,0,-14.05017
2023-02-24 06:00:00,1.335037,0,0,0,0,-10.98267
2023-02-24 07:00:00,125.5939,105.4017,105.785,107.4734,106.1666,432.1863
2023-02-24 08:00:00,288.671,430.5233,440.795,454.3017,455.3583,1782.486
2023-02-24 09:00:00,159.424,253.85,253.4216,257.1317,257.5833,1016.152
2023-02-24 10:00:00,181.9773,377.5767,375.8217,382.5866,382.01,1512.764
2023-02-24 11:00:00,215.2856,530.415,530.09,542.715,541.3633,2145.569
2023-02-24 12:00:00,349.9385,880.1999,879.23,910.0217,903.7451,3595.959
2023-02-24 13:00:00,519.048,1173.117,1178.352,1215.563,1228.475,4764.643
2023-02-24 14:00:00,265.5752,488.8734,484.2383,494.6633,495.3717,1957.371
2023-02-24 15:00:00,427.9679,748.9933,746.8583,764.4183,776.275,3071.855
2023-02-24 16:00:00,470.8991,879.9282,875.6852,897.7484,877.8683,3526.394
2023-02-24 17:00:00,73.60324,93.56001,94.21667,98.94835,96.685,398.332
2023-02-24 18:00:00,-0.03647397,0,0,0,0,-14.52367
2023-02-24 19:00:00,-0.2994596,0,0,0,0,-14
2023-02-24 20:00:00,-0.2483526,0,0,0,0,-14.0755
2023-02-24 21:00:00,-0.1264824,0,0,0,0,-14.08234
2023-02-24 22:00:00,-0.2201383,0,0,0,0,-14.10266
2023-02-24 23:00:00,-0.3835492,0,0,0,0,-14.0445
2023-02-25 00:00:00,-0.05073855,0,0,0,0,-13.96367
2023-02-25 01:00:00,-0.1029247,0,0,0,0,-14.01134
2023-02-25 02:00:00,-0.2831397,0,0,0,0,-14.02383
2023-02-25 03:00:00,-0.2023088,0,0,0,0,-13.95517
2023-02-25 04:00:00,-0.1528008,0,0,0,0,-13.98783
2023-02-25 05:00:00,-0.2734376,0,0,0,0,-13.93833
2023-02-25 06:00:00,2.205203,0,0,0,0,-6.063168
2023-02-25 07:00:00,333.7946,471.15,473.1883,484.5183,480.9434,1926.642
2023-02-25 08:00:00,739.0604,1668.168,1661.418,1701.457,1690.371,6735.714
2023-02-25 09:00:00,820.1638,1902.568,1893.427,1938.77,1927.05,7658.486
2023-02-25 10:00:00,772.3146,1811.522,1802.562,1844.653,1829.896,7271.116
2023-02-25 11:00:00,724.675,1691.075,1681.518,1719.001,1706.267,6772.757
2023-02-25 12:00:00,704.5844,1619.375,1613.736,1648.663,1637.54,6489.206
2023-02-25 13:00:00,734.296,1696.54,1691.035,1728.29,1718.741,6792.532
2023-02-25 14:00:00,785.0848,1841.5,1832.673,1870.452,1858.973,7345.362
2023-02-25 15:00:00,808.4161,1921.365,1908.396,1946.32,1936.465,7645.15
2023-02-25 16:00:00,595.23,1246.965,1250.527,1281.93,1271.67,5010.524
2023-02-25 17:00:00,96.56403,132.9084,135.9033,142.165,138.4683,558.26
2023-02-25 18:00:00,0.07689515,0,0,0,0,-14.11534
2023-02-25 19:00:00,-0.1892222,0,0,0,0,-13.94533
2023-02-25 20:00:00,-0.1614332,0,0,0,0,-13.99267
2023-02-25 21:00:00,-0.2073309,0,0,0,0,-13.89317
2023-02-25 22:00:00,-0.05153665,0,0,0,0,-13.97884
2023-02-25 23:00:00,-0.202902,0,0,0,0,-14.03617
2023-02-26 00:00:00,-0.3123004,0,0,0,0,-13.93116
2023-02-26 01:00:00,-0.1569197,0,0,0,0,-13.92433
2023-02-26 02:00:00,-0.2561459,0,0,0,0,-13.95916
2023-02-26 03:00:00,-0.1890226,0,0,0,0,-13.9645
2023-02-26 04:00:00,-0.3371244,0,0,0,0,-13.87433
2023-02-26 05:00:00,-0.1770509,0,0,0,0,-14.04483
2023-02-26 06:00:00,1.02196,0,0,0,0,-14.0435
2023-02-26 07:00:00,35.57192,0,0,0,0,52.06583
2023-02-26 08:00:00,97.62124,60.94167,55.685,56.635,69.35168,250.3283
2023-02-26 09:00:00,185.6801,288.6683,283.395,285.8383,309.3383,1162.828
2023-02-26 10:00:00,240.2282,233.2533,230.7016,235.2633,244.9583,939.4263
2023-02-26 11:00:00,320.0637,767.3083,764.0717,780.2584,764.66,3075.603
2023-02-26 12:00:00,393.5357,1016.857,1005.898,1033.776,1005.187,4046.706
2023-02-26 13:00:00,675.8229,1399.251,1440.621,1502.345,1648.98,5942.983
2023-02-26 14:00:00,647.9395,1359.265,1312.167,1349.163,1431.018,5474.588
2023-02-26 15:00:00,835.4928,1902.476,1886.248,1879.629,2093.932,7693.511
2023-02-26 16:00:00,282.8151,447.23,460.12,472.5183,501.7683,1896.106
2023-02-26 17:00:00,58.45987,67.18834,67.56833,69.64834,69.56667,279.2535
2023-02-26 18:00:00,-0.1782556,0,0,0,0,-14.33566
2023-02-26 19:00:00,-0.2513983,0,0,0,0,-13.94983
2023-02-26 20:00:00,-0.2231695,0,0,0,0,-14.047
2023-02-26 21:00:00,-0.3468519,0,0,0,0,-14.00083
2023-02-26 22:00:00,-0.1404991,0,0,0,0,-13.9965
2023-02-26 23:00:00,-0.1309228,0,0,0,0,-14.11517
2023-02-27 00:00:00,-0.09248379,0,0,0,0,-13.93183
2023-02-27 01:00:00,-0.00506191,0,0,0,0,-14.055
2023-02-27 02:00:00,-0.07137402,0,0,0,0,-13.96
2023-02-27 03:00:00,-0.2222706,0,0,0,0,-14.05467
2023-02-27 04:00:00,-0.1805092,0,0,0,0,-14.01583
2023-02-27 05:00:00,-0.0103677,0,0,0,0,-14.04367
2023-02-27 06:00:00,0.9089587,0,0,0,0,-14.00517
2023-02-27 07:00:00,26.08022,37.46667,36.845,37.92334,38.19833,166.683
2023-02-27 08:00:00,63.49063,108.8133,109.3617,111.9767,112.51,431.4822
2023-02-27 09:00:00,176.7366,316.0734,321.275,331.5383,330.0594,1288.619
2023-02-27 10:00:00,107.8758,226.855,227.8267,233.6566,236.18,918.8932
2023-02-27 11:00:00,139.0458,343.9434,335.0316,333.3983,333.4867,1340.777
2023-02-27 12:00:00,276.0741,709.1984,705.2366,715.8857,719.665,2856.623
2023-02-27 13:00:00,617.5242,1422.913,1421.104,1438.526,1451.647,5799.287
2023-02-27 14:00:00,329.1267,725.2866,718.135,735.4633,756.2051,2911.695
2023-02-27 15:00:00,406.2371,828.7433,811.7533,813.92,820.3233,3324.622
2023-02-27 16:00:00,289.6064,521.4584,513.7117,523.16,538.0033,2168.345
2023-02-27 17:00:00,43.17128,43.74667,42.87501,44.38334,45.68166,203.7523
2023-02-27 18:00:00,0.3827434,0,0,0,0,-14.489
2023-02-27 19:00:00,-0.08417123,0,0,0,0,-14.00467
2023-02-27 20:00:00,-0.2011452,0,0,0,0,-14.07283
2023-02-27 21:00:00,-0.2550781,0,0,0,0,-14.0205
2023-02-27 22:00:00,0.09984674,0,0,0,0,-13.945
2023-02-27 23:00:00,-0.05768938,0,0,0,0,-13.95234
2023-02-28 00:00:00,0.03316962,0,0,0,0,-13.954
2023-02-28 01:00:00,-0.158078,0,0,0,0,-13.96483
2023-02-28 02:00:00,-0.2509132,0,0,0,0,-14.00183
2023-02-28 03:00:00,-0.194949,0,0,0,0,-14.01517
2023-02-28 04:00:00,-0.121173,0,0,0,0,-14.06417
2023-02-28 05:00:00,0.1218454,0,0,0,0,-13.9885
2023-02-28 06:00:00,0.675332,0,0,0,0,-14.07617
2023-02-28 07:00:00,50.13755,51.00167,50.17167,54.105,56.02499,210.4233
2023-02-28 08:00:00,368.0488,567.3783,551.9434,580.6284,596.0417,2274.178
2023-02-28 09:00:00,350.7586,625.34,612.4067,632.3384,637.64,2521.305
2023-02-28 10:00:00,341.2144,754.0817,749.7266,758.2983,761.035,3029.633
2023-02-28 11:00:00,331.2763,863.9767,861.5133,876.5967,880.3799,3489.736
2023-02-28 12:00:00,565.2957,1396.457,1384.155,1400.09,1411.653,5645.281
2023-02-28 13:00:00,661.4877,1542.89,1536.505,1558.118,1560.387,6029.471
2023-02-28 14:00:00,428.5304,916.7883,928.78,935.9799,1002.557,3737.942
2023-02-28 15:00:00,208.2865,325.05,325.175,327.5683,332.4283,1302.445
2023-02-28 16:00:00,201.4452,303.0783,302.3784,306.2683,309.7716,1209.995
2023-02-28 17:00:00,,55.09666,55.18001,57.18832,56.36833,227.5725
2023-02-28 18:00:00,,0,0,0,0,-14.63717
2023-02-28 19:00:00,,0,0,0,0,-14.15933
2023-02-28 20:00:00,,0,0,0,0,-14.18466
2023-02-28 21:00:00,,0,0,0,0,-14.13267
2023-02-28 22:00:00,,0,0,0,0,-14.19133
2023-02-28 23:00:00,,0,0,0,0,-14.19734
