Four Oaks,Unnamed: 1,Unnamed: 2,Unnamed: 3,Unnamed: 4,Unnamed: 5
,,,,,
Timestamp,POA,"Eaton Power Expert 1670 1, Real power","Eaton Power Expert 1670 2, Real power","Eaton Power Expert 1670 3, Real power",Production meter active power
,W/mÂ²,kW,kW,kW,kW
2023-02-01 00:00:00,0,0,0,0,-8.128687
2023-02-01 01:00:00,0,0,0,0,-8.053234
2023-02-01 02:00:00,0,0,0,0,-7.97813
2023-02-01 03:00:00,0,0,0,0,-8.008354
2023-02-01 04:00:00,0,0,0,0,-8.236602
2023-02-01 05:00:00,0,0,0,0,-8.555968
2023-02-01 06:00:00,0,0,0,0,-8.693134
2023-02-01 07:00:00,1.998356,0.0991111,0,0,-8.703595
2023-02-01 08:00:00,20.93205,24.05063,34.02222,33.6791,68.5742
2023-02-01 09:00:00,59.436,116.681,128.245,117.7907,353.395
2023-02-01 10:00:00,83.60291,162.4669,172.3549,172.3985,463.2239
2023-02-01 11:00:00,155.718,309.3709,319.0937,321.5252,956.2379
2023-02-01 12:00:00,133.1516,266.1713,273.4077,272.14,889.0992
2023-02-01 13:00:00,108.9727,220.6051,218.83,211.394,581.64
2023-02-01 14:00:00,79.17802,147.2311,149.4922,139.2382,499.5906
2023-02-01 15:00:00,41.62434,49.5318,65.36201,50.14729,
2023-02-01 16:00:00,32.68378,28.28897,42.71875,35.82004,-10.14263
2023-02-01 17:00:00,4.833064,0.6053333,0,0.4039853,-10.16116
2023-02-01 18:00:00,0,0,0,0,-10.59915
2023-02-01 19:00:00,0,0,0,0,-9.575916
2023-02-01 20:00:00,0,0,0,0,-9.38291
2023-02-01 21:00:00,0,0,0,0,-9.655698
2023-02-01 22:00:00,0,0,0,0,-9.811436
2023-02-01 23:00:00,0,0,0,0,-9.82937
2023-02-02 00:00:00,0,0,0,0,-9.870726
2023-02-02 01:00:00,0,0,0,0,-9.898613
2023-02-02 02:00:00,0,0,0,0,-10.00854
2023-02-02 03:00:00,0,0,0,0,-9.892583
2023-02-02 04:00:00,0,0,0,0,-9.954324
2023-02-02 05:00:00,0,0,0,0,-9.974301
2023-02-02 06:00:00,0,0,0,0,-10.2325
2023-02-02 07:00:00,0.0942639,0,0,0,-9.879382
2023-02-02 08:00:00,14.83376,12.09267,13.66789,18.32676,11.91111
2023-02-02 09:00:00,43.37257,77.197,69.47795,77.57702,238.275
2023-02-02 10:00:00,37.59668,47.45644,52.666,58.4455,179.7219
2023-02-02 11:00:00,74.56815,138.0856,132.9464,139.3335,416.0008
2023-02-02 12:00:00,72.07729,152.8716,156.8024,157.455,383.1432
2023-02-02 13:00:00,116.7851,223.8859,221.0533,227.4761,639.1075
2023-02-02 14:00:00,54.18956,94.01688,91.39357,96.81604,299.6725
2023-02-02 15:00:00,58.50767,98.62848,101.9498,106.5918,267.5993
2023-02-02 16:00:00,37.01521,41.01138,41.46181,55.09214,121.6258
2023-02-02 17:00:00,4.278409,0.3988375,0,0,-9.484549
2023-02-02 18:00:00,0.00525,0,0,0,-9.336681
2023-02-02 19:00:00,0,0,0,0,-9.401771
2023-02-02 20:00:00,0,0,0,0,-9.534429
2023-02-02 21:00:00,0,0,0,0,-9.637135
2023-02-02 22:00:00,0,0,0,0,-9.768478
2023-02-02 23:00:00,0,0,0,0,-9.686129
2023-02-03 00:00:00,0,0,0,0,-9.733929
2023-02-03 01:00:00,0,0,0,0,-9.870011
2023-02-03 02:00:00,0,0,0,0,-9.913865
2023-02-03 03:00:00,0,0,0,0,-9.888806
2023-02-03 04:00:00,0,0,0,0,-9.809193
2023-02-03 05:00:00,0,0,0,0,-9.977685
2023-02-03 06:00:00,0,0,0,0,-9.904007
2023-02-03 07:00:00,2.237709,0.5067167,0.3801775,0.0003083333,-6.145574
2023-02-03 08:00:00,30.34378,44.00084,38.31641,45.91552,130.6261
2023-02-03 09:00:00,61.05414,114.1876,112.4838,114.1362,321.1006
2023-02-03 10:00:00,186.8057,373.426,381.7604,376.3253,1036.883
2023-02-03 11:00:00,445.5261,893.9329,880.6097,856.621,4869.1
2023-02-03 12:00:00,673.4752,1277.062,1286.095,1260.727,4039.724
2023-02-03 13:00:00,872.3671,1554.398,1562.614,1524.856,4785.358
2023-02-03 14:00:00,738.2039,1360.401,1364.092,1350.116,4335.009
2023-02-03 15:00:00,534.3163,968.617,986.998,993.9418,2503.842
2023-02-03 16:00:00,283.0909,445.5863,474.9753,499.9822,1522.031
2023-02-03 17:00:00,50.80906,31.77012,39.17129,40.15011,94.6778
2023-02-03 18:00:00,0.2162222,0,0,0,-9.280727
2023-02-03 19:00:00,0,0,0,0,-9.381108
2023-02-03 20:00:00,0,0,0,0,-9.851192
2023-02-03 21:00:00,0,0,0,0,-9.964082
2023-02-03 22:00:00,0,0,0,0,-10.02915
2023-02-03 23:00:00,0,0,0,0,-9.063227
2023-02-04 00:00:00,0,0,0,0,-9.48965
2023-02-04 01:00:00,0,0,0,0,-9.943579
2023-02-04 02:00:00,0,0,0,0,-9.838739
2023-02-04 03:00:00,0,0,0,0,-9.966873
2023-02-04 04:00:00,0,0,0,0,-10.1182
2023-02-04 05:00:00,0,0,0,0,-10.36736
2023-02-04 06:00:00,0,0,0,0,-10.6778
2023-02-04 07:00:00,72.04948,0,46.59158,41.68579,79.69721
2023-02-04 08:00:00,374.7806,0,586.9432,479.6855,1060.958
2023-02-04 09:00:00,614.0613,0,1246.762,1095.344,2319.11
2023-02-04 10:00:00,793.9587,0,1556.954,1460.923,2985.289
2023-02-04 11:00:00,900.2413,0,1660.234,1623.499,3279.267
2023-02-04 12:00:00,920.769,0,1667.517,1654.806,3304.543
2023-02-04 13:00:00,872.5574,0,1608.458,1573.182,3149.999
2023-02-04 14:00:00,733.4208,0,1370.11,1355.245,2677.848
2023-02-04 15:00:00,530.4808,12.83757,999.8815,1004.705,2000.81
2023-02-04 16:00:00,284.4923,0,484.3472,507.5972,989.9714
2023-02-04 17:00:00,44.38199,0,31.49711,37.6115,70.1702
2023-02-04 18:00:00,0.1006363,0,0,0,-8.463708
2023-02-04 19:00:00,0,0,0,0,-8.260385
2023-02-04 20:00:00,0,0,0,0,-8.518785
2023-02-04 21:00:00,0,0,0,0,-8.993306
2023-02-04 22:00:00,0,0,0,0,-9.131109
2023-02-04 23:00:00,0,0,0,0,-9.527521
2023-02-05 00:00:00,0,0,0,0,-9.609067
2023-02-05 01:00:00,0,0,0,0,-9.623096
2023-02-05 02:00:00,0,0,0,0,-9.736355
2023-02-05 03:00:00,0,0,0,0,-9.756919
2023-02-05 04:00:00,0,0,0,0,-9.631156
2023-02-05 05:00:00,0,0,0,0,-9.78808
2023-02-05 06:00:00,0,0,0,0,-9.954416
2023-02-05 07:00:00,15.60289,0,33.47741,18.5759,30.0419
2023-02-05 08:00:00,110.4481,0,198.3049,204.5264,393.6226
2023-02-05 09:00:00,169.8425,0,331.765,327.5277,646.2591
2023-02-05 10:00:00,194.0803,0,376.1563,374.1523,744.5385
2023-02-05 11:00:00,209.5311,0,420.9238,416.5862,827.8342
2023-02-05 12:00:00,177.3252,0,345.1964,340.688,680.6153
2023-02-05 13:00:00,106.084,0,208.1033,213.0437,421.4829
2023-02-05 14:00:00,90.39046,0,181.7032,178.0771,358.2188
2023-02-05 15:00:00,64.65123,0,116.4708,103.9486,205.7666
2023-02-05 16:00:00,34.56824,0,49.64334,38.88635,75.0263
2023-02-05 17:00:00,8.819936,0,0.6277499,1.293116,-1.849901
2023-02-05 18:00:00,0.19725,0,0,0,-8.026546
2023-02-05 19:00:00,0,0,0,0,-8.010775
2023-02-05 20:00:00,0,0,0,0,-8.006912
2023-02-05 21:00:00,0,0,0,0,-8.006438
2023-02-05 22:00:00,0,0,0,0,-8.080415
2023-02-05 23:00:00,0,0,0,0,-8.184101
2023-02-06 00:00:00,0,0,0,0,-8.385951
2023-02-06 01:00:00,0,0,0,0,-8.702805
2023-02-06 02:00:00,0,0,0,0,-8.779583
2023-02-06 03:00:00,0,0,0,0,-8.945522
2023-02-06 04:00:00,0,0,0,0,-8.929416
2023-02-06 05:00:00,0,0,0,0,-9.033236
2023-02-06 06:00:00,0,0,0,0,-9.027417
2023-02-06 07:00:00,70.15887,0,52.82103,45.53349,85.42991
2023-02-06 08:00:00,337.849,0,563.814,463.7767,1015.701
2023-02-06 09:00:00,608.9843,0,1154.708,1028.19,2158.384
2023-02-06 10:00:00,808.5361,1102.198,1461.307,1377.005,3225.714
2023-02-06 11:00:00,924.2643,1619.424,1631.687,1569.514,4772.205
2023-02-06 12:00:00,953.0198,1653.414,1659.087,1609.923,4864.954
2023-02-06 13:00:00,896.8797,1561.634,1565.806,1535.547,4595.881
2023-02-06 14:00:00,752.1756,1333.774,1333.499,1323.363,3982.444
2023-02-06 15:00:00,543.6143,945.199,957.5436,969.9971,2877.758
2023-02-06 16:00:00,292.6245,441.0529,471.1444,495.1754,1460.098
2023-02-06 17:00:00,59.40533,40.37637,47.91112,55.06734,126.8781
2023-02-06 18:00:00,0.4410556,0,0,0,-7.722322
2023-02-06 19:00:00,0,0,0,0,-7.90296
2023-02-06 20:00:00,0,0,0,0,-8.021843
2023-02-06 21:00:00,0,0,0,0,-8.095579
2023-02-06 22:00:00,0,0,0,0,-8.081476
2023-02-06 23:00:00,0,0,0,0,-8.331276
2023-02-07 00:00:00,0,0,0,0,-8.478121
2023-02-07 01:00:00,0,0,0,0,-8.710686
2023-02-07 02:00:00,0,0,0,0,-8.659787
2023-02-07 03:00:00,0,0,0,0,-8.979804
2023-02-07 04:00:00,0,0,0,0,-9.181154
2023-02-07 05:00:00,0,0,0,0,-9.246323
2023-02-07 06:00:00,0,0,0,0,-9.297952
2023-02-07 07:00:00,78.92173,74.60361,59.75118,49.33323,136.6028
2023-02-07 08:00:00,362.5074,565.0165,599.9498,503.7393,1753.638
2023-02-07 09:00:00,495.1617,923.5666,949.0831,867.4821,2324.394
2023-02-07 10:00:00,720.5804,1311.276,1318.025,1250.454,3720.672
2023-02-07 11:00:00,864.0334,1489.341,1488.062,1435.689,3843.623
2023-02-07 12:00:00,908.2764,1504.088,1489.662,1444.386,4401.136
2023-02-07 13:00:00,901.6573,1541.791,1533.823,1499.103,4495.065
2023-02-07 14:00:00,744.5146,1299.567,1291.634,1276.091,3890.301
2023-02-07 15:00:00,534.2735,925.1569,933.9007,939.9989,2732.166
2023-02-07 16:00:00,274.7701,450.1937,466.9172,482.547,1294.954
2023-02-07 17:00:00,68.79137,57.68586,72.71311,77.15624,219.4967
2023-02-07 18:00:00,0.1526439,0,0,0,-7.690572
2023-02-07 19:00:00,0,0,0,0,-7.740085
2023-02-07 20:00:00,0,0,0,0,-7.730227
2023-02-07 21:00:00,0,0,0,0,-7.861725
2023-02-07 22:00:00,0,0,0,0,-7.980165
2023-02-07 23:00:00,0,0,0,0,-8.02227
2023-02-08 00:00:00,0,0,0,0,-8.11095
2023-02-08 01:00:00,0,0,0,0,-8.135835
2023-02-08 02:00:00,0,0,0,0,-8.350323
2023-02-08 03:00:00,0,0,0,0,-8.602383
2023-02-08 04:00:00,0,0,0,0,-8.63763
2023-02-08 05:00:00,0,0,0,0,-8.916443
2023-02-08 06:00:00,0.0002167136,0,0,0,-8.921133
2023-02-08 07:00:00,63.55236,61.69476,51.14077,45.34727,129.7381
2023-02-08 08:00:00,339.0186,522.0815,549.9372,463.5113,1064.93
2023-02-08 09:00:00,584.4448,1015.44,1044.53,944.8141,3065.18
2023-02-08 10:00:00,504.1598,906.4302,907.2656,871.1731,2668.983
2023-02-08 11:00:00,485.5975,847.9738,850.1345,836.5483,2626.23
2023-02-08 12:00:00,808.4859,1389.655,1385.16,1353.517,4338.111
2023-02-08 13:00:00,811.8221,1364.308,1355.318,1331.531,3977.629
2023-02-08 14:00:00,690.0324,1194.591,1190.066,1180.649,3356.943
2023-02-08 15:00:00,469.6751,803.6979,805.2473,810.5396,2452.987
2023-02-08 16:00:00,198.5894,305.6169,312.4477,327.8177,922.7651
2023-02-08 17:00:00,29.18474,18.84447,20.14104,17.48039,86.05934
2023-02-08 18:00:00,0.1031111,0,0,0,-7.634354
2023-02-08 19:00:00,0,0,0,0,-7.489756
2023-02-08 20:00:00,0,0,0,0,-7.475315
2023-02-08 21:00:00,0,0,0,0,-7.80152
2023-02-08 22:00:00,0,0,0,0,-7.861941
2023-02-08 23:00:00,0,0,0,0,-7.976784
2023-02-09 00:00:00,0,0,0,0,-8.009566
2023-02-09 01:00:00,0,0,0,0,-7.961526
2023-02-09 02:00:00,0,0,0,0,-7.974845
2023-02-09 03:00:00,0,0,0,0,-7.921355
2023-02-09 04:00:00,0,0,0,0,-7.934058
2023-02-09 05:00:00,0,0,0,0,-7.999003
2023-02-09 06:00:00,0.02438889,0,0,0,-8.189393
2023-02-09 07:00:00,73.69675,74.2228,69.02512,58.04301,194.5894
2023-02-09 08:00:00,334.2047,532.5076,557.8083,478.4956,927.059
2023-02-09 09:00:00,341.7199,619.162,620.8386,587.9777,2432.498
2023-02-09 10:00:00,650.1396,1171.128,1171.729,1116.389,2876.221
2023-02-09 11:00:00,726.1475,1158.375,1162.955,1127.027,4553.213
2023-02-09 12:00:00,659.0198,1107.016,1127.373,1099.842,3413.291
2023-02-09 13:00:00,564.4466,903.3829,907.8019,902.81,1093.772
2023-02-09 14:00:00,511.5981,813.1332,838.7421,846.2343,2748.92
2023-02-09 15:00:00,67.65992,89.83929,95.4522,95.80437,327.3744
2023-02-09 16:00:00,52.3382,76.08949,82.7898,83.05689,226.0794
2023-02-09 17:00:00,22.64959,20.56412,20.98875,19.40295,69.7138
2023-02-09 18:00:00,0.2123889,0,0,0,-7.661325
2023-02-09 19:00:00,0,0,0,0,-7.686261
2023-02-09 20:00:00,0,0,0,0,-7.712348
2023-02-09 21:00:00,0,0,0,0,-7.814771
2023-02-09 22:00:00,0,0,0,0,-7.875973
2023-02-09 23:00:00,0,0,0,0,-7.876667
2023-02-10 00:00:00,0,0,0,0,-7.85562
2023-02-10 01:00:00,0,0,0,0,-7.906507
2023-02-10 02:00:00,0,0,0,0,-7.890426
2023-02-10 03:00:00,0,0,0,0,-7.879313
2023-02-10 04:00:00,0,0,0,0,-8.019445
2023-02-10 05:00:00,0,0,0,0,-7.897807
2023-02-10 06:00:00,0,0,0,0,-7.979631
2023-02-10 07:00:00,9.152541,12.56284,9.693462,13.05002,24.36417
2023-02-10 08:00:00,115.5527,217.9977,214.0981,195.9869,894.1208
2023-02-10 09:00:00,474.3602,876.5787,880.7144,793.5229,3239.302
2023-02-10 10:00:00,488.2082,934.1074,931.6281,927.6661,3072.183
2023-02-10 11:00:00,754.9029,1387.52,1384.845,1341.606,4046.07
2023-02-10 12:00:00,888.4637,1380.421,1404.246,1380.085,4675.004
2023-02-10 13:00:00,789.0466,1290.398,1287.315,1269.619,3917.498
2023-02-10 14:00:00,596.7334,1066.229,1057.351,1055.561,
2023-02-10 15:00:00,259.1724,451.8685,447.202,447.7242,720.1734
2023-02-10 16:00:00,56.77477,70.90545,75.91566,74.42575,215.3707
2023-02-10 17:00:00,11.15813,3.555465,3.632432,4.447175,-5.819436
2023-02-10 18:00:00,0.08922222,0,0,0,-7.702557
2023-02-10 19:00:00,0,0,0,0,-7.738605
2023-02-10 20:00:00,0,0,0,0,-7.766449
2023-02-10 21:00:00,0,0,0,0,-7.916876
2023-02-10 22:00:00,0,0,0,0,-7.891044
2023-02-10 23:00:00,0,0,0,0,-7.944557
2023-02-11 00:00:00,0,0,0,0,-8.038856
2023-02-11 01:00:00,0,0,0,0,-8.004927
2023-02-11 02:00:00,0,0,0,0,-8.115114
2023-02-11 03:00:00,0,0,0,0,-8.1101
2023-02-11 04:00:00,0,0,0,0,-8.218909
2023-02-11 05:00:00,0,0,0,0,-8.233052
2023-02-11 06:00:00,0,0,0,0,-8.301641
2023-02-11 07:00:00,6.467022,4.604978,3.025176,2.290762,-8.242634
2023-02-11 08:00:00,46.77539,78.20159,79.24065,82.65356,274.0098
2023-02-11 09:00:00,140.9602,272.5361,274.1921,272.2348,733.4221
2023-02-11 10:00:00,214.3711,415.7492,414.0631,408.5266,1086.253
2023-02-11 11:00:00,315.9158,616.166,616.126,609.3492,
2023-02-11 12:00:00,217.2567,414.8955,413.5191,409.8166,1196.806
2023-02-11 13:00:00,118.3194,224.9223,225.5117,221.7967,681.0293
2023-02-11 14:00:00,146.535,275.614,275.5379,274.2755,858.505
2023-02-11 15:00:00,126.2559,234.4902,233.5735,232.5383,654.4663
2023-02-11 16:00:00,40.3344,50.84614,46.29253,38.80264,170.6452
2023-02-11 17:00:00,7.059098,0.776251,0.9264293,1.394647,-7.743135
2023-02-11 18:00:00,0,0,0,0,-7.857142
2023-02-11 19:00:00,0,0,0,0,-7.999326
2023-02-11 20:00:00,0,0,0,0,-8.067821
2023-02-11 21:00:00,0,0,0,0,-8.173152
2023-02-11 22:00:00,0,0,0,0,-8.217175
2023-02-11 23:00:00,0,0,0,0,-8.403968
2023-02-12 00:00:00,0,0,0,0,-8.75941
2023-02-12 01:00:00,0,0,0,0,-9.130386
2023-02-12 02:00:00,0,0,0,0,-9.448207
2023-02-12 03:00:00,0,0,0,0,-9.523167
2023-02-12 04:00:00,0,0,0,0,-9.543435
2023-02-12 05:00:00,0,0,0,0,-9.43893
2023-02-12 06:00:00,0,0,0,0,-9.506451
2023-02-12 07:00:00,0.7189168,0,0,0,-9.497247
2023-02-12 08:00:00,16.94689,23.62924,25.62769,17.66129,24.62443
2023-02-12 09:00:00,45.84826,76.24213,77.03751,78.80004,249.6293
2023-02-12 10:00:00,62.56355,130.0248,127.8671,124.1971,400.816
2023-02-12 11:00:00,128.414,269.7238,270.4697,265.351,556.3821
2023-02-12 12:00:00,107.6578,228.0772,225.3062,220.8159,616.1546
2023-02-12 13:00:00,137.4066,294.9841,297.1984,297.8636,776.6328
2023-02-12 14:00:00,176.6339,364.8891,363.6655,356.4491,977.326
2023-02-12 15:00:00,82.9872,149.022,151.8096,153.5298,453.4249
2023-02-12 16:00:00,25.79567,24.4715,21.9457,25.71518,61.06711
2023-02-12 17:00:00,8.507834,0.1128889,0.2822222,1.224111,-7.866204
2023-02-12 18:00:00,0.01491667,0,0,0,-9.329663
2023-02-12 19:00:00,0,0,0,0,-9.462166
2023-02-12 20:00:00,0,0,0,0,-9.506466
2023-02-12 21:00:00,0,0,0,0,-9.588384
2023-02-12 22:00:00,0,0,0,0,-9.811006
2023-02-12 23:00:00,0,0,0,0,-9.843811
2023-02-13 00:00:00,0,0,0,0,-9.269316
2023-02-13 01:00:00,0,0,0,0,-8.598417
2023-02-13 02:00:00,0,0,0,0,-8.769577
2023-02-13 03:00:00,0,0,0,0,-9.079791
2023-02-13 04:00:00,0,0,0,0,-8.999378
2023-02-13 05:00:00,0,0,0,0,-9.00188
2023-02-13 06:00:00,0.01672222,0,0,0,-9.083241
2023-02-13 07:00:00,106.2228,94.73196,83.45952,69.6007,67.2748
2023-02-13 08:00:00,393.7315,674.1757,710.914,589.9565,2525.592
2023-02-13 09:00:00,655.4197,1202.983,1232.873,1054.472,3742.503
2023-02-13 10:00:00,854.8373,1516.522,1433.601,1403.743,4196.316
2023-02-13 11:00:00,965.9384,1621.443,1565.016,1591.331,4755.625
2023-02-13 12:00:00,851.4926,1461.055,1327.506,1429.722,4074.015
2023-02-13 13:00:00,920.9207,1532.259,1419.095,1550.627,4450.238
2023-02-13 14:00:00,782.4318,1378.171,1367.188,1361.979,4171.479
2023-02-13 15:00:00,566.8834,991.0677,997.9954,1012.073,2973.972
2023-02-13 16:00:00,313.0848,489.5655,513.4898,541.9495,1581.007
2023-02-13 17:00:00,72.96386,65.52297,70.1715,81.38766,220.9201
2023-02-13 18:00:00,0.4841447,0,0,0,-7.693749
2023-02-13 19:00:00,0,0,0,0,-7.747459
2023-02-13 20:00:00,0,0,0,0,-7.779869
2023-02-13 21:00:00,0,0,0,0,-7.871468
2023-02-13 22:00:00,0,0,0,0,-8.007322
2023-02-13 23:00:00,0,0,0,0,-8.049577
2023-02-14 00:00:00,0,0,0,0,-8.22586
2023-02-14 01:00:00,0,0,0,0,-8.311549
2023-02-14 02:00:00,0,0,0,0,-8.71104
2023-02-14 03:00:00,0,0,0,0,-8.935631
2023-02-14 04:00:00,0,0,0,0,-8.979157
2023-02-14 05:00:00,0,0,0,0,-9.062667
2023-02-14 06:00:00,0.001988839,0,0,0,-9.278314
2023-02-14 07:00:00,109.8681,98.22147,85.88686,1.548694,128.298
2023-02-14 08:00:00,404.1495,680.6474,713.7934,0,1548.603
2023-02-14 09:00:00,660.3588,1180.561,1213.317,0,2603.26
2023-02-14 10:00:00,851.8298,1483.971,1497.22,0,2814.955
2023-02-14 11:00:00,965.6639,1630.225,1629.536,810.2896,4821.78
2023-02-14 12:00:00,985.7844,1268.115,1196.896,1107.661,1490.527
2023-02-14 13:00:00,908.6225,1545.248,1533.935,1513.871,4640.04
2023-02-14 14:00:00,769.3365,1335.542,1324.769,1320.131,3544.599
2023-02-14 15:00:00,557.6318,975.7257,977.1205,993.2149,2987.01
2023-02-14 16:00:00,280.0551,436.6597,450.1595,473.6377,1427.516
2023-02-14 17:00:00,67.66956,67.49946,69.86089,74.80922,301.8787
2023-02-14 18:00:00,0.541371,0,0,0,-7.984142
2023-02-14 19:00:00,0,0,0,0,-7.824449
2023-02-14 20:00:00,0,0,0,0,-7.914186
2023-02-14 21:00:00,0,0,0,0,-8.026799
2023-02-14 22:00:00,0,0,0,0,-8.039094
2023-02-14 23:00:00,0,0,0,0,-8.027119
2023-02-15 00:00:00,0,0,0,0,-8.10663
2023-02-15 01:00:00,0,0,0,0,-8.169658
2023-02-15 02:00:00,0,0,0,0,-8.390222
2023-02-15 03:00:00,0,0,0,0,-8.220244
2023-02-15 04:00:00,0,0,0,0,-8.379198
2023-02-15 05:00:00,0,0,0,0,-8.524306
2023-02-15 06:00:00,0,0,0,0,-8.573894
2023-02-15 07:00:00,43.29674,57.41451,54.84742,51.18214,149.2283
2023-02-15 08:00:00,326.0681,430.2071,581.2125,508.4393,1843.629
2023-02-15 09:00:00,494.0124,423.2094,805.697,773.5059,2135.658
2023-02-15 10:00:00,728.2998,1368.03,1352.831,1283.619,3474.71
2023-02-15 11:00:00,794.1697,1338.669,1331.803,1296.806,4112.771
2023-02-15 12:00:00,859.1634,1482.187,1476.198,1444.639,4017.674
2023-02-15 13:00:00,845.8959,1421.338,1410.724,1392.869,4204.46
2023-02-15 14:00:00,689.0551,1190.791,1165.718,1159.917,3668.912
2023-02-15 15:00:00,449.7678,766.5998,771.2654,778.4738,1889.401
2023-02-15 16:00:00,230.4095,377.0126,387.453,401.6559,1176.068
2023-02-15 17:00:00,50.4548,43.58929,51.14576,54.41066,154.9879
2023-02-15 18:00:00,0.393647,0,0,0,-7.772846
2023-02-15 19:00:00,0,0,0,0,-7.850643
2023-02-15 20:00:00,0,0,0,0,-7.840842
2023-02-15 21:00:00,0,0,0,0,-7.87578
2023-02-15 22:00:00,0,0,0,0,-7.943054
2023-02-15 23:00:00,0,0,0,0,-7.947183
2023-02-16 00:00:00,0,0,0,0,-8.031932
2023-02-16 01:00:00,0,0,0,0,-7.950944
2023-02-16 02:00:00,0,0,0,0,-8.008314
2023-02-16 03:00:00,0,0,0,0,-8.123326
2023-02-16 04:00:00,0,0,0,0,-8.063188
2023-02-16 05:00:00,0,0,0,0,-7.947678
2023-02-16 06:00:00,0.03640917,0,0,0,-8.027985
2023-02-16 07:00:00,94.4344,107.2106,107.5767,95.02232,-7.506032
2023-02-16 08:00:00,289.7642,504.186,519.7543,466.6044,1351.425
2023-02-16 09:00:00,411.5182,740.1544,537.1276,669.5983,1538.997
2023-02-16 10:00:00,551.1953,922.8323,913.9861,879.149,3025.085
2023-02-16 11:00:00,446.5826,770.0838,774.4607,803.0014,2217.273
2023-02-16 12:00:00,560.7441,887.1605,887.4134,847.3409,2206.823
2023-02-16 13:00:00,460.5534,806.1361,535.2928,788.9614,1625.043
2023-02-16 14:00:00,557.8303,949.6702,948.1254,908.7603,2162.706
2023-02-16 15:00:00,217.7899,404.4145,387.4424,379.0125,1218.364
2023-02-16 16:00:00,235.5905,382.044,386.6489,403.9232,1163.435
2023-02-16 17:00:00,45.86864,45.92659,48.63678,56.05152,135.8712
2023-02-16 18:00:00,0.5535556,0,0,0,-7.845754
2023-02-16 19:00:00,0,0,0,0,-7.856743
2023-02-16 20:00:00,0,0,0,0,-7.8061
2023-02-16 21:00:00,0,0,0,0,-7.854679
2023-02-16 22:00:00,0,0,0,0,-7.924535
2023-02-16 23:00:00,0,0,0,0,-7.913869
2023-02-17 00:00:00,0,0,0,0,-7.930649
2023-02-17 01:00:00,0,0,0,0,-8.032878
2023-02-17 02:00:00,0,0,0,0,-7.97745
2023-02-17 03:00:00,0,0,0,0,-7.957603
2023-02-17 04:00:00,0,0,0,0,-8.089905
2023-02-17 05:00:00,0,0,0,0,-7.965875
2023-02-17 06:00:00,0.0038337,0,0,0,-7.974702
2023-02-17 07:00:00,19.04386,21.99558,17.1919,21.00224,55.37179
2023-02-17 08:00:00,50.17526,72.17745,72.1468,71.49187,409.6842
2023-02-17 09:00:00,45.98142,67.99502,55.80476,69.52544,180.0467
2023-02-17 10:00:00,96.77174,211.2074,200.4024,209.3573,576.2136
2023-02-17 11:00:00,83.75476,164.5864,162.4097,160.6225,526.6772
2023-02-17 12:00:00,180.2165,348.8692,346.2361,341.4343,900.7036
2023-02-17 13:00:00,72.9023,134.5243,135.0417,130.9707,544.3367
2023-02-17 14:00:00,99.02654,193.6369,196.2335,196.0598,526.0081
2023-02-17 15:00:00,116.16,223.3439,222.6734,223.6675,575.9584
2023-02-17 16:00:00,185.6913,316.3642,318.6365,321.078,854.981
2023-02-17 17:00:00,17.70946,13.33656,13.83091,13.70052,81.34003
2023-02-17 18:00:00,0.007777778,0,0,0,-8.095259
2023-02-17 19:00:00,0,0,0,0,-8.200286
2023-02-17 20:00:00,0,0,0,0,-8.249138
2023-02-17 21:00:00,0,0,0,0,-8.317575
2023-02-17 22:00:00,0,0,0,0,-8.663498
2023-02-17 23:00:00,0,0,0,0,-8.808908
2023-02-18 00:00:00,0,0,0,0,-9.118977
2023-02-18 01:00:00,0,0,0,0,-9.217669
2023-02-18 02:00:00,0,0,0,0,-9.332651
2023-02-18 03:00:00,0,0,0,0,-9.383488
2023-02-18 04:00:00,0,0,0,0,-9.553125
2023-02-18 05:00:00,0,0,0,0,-9.681175
2023-02-18 06:00:00,0.1116667,0,0,0,-9.60276
2023-02-18 07:00:00,129.3402,134.4462,118.4678,102.4329,303.3367
2023-02-18 08:00:00,425.9169,783.2087,820.1497,688.9973,1654.03
2023-02-18 09:00:00,665.6176,1291.173,1325.974,1220.575,3919.5
2023-02-18 10:00:00,861.3896,1600.022,1609.047,1548.043,4513.25
2023-02-18 11:00:00,993.5393,1672.826,1670.875,1666.6,4964.194
2023-02-18 12:00:00,1024.36,1672.405,1671.288,1670.323,4963.835
2023-02-18 13:00:00,959.9346,1648.102,1644.511,1634.112,4946.333
2023-02-18 14:00:00,809.3295,1442.776,1433.371,1433.546,4296.335
2023-02-18 15:00:00,593.6608,1055.793,1058.514,1081.698,3385.729
2023-02-18 16:00:00,339.1047,546.3612,564.0026,601.6337,1603.859
2023-02-18 17:00:00,90.85231,88.80386,89.58212,108.208,260.8273
2023-02-18 18:00:00,1.366159,0,0,0,-8.486502
2023-02-18 19:00:00,0,0,0,0,-7.996448
2023-02-18 20:00:00,0,0,0,0,-8.070801
2023-02-18 21:00:00,0,0,0,0,-8.127035
2023-02-18 22:00:00,0,0,0,0,-8.307178
2023-02-18 23:00:00,0,0,0,0,-8.821246
2023-02-19 00:00:00,0,0,0,0,-9.019822
2023-02-19 01:00:00,0,0,0,0,-9.017094
2023-02-19 02:00:00,0,0,0,0,-9.138089
2023-02-19 03:00:00,0,0,0,0,-9.280649
2023-02-19 04:00:00,0,0,0,0,-9.35614
2023-02-19 05:00:00,0,0,0,0,-9.201286
2023-02-19 06:00:00,0.02186111,0,0,0,-9.256939
2023-02-19 07:00:00,20.29869,33.65792,34.59275,33.62782,7.862431
2023-02-19 08:00:00,155.0616,330.4736,326.5315,320.3261,857.02
2023-02-19 09:00:00,331.9811,647.7147,640.4831,615.6413,2146.847
2023-02-19 10:00:00,676.6717,1151.696,1143.327,1090.576,3536.196
2023-02-19 11:00:00,642.5724,1008.659,1029.156,994.4688,2922.66
2023-02-19 12:00:00,486.5193,885.2722,905.0535,911.0917,2599.04
2023-02-19 13:00:00,316.642,585.1558,583.1972,572.8016,2007.76
2023-02-19 14:00:00,270.0026,492.1818,488.966,483.7425,1265.538
2023-02-19 15:00:00,179.0147,319.8692,292.1081,317.7755,878.0947
2023-02-19 16:00:00,80.1175,131.9453,128.2088,135.3994,417.3867
2023-02-19 17:00:00,39.4999,39.44809,43.45681,41.91004,117.8549
2023-02-19 18:00:00,0.4377638,0,0,0,-8.035709
2023-02-19 19:00:00,0,0,0,0,-7.839969
2023-02-19 20:00:00,0,0,0,0,-7.881743
2023-02-19 21:00:00,0,0,0,0,-7.898372
2023-02-19 22:00:00,0,0,0,0,-8.014524
2023-02-19 23:00:00,0,0,0,0,-8.065527
2023-02-20 00:00:00,0,0,0,0,-8.134127
2023-02-20 01:00:00,0,0,0,0,-8.173384
2023-02-20 02:00:00,0,0,0,0,-8.225026
2023-02-20 03:00:00,0,0,0,0,-8.249337
2023-02-20 04:00:00,0,0,0,0,-8.22843
2023-02-20 05:00:00,0,0,0,0,-8.312426
2023-02-20 06:00:00,0.01347284,0,0,0,-8.333179
2023-02-20 07:00:00,23.88247,39.64905,40.73498,32.75066,9.861854
2023-02-20 08:00:00,97.66756,196.9911,196.7817,191.2983,288.5766
2023-02-20 09:00:00,294.4322,577.1248,581.7983,567.9654,1452.732
2023-02-20 10:00:00,416.5164,786.2643,788.6125,776.5571,2703.531
2023-02-20 11:00:00,447.2813,819.9053,819.3511,803.7191,2366.038
2023-02-20 12:00:00,332.5665,587.4905,585.2998,578.4056,1867.532
2023-02-20 13:00:00,271.9116,491.1223,489.6435,483.5165,1464.107
2023-02-20 14:00:00,184.5465,324.8479,327.3418,324.0893,941.7299
2023-02-20 15:00:00,77.57502,127.2709,128.3209,128.4041,379.5695
2023-02-20 16:00:00,49.34947,69.48954,61.19557,61.11423,249.9614
2023-02-20 17:00:00,13.87679,6.048048,4.445353,5.03958,7.418341
2023-02-20 18:00:00,0.4956666,0,0,0,-7.789783
2023-02-20 19:00:00,0,0,0,0,-7.833042
2023-02-20 20:00:00,0,0,0,0,-7.913133
2023-02-20 21:00:00,0,0,0,0,-7.988386
2023-02-20 22:00:00,0,0,0,0,-8.040023
2023-02-20 23:00:00,0,0,0,0,-8.024587
2023-02-21 00:00:00,0,0,0,0,-8.050126
2023-02-21 01:00:00,0,0,0,0,-8.042837
2023-02-21 02:00:00,0,0,0,0,-8.05335
2023-02-21 03:00:00,0,0,0,0,-8.094171
2023-02-21 04:00:00,0,0,0,0,-8.065173
2023-02-21 05:00:00,0,0,0,0,-7.949167
2023-02-21 06:00:00,0,0,0,0,-8.054567
2023-02-21 07:00:00,21.8723,41.76939,44.39993,39.0366,70.10452
2023-02-21 08:00:00,222.6411,422.3231,438.9284,405.3889,609.8478
2023-02-21 09:00:00,554.8082,1052.107,1047.628,984.7384,
2023-02-21 10:00:00,834.7528,1433.342,1420.944,1366.226,
2023-02-21 11:00:00,865.6666,1485.28,1409.363,1385.751,3430.555
2023-02-21 12:00:00,566.86,1078.199,985.3786,370.132,1326.056
2023-02-21 13:00:00,601.027,1079.843,1062.887,0,1322.006
2023-02-21 14:00:00,604.2582,1050.418,1065.126,0,1896.488
2023-02-21 15:00:00,527.75,903.7411,896.6884,0,1686.922
2023-02-21 16:00:00,173.1936,347.612,345.46,0,665.3754
2023-02-21 17:00:00,49.79394,49.09768,52.89951,0,102.9455
2023-02-21 18:00:00,0.7838095,0,0,0,-7.778488
2023-02-21 19:00:00,0,0,0,0,-7.808343
2023-02-21 20:00:00,0,0,0,0,-7.842937
2023-02-21 21:00:00,0,0,0,0,-7.923184
2023-02-21 22:00:00,0,0,0,0,-7.965973
2023-02-21 23:00:00,0,0,0,0,-7.933816
2023-02-22 00:00:00,0,0,0,0,-8.067887
2023-02-22 01:00:00,0,0,0,0,-8.03406
2023-02-22 02:00:00,0,0,0,0,-8.051019
2023-02-22 03:00:00,0,0,0,0,-8.120352
2023-02-22 04:00:00,0,0,0,0,-8.198071
2023-02-22 05:00:00,0,0,0,0,-8.354945
2023-02-22 06:00:00,0.044,0,0,0,-8.101685
2023-02-22 07:00:00,57.00981,102.3801,98.98598,0,181.9677
2023-02-22 08:00:00,334.7421,605.8251,620.0944,0,1142.99
2023-02-22 09:00:00,468.4678,847.4467,866.0048,0,1814.132
2023-02-22 10:00:00,756.1769,1329.434,1315.864,157.9763,
2023-02-22 11:00:00,908.8871,1511.343,1502.826,1191.258,
2023-02-22 12:00:00,929.2534,1509.503,1458.586,1350.07,
2023-02-22 13:00:00,773.5993,1303.259,1265.926,1214.626,1767.746
2023-02-22 14:00:00,718.3617,1201.428,1182.016,1113.285,
2023-02-22 15:00:00,505.3085,878.9314,880.5421,835.6243,
2023-02-22 16:00:00,280.5124,455.2015,461.1799,454.1172,
2023-02-22 17:00:00,62.74191,63.283,64.34536,58.90527,
2023-02-22 18:00:00,2.559915,0,0,0,
2023-02-22 19:00:00,0.02222222,0,0,0,
2023-02-22 20:00:00,0,0,0,0,
2023-02-22 21:00:00,0,0,0,0,
2023-02-22 22:00:00,0,0,0,0,
2023-02-22 23:00:00,0,0,0,0,
2023-02-23 00:00:00,0,0,0,0,
2023-02-23 01:00:00,0,0,0,0,
2023-02-23 02:00:00,0,0,0,0,
2023-02-23 03:00:00,0,0,0,0,
2023-02-23 04:00:00,0,0,0,0,
2023-02-23 05:00:00,0,0,0,0,
2023-02-23 06:00:00,0.3422083,0,0,0,
2023-02-23 07:00:00,94.41949,121.6023,117.9613,97.25143,
2023-02-23 08:00:00,325.8424,558.3344,572.546,475.3253,
2023-02-23 09:00:00,548.9637,958.7949,975.2969,853.7294,
2023-02-23 10:00:00,699.5571,1206.286,1205.172,1083.822,
2023-02-23 11:00:00,800.9748,1339.071,1336.703,1220.285,
2023-02-23 12:00:00,889.182,1460.105,1465.548,1335.844,
2023-02-23 13:00:00,741.2636,1174.55,1185.021,1082.911,
2023-02-23 14:00:00,505.3812,901.1088,891.6268,820.6,
2023-02-23 15:00:00,497.8802,838.8746,835.8727,800.2783,
2023-02-23 16:00:00,256.3164,406.4776,411.8348,404.8822,
2023-02-23 17:00:00,63.19904,65.56183,60.67223,67.37653,
2023-02-23 18:00:00,1.632354,0,0,0,
2023-02-23 19:00:00,0,0,0,0,
2023-02-23 20:00:00,0,0,0,0,
2023-02-23 21:00:00,0,0,0,0,
2023-02-23 22:00:00,0,0,0,0,
2023-02-23 23:00:00,0,0,0,0,
2023-02-24 00:00:00,0.0155,0,0,0,
2023-02-24 01:00:00,0.01227778,0,0,0,
2023-02-24 02:00:00,0.02222222,0,0,0,
2023-02-24 03:00:00,0,0,0,0,
2023-02-24 04:00:00,0,0,0,0,
2023-02-24 05:00:00,0,0,0,0,
2023-02-24 06:00:00,0.5222958,0,0,0,
2023-02-24 07:00:00,105.789,149.3187,146.4901,120.175,
2023-02-24 08:00:00,354.2863,609.525,628.6712,514.3869,
2023-02-24 09:00:00,615.5608,1096.017,1117.741,976.157,
2023-02-24 10:00:00,801.8312,1398.631,1409.033,1269.099,
2023-02-24 11:00:00,947.2502,1571.663,1579.626,1464.094,
2023-02-24 12:00:00,939.4602,1560.015,1591.952,1498.457,
2023-02-24 13:00:00,905.4379,1537.836,1540.351,1429.317,
2023-02-24 14:00:00,767.9883,1328.717,1326.625,1238.507,
2023-02-24 15:00:00,570.0323,1002.065,1023.554,973.0853,
2023-02-24 16:00:00,238.6283,386.3299,398.5541,379.9443,
2023-02-24 17:00:00,39.46819,40.57529,36.7211,38.50953,
2023-02-24 18:00:00,0.5304615,0,0,0,
2023-02-24 19:00:00,0,0,0,0,
2023-02-24 20:00:00,0,0,0,0,
2023-02-24 21:00:00,0,0,0,0,
2023-02-24 22:00:00,0,0,0,0,
2023-02-24 23:00:00,0,0,0,0,
2023-02-25 00:00:00,0,0,0,0,
2023-02-25 01:00:00,0,0,0,0,
2023-02-25 02:00:00,0,0,0,0,
2023-02-25 03:00:00,0,0,0,0,
2023-02-25 04:00:00,0,0,0,0,
2023-02-25 05:00:00,0,0,0,0,
2023-02-25 06:00:00,0,0,0,0,
2023-02-25 07:00:00,9.895934,18.67129,17.48954,8.641217,
2023-02-25 08:00:00,52.71679,94.66552,86.58279,77.19099,
2023-02-25 09:00:00,101.4778,207.0105,205.8331,190.2637,
2023-02-25 10:00:00,118.3361,215.0081,216.6792,198.0092,
2023-02-25 11:00:00,71.41207,131.9154,130.9699,124.6744,
2023-02-25 12:00:00,83.38424,172.6465,174.1091,163.2933,
2023-02-25 13:00:00,63.31194,114.3916,114.4919,101.7862,
2023-02-25 14:00:00,42.36634,70.86259,55.89368,59.45623,
2023-02-25 15:00:00,28.78929,39.18467,40.34391,34.99608,
2023-02-25 16:00:00,16.95374,14.51355,9.001487,14.86917,
2023-02-25 17:00:00,7.213333,4.0548,2.981875,0.86688,
2023-02-25 18:00:00,0.08633333,0,0,0,
2023-02-25 19:00:00,0,0,0,0,
2023-02-25 20:00:00,0,0,0,0,
2023-02-25 21:00:00,0,0,0,0,
2023-02-25 22:00:00,0,0,0,0,
2023-02-25 23:00:00,0,0,0,0,
2023-02-26 00:00:00,0,0,0,0,
2023-02-26 01:00:00,0,0,0,0,
2023-02-26 02:00:00,0,0,0,0,
2023-02-26 03:00:00,0,0,0,0,
2023-02-26 04:00:00,0,0,0,0,
2023-02-26 05:00:00,0,0,0,0,
2023-02-26 06:00:00,0.01963889,0,0,0,
2023-02-26 07:00:00,19.48632,34.2194,30.23062,27.44122,
2023-02-26 08:00:00,67.60353,136.2014,133.1248,122.6221,
2023-02-26 09:00:00,179.5246,361.7902,356.843,330.3947,
2023-02-26 10:00:00,183.4731,347.5473,349.2167,327.7921,
2023-02-26 11:00:00,110.1119,204.7962,206.2159,188.3879,
2023-02-26 12:00:00,152.5978,300.0407,304.7443,281.2415,
2023-02-26 13:00:00,152.5739,296.5803,292.9443,267.404,
2023-02-26 14:00:00,115.9089,214.5102,213.6696,195.303,
2023-02-26 15:00:00,83.58077,152.7195,152.0727,140.8319,
2023-02-26 16:00:00,62.03577,101.6359,100.3224,90.04995,
2023-02-26 17:00:00,24.17266,25.55136,27.99771,21.62935,
2023-02-26 18:00:00,0.6763333,0,0,0,
2023-02-26 19:00:00,0,0,0,0,
2023-02-26 20:00:00,0,0,0,0,
2023-02-26 21:00:00,0,0,0,0,
2023-02-26 22:00:00,0,0,0,0,
2023-02-26 23:00:00,0,0,0,0,
2023-02-27 00:00:00,0,0,0,0,
2023-02-27 01:00:00,0,0,0,0,
2023-02-27 02:00:00,0,0,0,0,
2023-02-27 03:00:00,0,0,0,0,
2023-02-27 04:00:00,0,0,0,0,
2023-02-27 05:00:00,0,0,0,0,
2023-02-27 06:00:00,0.4004723,0,0.01590611,0,
2023-02-27 07:00:00,35.1881,41.22343,57.66122,52.2169,
2023-02-27 08:00:00,138.558,267.4524,272.7412,245.2451,
2023-02-27 09:00:00,392.8597,741.7813,743.2533,682.0715,
2023-02-27 10:00:00,504.7083,861.8939,887.1356,819.7451,
2023-02-27 11:00:00,835.7048,1431.991,1415.527,1300.526,
2023-02-27 12:00:00,339.8238,584.5206,578.5163,524.6196,1849.052
2023-02-27 13:00:00,700.1629,1205.624,1213.734,1138.621,3420.129
2023-02-27 14:00:00,555.4858,900.2165,905.8681,834.5594,3316.656
2023-02-27 15:00:00,349.3531,590.95,593.7208,533.2894,1613.457
2023-02-27 16:00:00,182.6206,325.2675,330.2885,319.2881,839.9175
2023-02-27 17:00:00,35.7353,33.76995,30.72424,36.4709,75.06111
2023-02-27 18:00:00,0.4757391,0,0,0,-7.799916
2023-02-27 19:00:00,0,0,0,0,-7.843854
2023-02-27 20:00:00,0.04641667,0,0,0,-7.877042
2023-02-27 21:00:00,0,0,0,0,-7.877866
2023-02-27 22:00:00,0,0,0,0,-7.936002
2023-02-27 23:00:00,0,0,0,0,-7.907081
2023-02-28 00:00:00,0.02330556,0,0,0,-7.986185
2023-02-28 01:00:00,0,0,0,0,-7.984676
2023-02-28 02:00:00,0,0,0,0,-8.111687
2023-02-28 03:00:00,0,0,0,0,-8.047603
2023-02-28 04:00:00,0,0,0,0,-7.962833
2023-02-28 05:00:00,0,0,0,0,-7.93518
2023-02-28 06:00:00,0.790133,0,0,0.1910456,-7.91045
2023-02-28 07:00:00,164.3643,221.2591,215.3965,173.0731,469.0196
2023-02-28 08:00:00,323.2856,541.076,552.958,469.851,1338.636
2023-02-28 09:00:00,449.0293,752.9318,748.2946,663.3766,1926.118
2023-02-28 10:00:00,752.2936,1240.184,1260.747,1148.438,3638.346
2023-02-28 11:00:00,872.0515,1456.895,1451.805,1339.255,4094.358
2023-02-28 12:00:00,1017.249,1661.259,1656.368,1531.459,4790.08
2023-02-28 13:00:00,951.3471,1571.22,1561.967,1453.379,4532.115
2023-02-28 14:00:00,798.5876,1354.597,1347.473,1261.797,3920.782
2023-02-28 15:00:00,583.5201,998.4418,995.9192,948.8433,2951.622
2023-02-28 16:00:00,334.4353,529.4447,537.3588,534.4249,1604
2023-02-28 17:00:00,102.0376,103.4869,103.7192,110.7892,325.6139
2023-02-28 18:00:00,2.546802,0,0,0,-7.763593
2023-02-28 19:00:00,0,0,0,0,-7.834787
2023-02-28 20:00:00,0,0,0,0,-7.849239
2023-02-28 21:00:00,0,0,0,0,-7.804619
2023-02-28 22:00:00,0,0,0,0,-7.922393
2023-02-28 23:00:00,0,0,0,0,-8.029664
