Turkey Hill Solar,Unnamed: 1,Unnamed: 2,Unnamed: 3,Unnamed: 4,Unnamed: 5,Unnamed: 6
,,,,,,
Timestamp,POA*,"TMEIC 2.7MW Inverter 1.1.1, Active Power P","TMEIC 2.7MW Inverter 1.2.1, Active Power P","TMEIC 2.7MW Inverter 1.3.1, Active Power P","TMEIC 2.7MW Inverter 1.4.1, Active Power P",Production meter active power
,W/mÂ²,kW,kW,kW,kW,kW
2023-01-01 00:00:00,-0.194432,0,0,0,0,-14.665
2023-01-01 01:00:00,-0.2144904,0,0,0,0,-14.57783
2023-01-01 02:00:00,-0.199228,0,0,0,0,-14.70267
2023-01-01 03:00:00,-0.2444197,0,0,0,0,-14.84717
2023-01-01 04:00:00,-0.1294336,0,0,0,0,-14.84233
2023-01-01 05:00:00,-0.22864,0,0,0,0,-14.81717
2023-01-01 06:00:00,-0.2184831,0,0,0,0,-14.7305
2023-01-01 07:00:00,6.444307,1.406667,1.698334,1.565,1.401667,30.528
2023-01-01 08:00:00,234.1099,350.9134,383.4849,396.8149,380.1133,1509.982
2023-01-01 09:00:00,690.1862,1672.127,1745.593,1818.848,1776.976,7002.029
2023-01-01 10:00:00,559.4081,1423.71,1394.589,1412.198,1376.832,5586.783
2023-01-01 11:00:00,508.6242,1405.287,1424.358,1442.156,1390.067,5643.749
2023-01-01 12:00:00,489.6893,1393.984,1409.23,1425.759,1375.987,5585.164
2023-01-01 13:00:00,596.0074,1556.522,1569.384,1590.943,1535.552,6227.188
2023-01-01 14:00:00,727.4839,1776.762,1787.323,1820.53,1757.402,7104.861
2023-01-01 15:00:00,529.2599,1150.707,1143.342,1174.507,1109.578,4541.253
2023-01-01 16:00:00,45.7211,86.35999,82.53835,87.04166,82.36166,342.4386
2023-01-01 17:00:00,-0.184185,0,0,0,0,-14.62767
2023-01-01 18:00:00,-0.2287247,0,0,0,0,-14.7115
2023-01-01 19:00:00,-0.2208802,0,0,0,0,-14.75167
2023-01-01 20:00:00,-0.2630537,0,0,0,0,-14.68883
2023-01-01 21:00:00,-0.2021037,0,0,0,0,-14.64717
2023-01-01 22:00:00,-0.0630222,0,0,0,0,-14.6005
2023-01-01 23:00:00,-0.250009,0,0,0,0,-14.64017
2023-01-02 00:00:00,-0.2165145,0,0,0,0,-14.61241
2023-01-02 01:00:00,-0.1814783,0,0,0,0,-14.62867
2023-01-02 02:00:00,-0.1824705,0,0,0,0,-14.65434
2023-01-02 03:00:00,-0.08876374,0,0,0,0,-14.63834
2023-01-02 04:00:00,-0.25124,0,0,0,0,-14.53967
2023-01-02 05:00:00,-0.1380493,0,0,0,0,-14.70133
2023-01-02 06:00:00,-0.1982798,0,0,0,0,-14.7855
2023-01-02 07:00:00,7.966771,1.835,1.94,1.693334,1.446667,33.89483
2023-01-02 08:00:00,145.6485,156.3533,157.5817,157.3183,151.7267,611.919
2023-01-02 09:00:00,408.9881,839.8365,847.3483,853.7166,818.9949,3326.715
2023-01-02 10:00:00,234.9538,530.4625,536.4116,542.0684,524.3184,2118.217
2023-01-02 11:00:00,399.041,1111.33,1133.605,1157.818,1121.228,4547.184
2023-01-02 12:00:00,347.825,989.73,999.8032,1010.527,974.0434,3987.677
2023-01-02 13:00:00,261.8968,651.6468,664.8734,679.3634,655.6501,2611.18
2023-01-02 14:00:00,44.40414,103.9083,105.295,104.0367,100.295,410.8822
2023-01-02 15:00:00,29.35676,0,0,0,0,40.30283
2023-01-02 16:00:00,15.04381,0,0,0,0,-14.2785
2023-01-02 17:00:00,-0.1766352,0,0,0,0,-14.65333
2023-01-02 18:00:00,-0.1877837,0,0,0,0,-14.74517
2023-01-02 19:00:00,-0.2244032,0,0,0,0,-14.79434
2023-01-02 20:00:00,-0.2015636,0,0,0,0,-14.92033
2023-01-02 21:00:00,-0.2323923,0,0,0,0,-14.77184
2023-01-02 22:00:00,-0.1072218,0,0,0,0,-14.76233
2023-01-02 23:00:00,-0.1949531,0,0,0,0,-14.7755
2023-01-03 00:00:00,-0.2063781,0,0,0,0,-14.90504
2023-01-03 01:00:00,-0.1792671,0,0,0,0,-14.8905
2023-01-03 02:00:00,-0.1258287,0,0,0,0,-14.88133
2023-01-03 03:00:00,-0.0006647067,0,0,0,0,-14.8555
2023-01-03 04:00:00,-0.1616106,0,0,0,0,-14.797
2023-01-03 05:00:00,-0.02314832,0,0,0,0,-14.72983
2023-01-03 06:00:00,-0.2955842,0,0,0,0,-14.6255
2023-01-03 07:00:00,8.912138,0,0,0,0,-14.79667
2023-01-03 08:00:00,236.906,0,0,0,0,63.04401
2023-01-03 09:00:00,249.0479,18.15333,18.94333,20.25833,21.00667,148.2155
2023-01-03 10:00:00,256.9922,72.18667,71.80833,74.98167,75.35833,280.9417
2023-01-03 11:00:00,357.396,172.8316,173.6783,186.0567,194.04,722.7487
2023-01-03 12:00:00,283.8898,558.8833,621.8766,680.5983,680.7849,2532.533
2023-01-03 13:00:00,258.0174,658.9133,670.245,679.3267,655.97,2657.028
2023-01-03 14:00:00,145.4948,294.9183,292.765,287.0717,271.6017,1125.5
2023-01-03 15:00:00,248.3541,380.8267,418.0683,422.615,402.175,1608.994
2023-01-03 16:00:00,40.18228,47.52,48.74168,50.15833,49.28001,207.3257
2023-01-03 17:00:00,-0.07447868,0,0,0,0,-14.54867
2023-01-03 18:00:00,-0.09019301,0,0,0,0,-14.63133
2023-01-03 19:00:00,-0.1666091,0,0,0,0,-14.6055
2023-01-03 20:00:00,-0.09341722,0,0,0,0,-14.6375
2023-01-03 21:00:00,-0.1626934,0,0,0,0,-14.72134
2023-01-03 22:00:00,-0.1753923,0,0,0,0,-14.54017
2023-01-03 23:00:00,-0.1730364,0,0,0,0,-14.50917
2023-01-04 00:00:00,-0.155367,0,0,0,0,-14.45517
2023-01-04 01:00:00,-0.153009,0,0,0,0,-14.48116
2023-01-04 02:00:00,-0.1787605,0,0,0,0,-14.54433
2023-01-04 03:00:00,-0.1810614,0,0,0,0,-14.53
2023-01-04 04:00:00,-0.1754014,0,0,0,0,-14.47666
2023-01-04 05:00:00,-0.1489257,0,0,0,0,-14.56983
2023-01-04 06:00:00,-0.1280016,0,0,0,0,-14.56983
2023-01-04 07:00:00,3.123842,0,0,0,0,-14.72567
2023-01-04 08:00:00,8.864759,0,0,0,0,56.09733
2023-01-04 09:00:00,19.97536,32.52666,33.815,33.08333,30.74833,177.9248
2023-01-04 10:00:00,134.8746,335.9467,341.0917,343.0016,330.1383,1341.1
2023-01-04 11:00:00,138.3032,407.64,413.1,417.74,404.3118,1633.357
2023-01-04 12:00:00,110.3971,347.18,351.7233,354.5433,343.815,1384.328
2023-01-04 13:00:00,91.89352,251.115,254.2417,253.6683,245.2867,994.1246
2023-01-04 14:00:00,97.72262,194.4433,197.2583,195.4966,190.2817,765.6458
2023-01-04 15:00:00,50.5854,103.8533,105.6483,105.8567,103.745,402.6275
2023-01-04 16:00:00,9.90945,1.436666,1.29,1.155,0.9933332,43.02766
2023-01-04 17:00:00,-0.07737137,0,0,0,0,-14.47034
2023-01-04 18:00:00,-0.04173377,0,0,0,0,-14.56734
2023-01-04 19:00:00,-0.009425233,0,0,0,0,-14.73083
2023-01-04 20:00:00,0.03106223,0,0,0,0,-14.7075
2023-01-04 21:00:00,-0.01787333,0,0,0,0,-14.55116
2023-01-04 22:00:00,-0.1122889,0,0,0,0,-14.72917
2023-01-04 23:00:00,-0.07384197,0,0,0,0,-14.70617
2023-01-05 00:00:00,-0.02381708,0,0,0,0,-14.82267
2023-01-05 01:00:00,0.2146173,0,0,0,0,-14.8245
2023-01-05 02:00:00,0.1315724,0,0,0,0,-14.86433
2023-01-05 03:00:00,-0.1070699,0,0,0,0,-14.9075
2023-01-05 04:00:00,-0.07492217,0,0,0,0,-14.901
2023-01-05 05:00:00,-0.09710444,0,0,0,0,-14.76567
2023-01-05 06:00:00,-0.05458604,0,0,0,0,-14.57267
2023-01-05 07:00:00,5.435054,4.625,4.668333,4.676668,3.23,18.833
2023-01-05 08:00:00,44.53279,68.85165,68.93334,68.59,66.79665,284.9877
2023-01-05 09:00:00,81.33041,154.6233,156.6633,157.375,153.5434,610.7208
2023-01-05 10:00:00,255.9696,597.7367,532.915,606.6767,589.525,2366.469
2023-01-05 11:00:00,295.9555,835.1366,514.5983,861.5966,841.1033,3081.555
2023-01-05 12:00:00,145.789,459.3534,467.7433,475.0683,464.45,1849.244
2023-01-05 13:00:00,252.8528,672.6816,667.27,678.2501,671.5632,2690.407
2023-01-05 14:00:00,565.5669,1278.968,1302.233,1326.251,1300.768,5230.105
2023-01-05 15:00:00,549.61,1003.632,1070.733,1115.2,1083.667,4260.465
2023-01-05 16:00:00,50.1408,67.525,68.95,70.50832,67.23833,278.697
2023-01-05 17:00:00,-0.03016854,0,0,0,0,-14.44283
2023-01-05 18:00:00,-0.2072077,0,0,0,0,-14.4835
2023-01-05 19:00:00,-0.2211362,0,0,0,0,-14.56733
2023-01-05 20:00:00,-0.1638938,0,0,0,0,-14.65516
2023-01-05 21:00:00,-0.274721,0,0,0,0,-14.46467
2023-01-05 22:00:00,-0.1233317,0,0,0,0,-14.52317
2023-01-05 23:00:00,-0.1931977,0,0,0,0,-14.38066
2023-01-06 00:00:00,-0.0525951,0,0,0,0,-14.43834
2023-01-06 01:00:00,-0.1271194,0,0,0,0,-14.4605
2023-01-06 02:00:00,-0.1226951,0,0,0,0,-14.49667
2023-01-06 03:00:00,-0.1862481,0,0,0,0,-14.4615
2023-01-06 04:00:00,-0.1574708,0,0,0,0,-14.5365
2023-01-06 05:00:00,-0.2035397,0,0,0,0,-14.7125
2023-01-06 06:00:00,-0.1759237,0,0,0,0,-14.72083
2023-01-06 07:00:00,7.171068,6.578332,7.79,6.838333,6.208333,42.20199
2023-01-06 08:00:00,361.5821,483.3917,511.02,513.27,499.6167,2012.077
2023-01-06 09:00:00,393.4522,759.4399,764.6817,763.0383,726.3517,2989.348
2023-01-06 10:00:00,348.6791,806.8234,824.1875,827.325,800.6317,3245.855
2023-01-06 11:00:00,112.8366,338.395,341.3317,342.8433,330.9833,1340.201
2023-01-06 12:00:00,153.7319,491.5703,499.3217,503.2284,487.385,1972.606
2023-01-06 13:00:00,115.9017,305.6117,309.3716,308.7567,298.2033,1208.753
2023-01-06 14:00:00,66.90789,145.9617,148.22,147.74,143.9783,571.7805
2023-01-06 15:00:00,27.87486,72.91833,73.66,73.37167,71.75667,275.168
2023-01-06 16:00:00,15.09723,17.355,17.43333,17.46,16.39334,75.5935
2023-01-06 17:00:00,-0.0520498,0,0,0,0,-14.5515
2023-01-06 18:00:00,-0.05456819,0,0,0,0,-14.71217
2023-01-06 19:00:00,-0.04000213,0,0,0,0,-14.6715
2023-01-06 20:00:00,-0.08129727,0,0,0,0,-14.5095
2023-01-06 21:00:00,-0.08105704,0,0,0,0,-14.57083
2023-01-06 22:00:00,-0.09569642,0,0,0,0,-14.57517
2023-01-06 23:00:00,-0.1164102,0,0,0,0,-14.44367
2023-01-07 00:00:00,-0.04885897,0,0,0,0,-14.43217
2023-01-07 01:00:00,-0.1436696,0,0,0,0,-14.46667
2023-01-07 02:00:00,-0.09213067,0,0,0,0,-14.5205
2023-01-07 03:00:00,-0.02353347,0,0,0,0,-14.55517
2023-01-07 04:00:00,-0.1070024,0,0,0,0,-14.53367
2023-01-07 05:00:00,0.05669963,0,0,0,0,-14.561
2023-01-07 06:00:00,-0.0065733,0,0,0,0,-14.514
2023-01-07 07:00:00,4.063147,0,0,0,0,-13.991
2023-01-07 08:00:00,18.0783,42.59833,41.50834,41.73167,40.125,170.3873
2023-01-07 09:00:00,30.85008,73.03,72.78834,73.18333,72.00833,274.581
2023-01-07 10:00:00,120.3998,278.555,283.7167,288.515,282.86,1130.866
2023-01-07 11:00:00,107.9607,302.9333,309.9684,316.145,310.1034,1227.074
2023-01-07 12:00:00,75.37537,227.0567,236.0433,244.7016,244.83,941.1694
2023-01-07 13:00:00,49.95188,142.7233,146.6434,149.1817,147.6733,573.6213
2023-01-07 14:00:00,66.54475,145.1266,147.6883,147.8316,144.535,571.4563
2023-01-07 15:00:00,47.94442,90.25333,91.24998,90.07832,84.12999,360.9317
2023-01-07 16:00:00,12.00858,10.77333,11.11833,10.285,9.72,62.18917
2023-01-07 17:00:00,-0.01646753,0,0,0,0,-14.50717
2023-01-07 18:00:00,-0.008314166,0,0,0,0,-14.58083
2023-01-07 19:00:00,-0.0449184,0,0,0,0,-14.62683
2023-01-07 20:00:00,-0.06986848,0,0,0,0,-14.65667
2023-01-07 21:00:00,-0.0682878,0,0,0,0,-14.71117
2023-01-07 22:00:00,-0.00859636,0,0,0,0,-14.70867
2023-01-07 23:00:00,-0.02195947,0,0,0,0,-14.79017
2023-01-08 00:00:00,-0.1192297,0,0,0,0,-14.55233
2023-01-08 01:00:00,0.1275191,0,0,0,0,-14.52383
2023-01-08 02:00:00,-0.1504419,0,0,0,0,-14.5525
2023-01-08 03:00:00,-0.1675362,0,0,0,0,-14.822
2023-01-08 04:00:00,-0.00921647,0,0,0,0,-14.74267
2023-01-08 05:00:00,-0.02695627,0,0,0,0,-14.599
2023-01-08 06:00:00,-0.0185613,0,0,0,0,-14.62784
2023-01-08 07:00:00,5.343854,0,1.658333,1.578333,0,14.42617
2023-01-08 08:00:00,78.68964,95.18502,100.3017,102.6083,100.1133,400.9981
2023-01-08 09:00:00,236.3374,391.32,376.7967,385.4317,380.8067,1534.923
2023-01-08 10:00:00,607.894,1623.555,1643.71,1667.355,1566.085,6578.974
2023-01-08 11:00:00,483.0884,1479.653,1529.783,1540.895,1455.578,5944.243
2023-01-08 12:00:00,398.6286,1186.018,1204.628,1232.962,1184.33,4721.352
2023-01-08 13:00:00,249.9041,674.7067,703.8066,749.2,762.3384,2895.938
2023-01-08 14:00:00,554.2484,1201.815,1210.533,1210.922,1164.468,4819.933
2023-01-08 15:00:00,330.6117,493.2883,520.78,532.515,548.4017,2088.948
2023-01-08 16:00:00,85.26147,160.235,155.7317,163.6667,156.3884,649.7671
2023-01-08 17:00:00,0.06898667,0,0,0,0,-14.53633
2023-01-08 18:00:00,-0.131978,0,0,0,0,-14.58667
2023-01-08 19:00:00,-0.1750326,0,0,0,0,-14.46716
2023-01-08 20:00:00,-0.1300633,0,0,0,0,-14.46783
2023-01-08 21:00:00,-0.1432332,0,0,0,0,-14.55833
2023-01-08 22:00:00,-0.1106076,0,0,0,0,-14.54633
2023-01-08 23:00:00,-0.1269966,0,0,0,0,-14.4235
2023-01-09 00:00:00,-0.0677638,0,0,0,0,-14.36362
2023-01-09 01:00:00,0.01651517,0,0,0,0,-14.35383
2023-01-09 02:00:00,-0.04004317,0,0,0,0,-14.368
2023-01-09 03:00:00,-0.05901986,0,0,0,0,-14.37217
2023-01-09 04:00:00,-0.1172884,0,0,0,0,-14.58683
2023-01-09 05:00:00,-0.1486066,0,0,0,0,-14.50567
2023-01-09 06:00:00,-0.1432756,0,0,0,0,-14.48817
2023-01-09 07:00:00,1.101209,0,0,0,0,-14.48817
2023-01-09 08:00:00,6.389685,0.5116668,0.6483333,1.461667,0,10.203
2023-01-09 09:00:00,63.81336,134.215,135.06,135.6534,0,390.4453
2023-01-09 10:00:00,198.2307,493.2683,495.1683,499.455,8.625,1514.209
2023-01-09 11:00:00,453.8841,1247.087,1262.719,1258.098,1164.812,4953.458
2023-01-09 12:00:00,263.3352,835.5801,830.5049,839.7318,827.13,3367.986
2023-01-09 13:00:00,621.3112,1601.415,1617.298,1634.036,1575.127,6385.488
2023-01-09 14:00:00,615.5004,1363.825,1441.063,1501.775,1482.323,5762.411
2023-01-09 15:00:00,682.7385,1532.36,1518.858,1532.843,1479.266,6022.413
2023-01-09 16:00:00,92.62645,190,183.1617,191.0417,184.67,756.3221
2023-01-09 17:00:00,0.1492319,0,0,0,0,-14.63983
2023-01-09 18:00:00,-0.198552,0,0,0,0,-14.52993
2023-01-09 19:00:00,-0.2176746,0,0,0,0,-14.51667
2023-01-09 20:00:00,-0.2417427,0,0,0,0,-14.64034
2023-01-09 21:00:00,-0.2252855,0,0,0,0,-14.43983
2023-01-09 22:00:00,-0.2434842,0,0,0,0,-14.51417
2023-01-09 23:00:00,-0.1586105,0,0,0,0,-14.4695
2023-01-10 00:00:00,-0.187673,0,0,0,0,-14.38
2023-01-10 01:00:00,-0.1762603,0,0,0,0,-14.39983
2023-01-10 02:00:00,-0.2380746,0,0,0,0,-14.39117
2023-01-10 03:00:00,-0.1797362,0,0,0,0,-14.51283
2023-01-10 04:00:00,-0.1869045,0,0,0,0,-14.5425
2023-01-10 05:00:00,-0.1078728,0,0,0,0,-14.50222
2023-01-10 06:00:00,0.1136452,0,0,0,0,-14.60183
2023-01-10 07:00:00,6.52944,0,0,0,0,-0.1018325
2023-01-10 08:00:00,150.7051,172.235,176.1317,178.2333,174.4217,697.9831
2023-01-10 09:00:00,656.7195,1270.597,1346.133,1360.766,1265.942,5080.825
2023-01-10 10:00:00,260.6245,586.3284,571.4867,573.3617,552.3267,2300.251
2023-01-10 11:00:00,165.9517,476.1767,480.4433,479.1754,464.0034,1863.3
2023-01-10 12:00:00,85.56538,258.1083,264.1583,269.4333,262.4033,1042.372
2023-01-10 13:00:00,195.0163,531.165,538.8417,535.83,517.4266,2123.447
2023-01-10 14:00:00,339.8055,563.5004,577.5072,591.0333,576.2469,2395.5
2023-01-10 15:00:00,564.7389,1036.215,1055.92,1074.805,1035.973,4273.829
2023-01-10 16:00:00,76.97125,102.715,103.0333,107.7667,105.5566,427.291
2023-01-10 17:00:00,0.1573588,0,0,0,0,-14.52933
2023-01-10 18:00:00,-0.1168117,0,0,0,0,-14.5225
2023-01-10 19:00:00,-0.1382885,0,0,0,0,-14.57367
2023-01-10 20:00:00,-0.1414383,0,0,0,0,-14.67267
2023-01-10 21:00:00,-0.1309473,0,0,0,0,-14.6975
2023-01-10 22:00:00,-0.1276047,0,0,0,0,-14.765
2023-01-10 23:00:00,-0.1120259,0,0,0,0,-14.48083
2023-01-11 00:00:00,-0.1335193,0,0,0,0,-14.37121
2023-01-11 01:00:00,-0.1531608,0,0,0,0,-14.40217
2023-01-11 02:00:00,-0.09391992,0,0,0,0,-14.43017
2023-01-11 03:00:00,-0.1387928,0,0,0,0,-14.40408
2023-01-11 04:00:00,-0.1368833,0,0,0,0,-14.58033
2023-01-11 05:00:00,-0.1461739,0,0,0,0,-14.596
2023-01-11 06:00:00,-0.1180283,0,0,0,0,-14.639
2023-01-11 07:00:00,4.02444,0,0,0,0,-14.537
2023-01-11 08:00:00,8.809856,3.925,4.355,3.956667,3.846668,52.32716
2023-01-11 09:00:00,22.9815,23.765,27.68167,25.54167,15.38333,154.741
2023-01-11 10:00:00,52.91347,113.0183,118.3,118.515,106.2217,448.9835
2023-01-11 11:00:00,143.0726,433.3617,443.1705,447.6766,431.65,1745.989
2023-01-11 12:00:00,174.3359,551.7667,559.4067,561.5117,542.0717,2207.271
2023-01-11 13:00:00,84.77096,239.7117,242.3867,242.355,234.4683,945.1938
2023-01-11 14:00:00,28.68012,73.53667,74.26167,73.55666,71.90166,278.2055
2023-01-11 15:00:00,21.2277,53.05167,53.29667,52.69333,51.37334,207.1763
2023-01-11 16:00:00,7.080286,2.4,2.326667,2.318333,0.605,40.77184
2023-01-11 17:00:00,-0.0206508,0,0,0,0,-14.64599
2023-01-11 18:00:00,-0.01182107,0,0,0,0,-14.67833
2023-01-11 19:00:00,-0.1034307,0,0,0,0,-14.57817
2023-01-11 20:00:00,-0.01536267,0,0,0,0,-14.41167
2023-01-11 21:00:00,-0.001357033,0,0,0,0,-14.57033
2023-01-11 22:00:00,0.01314163,0,0,0,0,-14.6435
2023-01-11 23:00:00,-0.08819022,0,0,0,0,-14.7755
2023-01-12 00:00:00,-0.1095794,0,0,0,0,-14.70271
2023-01-12 01:00:00,-0.09653842,0,0,0,0,-14.67967
2023-01-12 02:00:00,-0.03983887,0,0,0,0,-14.76983
2023-01-12 03:00:00,-0.05684977,0,0,0,0,-14.54743
2023-01-12 04:00:00,-0.005680667,0,0,0,0,-14.516
2023-01-12 05:00:00,-0.06668316,0,0,0,0,-14.39283
2023-01-12 06:00:00,-0.1208939,0,0,0,0,-14.60433
2023-01-12 07:00:00,6.341145,0,0,0,0,-11.90033
2023-01-12 08:00:00,23.7924,47.04333,47.37833,47.42833,46.4,204.4942
2023-01-12 09:00:00,102.8046,181.255,183.67,185.8083,181.24,717.8127
2023-01-12 10:00:00,66.64873,165.725,167.755,169.9716,166.1933,655.3806
2023-01-12 11:00:00,60.77919,186.2767,186.09,185.23,177.6867,721.7021
2023-01-12 12:00:00,74.49137,235.3733,238.2616,239.6083,232.355,932.5831
2023-01-12 13:00:00,75.83672,209.4067,212.5617,213.5817,208.4483,830.9847
2023-01-12 14:00:00,87.78099,179.9683,184.0683,185.1883,181.3367,718.808
2023-01-12 15:00:00,24.17437,61.01667,62.32833,63.07666,62.46333,233.1478
2023-01-12 16:00:00,11.38819,7.688335,8.133335,9.076665,8.621665,66.02601
2023-01-12 17:00:00,-0.1521324,0,0,0,0,-14.49683
2023-01-12 18:00:00,-0.1090985,0,0,0,0,-14.5165
2023-01-12 19:00:00,-0.06340418,0,0,0,0,-14.45383
2023-01-12 20:00:00,0.07152932,0,0,0,0,-14.442
2023-01-12 21:00:00,-0.0044407,0,0,0,0,-14.62267
2023-01-12 22:00:00,-0.213676,0,0,0,0,-14.34617
2023-01-12 23:00:00,-0.1421445,0,0,0,0,-14.5635
2023-01-13 00:00:00,0.01609983,0,0,0,0,-14.565
2023-01-13 01:00:00,-0.01999682,0,0,0,0,-14.564
2023-01-13 02:00:00,-0.06742985,0,0,0,0,-14.54067
2023-01-13 03:00:00,-0.05583967,0,0,0,0,-14.483
2023-01-13 04:00:00,-0.009949833,0,0,0,0,-14.513
2023-01-13 05:00:00,-0.1216729,0,0,0,0,-14.425
2023-01-13 06:00:00,-0.1921339,0,0,0,0,-14.45933
2023-01-13 07:00:00,8.804611,4.653333,4.658332,4.631668,4.513332,23.86667
2023-01-13 08:00:00,197.9481,210.1917,212.1533,213.4283,207.0033,832.758
2023-01-13 09:00:00,355.6086,677.06,683.825,688.2584,659.425,2724.692
2023-01-13 10:00:00,256.2212,617.9717,639.7917,611.775,560.4,2396.952
2023-01-13 11:00:00,62.55133,183.8517,181.99,179.87,170.135,697.3143
2023-01-13 12:00:00,30.99283,88.16333,88.23834,87.39499,84.53167,329.8808
2023-01-13 13:00:00,46.14249,133.9533,137.2883,138.9617,136.8567,532.7889
2023-01-13 14:00:00,49.99081,123.4283,125.2484,125.0183,122.0983,481.3174
2023-01-13 15:00:00,32.03009,80.51334,80.96666,80.32,77.99167,303.9003
2023-01-13 16:00:00,6.08181,2.39,1.886667,1.818334,1.715,22.092
2023-01-13 17:00:00,0.04211805,0,0,0,0,-14.5985
2023-01-13 18:00:00,-0.15148,0,0,0,0,-14.59417
2023-01-13 19:00:00,-0.09781314,0,0,0,0,-14.47833
2023-01-13 20:00:00,-0.0162468,0,0,0,0,-14.57016
2023-01-13 21:00:00,-0.06586526,0,0,0,0,-14.53166
2023-01-13 22:00:00,-0.09848456,0,0,0,0,-14.43333
2023-01-13 23:00:00,-0.05127977,0,0,0,0,-14.45166
2023-01-14 00:00:00,-0.1586939,0,0,0,0,-14.57213
2023-01-14 01:00:00,-0.154405,0,0,0,0,-14.544
2023-01-14 02:00:00,-0.07577141,0,0,0,0,-14.4205
2023-01-14 03:00:00,-0.1019455,0,0,0,0,-14.60333
2023-01-14 04:00:00,-0.04443237,0,0,0,0,-14.5805
2023-01-14 05:00:00,-0.04883937,0,0,0,0,-14.53233
2023-01-14 06:00:00,-0.09261816,0,0,0,0,-14.49267
2023-01-14 07:00:00,7.593003,0,0,0,0,-9.632833
2023-01-14 08:00:00,49.47383,82.04334,81.63166,81.12167,77.875,335.659
2023-01-14 09:00:00,82.2713,156.645,156.3917,156.0284,150.68,603.6803
2023-01-14 10:00:00,64.87825,164.6733,167.2567,169.6817,166.0367,656.2131
2023-01-14 11:00:00,142.9148,430.265,437.63,444.7617,432.9767,1736.015
2023-01-14 12:00:00,391.4758,1207.428,1254.73,1243.828,1203.949,4890.105
2023-01-14 13:00:00,212.0807,568.0884,579.3033,588.7534,564.6167,2277.223
2023-01-14 14:00:00,460.6757,892.0549,945.2749,978.6916,958.395,3725.325
2023-01-14 15:00:00,193.5657,355.365,340.865,353.9833,338.7317,1360.59
2023-01-14 16:00:00,45.98657,60.49834,60.41834,63.985,63.05167,267.8567
2023-01-14 17:00:00,0.2196582,0,0,0,0,-14.76733
2023-01-14 18:00:00,-0.1287034,0,0,0,0,-14.546
2023-01-14 19:00:00,-0.119821,0,0,0,0,-14.73717
2023-01-14 20:00:00,-0.203323,0,0,0,0,-14.74367
2023-01-14 21:00:00,-0.1412369,0,0,0,0,-14.559
2023-01-14 22:00:00,-0.1691085,0,0,0,0,-14.61017
2023-01-14 23:00:00,-0.2093903,0,0,0,0,-14.69967
2023-01-15 00:00:00,-0.2529308,0,0,0,0,-14.74734
2023-01-15 01:00:00,-0.1106971,0,0,0,0,-14.75533
2023-01-15 02:00:00,-0.1780759,0,0,0,0,-14.764
2023-01-15 03:00:00,-0.1330931,0,0,0,0,-14.76
2023-01-15 04:00:00,-0.1278301,0,0,0,0,-14.787
2023-01-15 05:00:00,-0.07857063,0,0,0,0,-14.712
2023-01-15 06:00:00,-0.1196061,0,0,0,0,-14.57933
2023-01-15 07:00:00,12.77452,21.45,21.99833,22.08333,21.74166,81.50768
2023-01-15 08:00:00,94.73441,110.6883,111.7067,112.67,107.9216,429.2858
2023-01-15 09:00:00,365.6085,764.7916,772.7066,773.0401,743.4466,3017.86
2023-01-15 10:00:00,448.0031,1046.172,1057.773,1068.168,995.0383,4197.272
2023-01-15 11:00:00,428.5275,1185.9,1186.055,1185.568,1179.677,4707.028
2023-01-15 12:00:00,343.9696,1026.752,1055.045,1083.37,1056.143,4212.292
2023-01-15 13:00:00,199.9708,514.915,515.0667,508.7983,487.7733,2012.193
2023-01-15 14:00:00,176.348,368.0183,372.8534,374.5417,366.0167,1470.083
2023-01-15 15:00:00,147.0934,227.085,231.435,235.3717,230.6851,909.8866
2023-01-15 16:00:00,50.75297,62.07666,62.16668,61.99667,60.72999,256.1482
2023-01-15 17:00:00,0.2022048,0,0,0,0,-14.5934
2023-01-15 18:00:00,-0.1913319,0,0,0,0,-14.50533
2023-01-15 19:00:00,-0.249522,0,0,0,0,-14.573
2023-01-15 20:00:00,-0.158017,0,0,0,0,-14.4635
2023-01-15 21:00:00,-0.194242,0,0,0,0,-14.5645
2023-01-15 22:00:00,-0.1578079,0,0,0,0,-14.62033
2023-01-15 23:00:00,-0.1337631,0,0,0,0,-14.69917
2023-01-16 00:00:00,-0.2272953,0,0,0,0,-14.68217
2023-01-16 01:00:00,-0.1135502,0,0,0,0,-14.7035
2023-01-16 02:00:00,-0.2654369,0,0,0,0,-14.743
2023-01-16 03:00:00,-0.2092903,0,0,0,0,-14.74883
2023-01-16 04:00:00,-0.1532331,0,0,0,0,-14.72167
2023-01-16 05:00:00,-0.0846791,0,0,0,0,-14.53817
2023-01-16 06:00:00,-0.1205268,0,0,0,0,-14.61767
2023-01-16 07:00:00,12.50246,6.795,7.15,7.91,7.976667,41.40233
2023-01-16 08:00:00,377.4835,402.9767,422.18,427.5967,410.0384,1659.14
2023-01-16 09:00:00,501.4837,982.5684,1003.494,1005.497,971.695,3953.939
2023-01-16 10:00:00,485.4343,1228.272,1250.32,1267.8,1227.492,4959.327
2023-01-16 11:00:00,420.3781,1190.855,1212.552,1227.429,1190.642,4804.157
2023-01-16 12:00:00,460.0246,1331.952,1362.067,1384.553,1338.36,5408.031
2023-01-16 13:00:00,541.9597,1457.323,1457.017,1462.877,1392.558,5740.111
2023-01-16 14:00:00,581.5114,1306.443,1316.203,1342.844,1290.241,5186.277
2023-01-16 15:00:00,541.1118,888.83,892.2751,895.8516,858.5766,3501.817
2023-01-16 16:00:00,80.36507,127.1967,122.6533,122.8767,117.405,486.9619
2023-01-16 17:00:00,0.6011446,0,0,0,0,-14.19417
2023-01-16 18:00:00,-0.1920861,0,0,0,0,-14.60917
2023-01-16 19:00:00,-0.200799,0,0,0,0,-14.63433
2023-01-16 20:00:00,-0.1525806,0,0,0,0,-14.63483
2023-01-16 21:00:00,-0.1898772,0,0,0,0,-14.49117
2023-01-16 22:00:00,-0.1424838,0,0,0,0,-14.61567
2023-01-16 23:00:00,-0.2032428,0,0,0,0,-14.58934
2023-01-17 00:00:00,-0.1361568,0,0,0,0,-14.584
2023-01-17 01:00:00,-0.2199865,0,0,0,0,-14.61133
2023-01-17 02:00:00,-0.1872241,0,0,0,0,-14.648
2023-01-17 03:00:00,-0.2115297,0,0,0,0,-14.5555
2023-01-17 04:00:00,-0.1870118,0,0,0,0,-14.522
2023-01-17 05:00:00,-0.1779599,0,0,0,0,-14.74217
2023-01-17 06:00:00,-0.187309,0,0,0,0,-14.67634
2023-01-17 07:00:00,17.03341,16.58833,20.72,20.10667,18.73167,87.44317
2023-01-17 08:00:00,512.5612,868.1782,944.2117,939.5502,905.5735,3657.948
2023-01-17 09:00:00,699.1389,1539.415,1570.098,1588.768,1530.46,6220.663
2023-01-17 10:00:00,616.8014,1532.448,1552.144,1571.359,1518.457,6163.938
2023-01-17 11:00:00,539.803,1495.697,1511.48,1531.575,1477.095,5994.786
2023-01-17 12:00:00,510.0938,1469.496,1485.067,1505.957,1449.735,5883.775
2023-01-17 13:00:00,588.6607,1555.585,1572.547,1590.491,1526.538,6211.819
2023-01-17 14:00:00,728.2035,1703.73,1719.702,1742.25,1674.055,6790.187
2023-01-17 15:00:00,675.9927,1467.368,1477.884,1501.95,1446.133,5851.981
2023-01-17 16:00:00,146.5132,286.8983,281.7967,292.5517,279.1283,1137.235
2023-01-17 17:00:00,0.4973145,0,0,0,0,-14.8015
2023-01-17 18:00:00,-0.1883706,0,0,0,0,-14.40817
2023-01-17 19:00:00,-0.1863759,0,0,0,0,-14.59334
2023-01-17 20:00:00,-0.1297759,0,0,0,0,-14.646
2023-01-17 21:00:00,-0.1557329,0,0,0,0,-14.49467
2023-01-17 22:00:00,-0.14534,0,0,0,0,-14.59333
2023-01-17 23:00:00,-0.1439081,0,0,0,0,-14.54417
2023-01-18 00:00:00,-0.2229235,0,0,0,0,-14.39617
2023-01-18 01:00:00,-0.1886189,0,0,0,0,-14.50917
2023-01-18 02:00:00,-0.1515566,0,0,0,0,-14.46583
2023-01-18 03:00:00,-0.1997141,0,0,0,0,-14.54467
2023-01-18 04:00:00,-0.1260725,0,0,0,0,-14.66584
2023-01-18 05:00:00,-0.265078,0,0,0,0,-14.71233
2023-01-18 06:00:00,-0.1559479,0,0,0,0,-14.63883
2023-01-18 07:00:00,12.20214,0,0,0,0,5.746168
2023-01-18 08:00:00,42.55299,83.58,83.90001,83.69833,80.825,321.0675
2023-01-18 09:00:00,46.72948,116.855,117.47,117.6834,113.8717,453.6573
2023-01-18 10:00:00,76.49913,206.1933,208.2667,210.1284,203.945,816.5481
2023-01-18 11:00:00,109.0362,331.9917,335.935,339.6816,330.0817,1326.959
2023-01-18 12:00:00,128.6851,409.81,415.4417,419.3783,407.4683,1645.707
2023-01-18 13:00:00,109.9746,310.7383,316.5634,319.2467,311.0933,1246.438
2023-01-18 14:00:00,119.3369,250.5417,253.3083,251.7883,242.8217,985.4498
2023-01-18 15:00:00,47.67761,105.2117,105.9483,105.5667,102.585,411.1172
2023-01-18 16:00:00,7.853004,0,0,0,0,-5.671335
2023-01-18 17:00:00,-0.2923955,0,0,0,0,-14.58967
2023-01-18 18:00:00,-0.2426217,0,0,0,0,-14.46317
2023-01-18 19:00:00,0.1038635,0,0,0,0,-14.528
2023-01-18 20:00:00,0.00014149,0,0,0,0,-14.63783
2023-01-18 21:00:00,-0.04194673,0,0,0,0,-14.69617
2023-01-18 22:00:00,0.1193182,0,0,0,0,-14.62033
2023-01-18 23:00:00,0.08515062,0,0,0,0,-14.62867
2023-01-19 00:00:00,0.2614681,0,0,0,0,-14.60517
2023-01-19 01:00:00,-0.0858538,0,0,0,0,-14.55
2023-01-19 02:00:00,0.2181285,0,0,0,0,-14.5705
2023-01-19 03:00:00,0.01444123,0,0,0,0,-14.70566
2023-01-19 04:00:00,0.09834405,0,0,0,0,-14.73483
2023-01-19 05:00:00,-0.120387,0,0,0,0,-14.68833
2023-01-19 06:00:00,0.04270472,0,0,0,0,-14.75517
2023-01-19 07:00:00,21.9751,0,0,0,0,-14.705
2023-01-19 08:00:00,461.2294,0,0,0,0,34.65033
2023-01-19 09:00:00,581.7003,58.915,59.95667,59.725,58.8,252.596
2023-01-19 10:00:00,426.5165,73.77167,74.73,74.57,74.285,284.2838
2023-01-19 11:00:00,586.4532,62.31334,62.83667,62.51833,62.315,236.2231
2023-01-19 12:00:00,551.9516,62.34167,62.31833,61.2,60.52667,232.1147
2023-01-19 13:00:00,647.4402,96.31,92.00001,90.31,84.32499,350.0787
2023-01-19 14:00:00,790.1611,394.8116,330.655,328.7833,295.2933,1343.167
2023-01-19 15:00:00,729.3469,1047.282,938.6083,951.855,907.2217,3838.853
2023-01-19 16:00:00,175.6539,231.3317,214.915,221.79,217.545,904.2773
2023-01-19 17:00:00,1.153949,0,0,0,0,-14.963
2023-01-19 18:00:00,-0.08691503,0,0,0,0,-14.68183
2023-01-19 19:00:00,-0.06261113,0,0,0,0,-14.74133
2023-01-19 20:00:00,0.09449814,0,0,0,0,-14.75383
2023-01-19 21:00:00,-0.1893734,0,0,0,0,-14.66
2023-01-19 22:00:00,-0.06747305,0,0,0,0,-14.59517
2023-01-19 23:00:00,-0.0420376,0,0,0,0,-14.6795
2023-01-20 00:00:00,-0.1364616,0,0,0,0,-14.72383
2023-01-20 01:00:00,0.08425973,0,0,0,0,-14.72133
2023-01-20 02:00:00,-0.1540492,0,0,0,0,-14.74617
2023-01-20 03:00:00,0.1251553,0,0,0,0,-14.72433
2023-01-20 04:00:00,-0.02452594,0,0,0,0,-14.65283
2023-01-20 05:00:00,-0.1372619,0,0,0,0,-14.55233
2023-01-20 06:00:00,-0.05926674,0,0,0,0,-14.76217
2023-01-20 07:00:00,20.21159,8.748332,8.116668,7.516667,7.253333,38.26699
2023-01-20 08:00:00,440.5179,412.1967,308.6583,232.565,202.6033,1154.144
2023-01-20 09:00:00,753.8083,1332.863,1137.025,1035.92,988.8184,4507.363
2023-01-20 10:00:00,728.9136,1606.57,1507.303,1454.258,1449.415,6034.395
2023-01-20 11:00:00,585.7935,1460.738,1366.886,1321.57,1318.117,5468.057
2023-01-20 12:00:00,553.2377,1428.54,1340.642,1309.38,1307.874,5383.292
2023-01-20 13:00:00,650.0657,1662.521,1570.599,1524.172,1552.685,6298.775
2023-01-20 14:00:00,798.2812,1869.156,1792.558,1758.102,1801.085,7195.596
2023-01-20 15:00:00,748.0574,1721.317,1654.4,1675.292,1685.192,6707.242
2023-01-20 16:00:00,195.2027,411.8033,383.1783,399.67,403.3417,1609.302
2023-01-20 17:00:00,1.329958,0,0,0,0,-12.25917
2023-01-20 18:00:00,0.1004038,0,0,0,0,-14.64917
2023-01-20 19:00:00,-0.07379647,0,0,0,0,-14.707
2023-01-20 20:00:00,-0.1382917,0,0,0,0,-14.7425
2023-01-20 21:00:00,-0.0770225,0,0,0,0,-14.676
2023-01-20 22:00:00,-0.1696511,0,0,0,0,-14.77483
2023-01-20 23:00:00,-0.02473544,0,0,0,0,-14.7505
2023-01-21 00:00:00,-0.1240924,0,0,0,0,-14.72183
2023-01-21 01:00:00,-0.08199836,0,0,0,0,-14.68367
2023-01-21 02:00:00,-0.1093621,0,0,0,0,-14.61084
2023-01-21 03:00:00,-0.09813005,0,0,0,0,-14.59583
2023-01-21 04:00:00,-0.1170966,0,0,0,0,-14.55984
2023-01-21 05:00:00,-0.103269,0,0,0,0,-14.629
2023-01-21 06:00:00,-0.1190088,0,0,0,0,-14.76733
2023-01-21 07:00:00,25.75187,25.64168,30.48833,30.17332,30.19,129.338
2023-01-21 08:00:00,559.1881,944.7266,1011.956,1013.957,1033.45,4005.634
2023-01-21 09:00:00,819.7476,1929.083,1883.23,1910.187,1906.261,7648.118
2023-01-21 10:00:00,644.059,1626.396,1580.98,1610.744,1598.78,6382.846
2023-01-21 11:00:00,584.9625,1563.513,1548.262,1574.236,1558.619,6235.864
2023-01-21 12:00:00,556.473,1614.543,1584.417,1623.368,1586.095,6394.196
2023-01-21 13:00:00,632.8335,1637.192,1622.157,1675.624,1595.468,6508.358
2023-01-21 14:00:00,339.8671,728.8483,736.4967,745.1684,716.59,2917.667
2023-01-21 15:00:00,623.6033,1197.622,1206.058,1256.518,1176.998,4816.667
2023-01-21 16:00:00,177.2458,302.7667,303.4084,308.0667,291.7717,1214.099
2023-01-21 17:00:00,0.4789197,0,0,0,0,-14.72116
2023-01-21 18:00:00,-0.09835956,0,0,0,0,-14.61483
2023-01-21 19:00:00,-0.1442421,0,0,0,0,-14.40533
2023-01-21 20:00:00,-0.1105632,0,0,0,0,-14.419
2023-01-21 21:00:00,0.0131845,0,0,0,0,-14.392
2023-01-21 22:00:00,-0.0169826,0,0,0,0,-14.48383
2023-01-21 23:00:00,-0.1516272,0,0,0,0,-14.61367
2023-01-22 00:00:00,-0.1501464,0,0,0,0,-14.5195
2023-01-22 01:00:00,-0.2270308,0,0,0,0,-14.72817
2023-01-22 02:00:00,0.01783155,0,0,0,0,-14.689
2023-01-22 03:00:00,-0.0916752,0,0,0,0,-14.67367
2023-01-22 04:00:00,-0.0967043,0,0,0,0,-14.72383
2023-01-22 05:00:00,-0.1510313,0,0,0,0,-14.55567
2023-01-22 06:00:00,-0.1302002,0,0,0,0,-14.61034
2023-01-22 07:00:00,30.29166,33.60833,41.79167,40.86833,35.795,157.6622
2023-01-22 08:00:00,565.4133,1065.222,1150.115,1140.485,1078.547,4447.664
2023-01-22 09:00:00,638.3651,1347.786,1350.335,1338.22,1272.483,5390.067
2023-01-22 10:00:00,650.6788,1549.937,1572.677,1572.468,1521.332,6094.033
2023-01-22 11:00:00,435.3523,1253.665,1276.572,1302.047,1254.185,5104.597
2023-01-22 12:00:00,512.1452,1563.335,1589.397,1614.198,1531.203,6250.937
2023-01-22 13:00:00,633.349,1717.595,1750.908,1789.6,1741.675,6944.146
2023-01-22 14:00:00,677.3087,1582.863,1611.501,1648.883,1613.102,6462.898
2023-01-22 15:00:00,787.9107,1850.245,1876.73,1905.798,1825.203,7425.692
2023-01-22 16:00:00,207.3284,404.82,399.3933,409.685,392.5417,1623.032
2023-01-22 17:00:00,0.9116847,0,0,0,0,-13.199
2023-01-22 18:00:00,-0.2201478,0,0,0,0,-14.49583
2023-01-22 19:00:00,0.06952032,0,0,0,0,-14.6015
2023-01-22 20:00:00,-0.1917489,0,0,0,0,-14.61733
2023-01-22 21:00:00,-0.1234603,0,0,0,0,-14.64833
2023-01-22 22:00:00,-0.1278056,0,0,0,0,-14.566
2023-01-22 23:00:00,-0.2337325,0,0,0,0,-14.56017
2023-01-23 00:00:00,-0.22271,0,0,0,0,-14.57183
2023-01-23 01:00:00,-0.1901488,0,0,0,0,-14.48283
2023-01-23 02:00:00,-0.1202643,0,0,0,0,-14.407
2023-01-23 03:00:00,-0.1593808,0,0,0,0,-14.6185
2023-01-23 04:00:00,-0.1590043,0,0,0,0,-14.56583
2023-01-23 05:00:00,-0.05086253,0,0,0,0,-14.67216
2023-01-23 06:00:00,-0.1006133,0,0,0,0,-14.5695
2023-01-23 07:00:00,33.2999,39.51666,50.36166,48.29667,46.64333,189.964
2023-01-23 08:00:00,565.6773,1077.762,1165.782,1155.96,1117.917,4528.979
2023-01-23 09:00:00,802.3688,1936.907,1971.033,1987.257,1913.545,7803.621
2023-01-23 10:00:00,720.897,1791.355,1813.038,1836.697,1763.225,7182.103
2023-01-23 11:00:00,588.7003,1657.713,1675.536,1697.587,1632.17,6638.477
2023-01-23 12:00:00,553.7023,1619.573,1638.646,1657.985,1594.333,6477.352
2023-01-23 13:00:00,639.0866,1706.63,1726.837,1745.488,1677.097,6817.341
2023-01-23 14:00:00,791.4865,1899.488,1919.165,1939.729,1863.505,7564.852
2023-01-23 15:00:00,766.1407,1771.117,1784.149,1810.75,1734.5,7047.061
2023-01-23 16:00:00,233.713,487.7884,478.9483,498.0782,472.1082,1932.11
2023-01-23 17:00:00,2.244298,0,0,0,0,-7.656168
2023-01-23 18:00:00,-0.0635019,0,0,0,0,-14.35533
2023-01-23 19:00:00,-0.1412048,0,0,0,0,-14.44967
2023-01-23 20:00:00,-0.1110102,0,0,0,0,-14.54533
2023-01-23 21:00:00,-0.160019,0,0,0,0,-14.50317
2023-01-23 22:00:00,-0.0991217,0,0,0,0,-14.45533
2023-01-23 23:00:00,-0.1868673,0,0,0,0,-14.57434
2023-01-24 00:00:00,-0.1571454,0,0,0,0,-14.40316
2023-01-24 01:00:00,-0.06943375,0,0,0,0,-14.55466
2023-01-24 02:00:00,-0.1599766,0,0,0,0,-14.61567
2023-01-24 03:00:00,-0.05887596,0,0,0,0,-14.73016
2023-01-24 04:00:00,-0.1608151,0,0,0,0,-14.65883
2023-01-24 05:00:00,-0.1515667,0,0,0,0,-14.57067
2023-01-24 06:00:00,-0.09014414,0,0,0,0,-14.79484
2023-01-24 07:00:00,36.6117,38.73167,47.24667,47.88167,45.21501,185.519
2023-01-24 08:00:00,570.2578,1061.047,1138.773,1136.418,1088.46,4436.874
2023-01-24 09:00:00,805.4564,1931.577,1963.225,1983.028,1903.116,7778.293
2023-01-24 10:00:00,719.7603,1797.662,1817.353,1836.593,1765.693,7193.957
2023-01-24 11:00:00,580.9149,1627.712,1643.548,1664.345,1606.215,6513.189
2023-01-24 12:00:00,550.3116,1599.367,1618.148,1635.995,1575.605,6397.169
2023-01-24 13:00:00,631.8539,1677.372,1700.478,1720.727,1652.82,6709.948
2023-01-24 14:00:00,784.3879,1873.332,1878.519,1901.473,1854.932,7450.461
2023-01-24 15:00:00,765.9828,1774.283,1772.463,1799.235,1756.348,7041.393
2023-01-24 16:00:00,240.8419,498.5032,484.2301,502.945,492.2149,1974.905
2023-01-24 17:00:00,2.065509,0,0,0,0,-6.295503
2023-01-24 18:00:00,-0.1650499,0,0,0,0,-14.48717
2023-01-24 19:00:00,-0.1598253,0,0,0,0,-14.4405
2023-01-24 20:00:00,-0.05830407,0,0,0,0,-14.43583
2023-01-24 21:00:00,-0.1709256,0,0,0,0,-14.53567
2023-01-24 22:00:00,-0.2080439,0,0,0,0,-14.5195
2023-01-24 23:00:00,-0.1201465,0,0,0,0,-14.60917
2023-01-25 00:00:00,-0.2166551,0,0,0,0,-14.64533
2023-01-25 01:00:00,-0.1434903,0,0,0,0,-14.6225
2023-01-25 02:00:00,-0.1460569,0,0,0,0,-14.64317
2023-01-25 03:00:00,-0.1553182,0,0,0,0,-14.564
2023-01-25 04:00:00,-0.1919479,0,0,0,0,-14.61267
2023-01-25 05:00:00,-0.1742358,0,0,0,0,-14.68083
2023-01-25 06:00:00,-0.1084887,0,0,0,0,-14.61133
2023-01-25 07:00:00,40.95088,38.305,48.51334,45.96667,46.54667,192.488
2023-01-25 08:00:00,574.426,1059.795,1131.285,1128.905,1103.077,4433.962
2023-01-25 09:00:00,803.3133,1920.315,1943.149,1966.268,1933.417,7760.488
2023-01-25 10:00:00,703.7738,1774.04,1781.03,1801.83,1767.502,7096.531
2023-01-25 11:00:00,575.8737,1606.95,1620.328,1639.163,1617.601,6429.037
2023-01-25 12:00:00,544.1419,1620.734,1631.94,1646.395,1620.48,6448.994
2023-01-25 13:00:00,624.9713,1684.91,1689.337,1705.298,1680.008,6704.312
2023-01-25 14:00:00,786.9949,1875.578,1876.667,1887.638,1857.751,7428.892
2023-01-25 15:00:00,726.7051,1579.073,1563.988,1589.318,1541.695,6250.625
2023-01-25 16:00:00,233.5649,462.4533,447.9433,463.9633,444.725,1808.029
2023-01-25 17:00:00,3.099143,0,0,0,0,-1.802165
2023-01-25 18:00:00,-0.04701227,0,0,0,0,-14.42484
2023-01-25 19:00:00,-0.1871176,0,0,0,0,-14.57767
2023-01-25 20:00:00,-0.1851995,0,0,0,0,-14.7015
2023-01-25 21:00:00,-0.1483591,0,0,0,0,-14.51183
2023-01-25 22:00:00,-0.2162158,0,0,0,0,-14.426
2023-01-25 23:00:00,-0.2133006,0,0,0,0,-14.36584
2023-01-26 00:00:00,-0.189294,0,0,0,0,-14.51083
2023-01-26 01:00:00,-0.1642444,0,0,0,0,-14.58434
2023-01-26 02:00:00,-0.2037891,0,0,0,0,-14.57883
2023-01-26 03:00:00,-0.1592288,0,0,0,0,-14.5405
2023-01-26 04:00:00,-0.2058596,0,0,0,0,-14.594
2023-01-26 05:00:00,-0.1598994,0,0,0,0,-14.637
2023-01-26 06:00:00,-0.02722693,0,0,0,0,-14.65067
2023-01-26 07:00:00,46.18559,41.31332,50.70668,49.57167,48.00667,202.4378
2023-01-26 08:00:00,592.5307,1100.258,1172.175,1167.978,1134.333,4587.775
2023-01-26 09:00:00,819.1699,1963.323,1976.337,2000.295,1961.256,7898.826
2023-01-26 10:00:00,730.7304,1835.685,1837.683,1859.108,1830.27,7331.676
2023-01-26 11:00:00,595.1339,1668.312,1671.837,1691.692,1673.03,6669.661
2023-01-26 12:00:00,562.6721,1640.553,1646.332,1665.261,1640.9,6554.65
2023-01-26 13:00:00,634.1454,1692.298,1701.513,1733.988,1710.048,6789.859
2023-01-26 14:00:00,782.7825,1853.867,1865.647,1884.391,1850.767,7394.451
2023-01-26 15:00:00,771.7476,1650.202,1650.565,1678.093,1649.532,6556.351
2023-01-26 16:00:00,262.9477,509.1183,499.5083,511.8651,500.335,2006.538
2023-01-26 17:00:00,3.409037,0,0,0,0,-1.028167
2023-01-26 18:00:00,-0.1317488,0,0,0,0,-14.40067
2023-01-26 19:00:00,-0.08998119,0,0,0,0,-14.3895
2023-01-26 20:00:00,-0.1956798,0,0,0,0,-14.40933
2023-01-26 21:00:00,-0.1828905,0,0,0,0,-14.49767
2023-01-26 22:00:00,-0.2095932,0,0,0,0,-14.48817
2023-01-26 23:00:00,-0.2087408,0,0,0,0,-14.79783
2023-01-27 00:00:00,-0.1382871,0,0,0,0,-14.78783
2023-01-27 01:00:00,-0.1643495,0,0,0,0,-14.7205
2023-01-27 02:00:00,-0.2118425,0,0,0,0,-14.779
2023-01-27 03:00:00,-0.1347122,0,0,0,0,-14.6375
2023-01-27 04:00:00,-0.1725492,0,0,0,0,-14.63834
2023-01-27 05:00:00,-0.1831103,0,0,0,0,-14.55533
2023-01-27 06:00:00,-0.103228,0,0,0,0,-14.558
2023-01-27 07:00:00,45.58528,34.28667,37.72999,41.80167,44.31667,158.8247
2023-01-27 08:00:00,241.4296,274.7116,314.835,295.5517,310.5617,1229.397
2023-01-27 09:00:00,265.1098,489.625,489.0417,516.5433,498.3833,1966.815
2023-01-27 10:00:00,322.802,825.7299,856.14,914.1517,948.2365,3460.757
2023-01-27 11:00:00,643.6043,1752.032,1722.768,1737.477,1698.788,6927.999
2023-01-27 12:00:00,417.7772,1219.852,1079.76,1007.738,926.8349,4179.773
2023-01-27 13:00:00,684.1411,1819.996,1825.672,1849.902,1825.653,7234.307
2023-01-27 14:00:00,809.5496,1998.427,2004.952,2024.772,1993.918,7957.637
2023-01-27 15:00:00,804.9363,1959.077,1963.007,1982.028,1942.988,7771.423
2023-01-27 16:00:00,283.8561,621.5566,608.1133,628.9133,611.1634,2440.478
2023-01-27 17:00:00,3.694944,0,0,0,0,1.606168
2023-01-27 18:00:00,-0.1821752,0,0,0,0,-14.598
2023-01-27 19:00:00,-0.194161,0,0,0,0,-14.6525
2023-01-27 20:00:00,-0.2227027,0,0,0,0,-14.80756
2023-01-27 21:00:00,-0.2139828,0,0,0,0,-14.77184
2023-01-27 22:00:00,-0.1913932,0,0,0,0,-14.75983
2023-01-27 23:00:00,-0.09446503,0,0,0,0,-14.866
2023-01-28 00:00:00,-0.2123551,0,0,0,0,-14.64417
2023-01-28 01:00:00,-0.1854632,0,0,0,0,-14.79417
2023-01-28 02:00:00,-0.1952311,0,0,0,0,-14.54317
2023-01-28 03:00:00,-0.1893552,0,0,0,0,-14.51983
2023-01-28 04:00:00,-0.2193858,0,0,0,0,-14.65034
2023-01-28 05:00:00,-0.2330652,0,0,0,0,-14.69933
2023-01-28 06:00:00,-0.1772425,0,0,0,0,-14.76066
2023-01-28 07:00:00,12.56597,1.788333,1.753333,1.51,1.503333,23.89451
2023-01-28 08:00:00,61.63049,107.4833,107.7367,110.02,112.0167,424.815
2023-01-28 09:00:00,89.37264,175.3067,177.94,180.845,179.2667,701.703
2023-01-28 10:00:00,168.627,410.1733,393.5367,382.6216,373.145,1553.157
2023-01-28 11:00:00,242.3881,709.7667,721.2,735.6683,762.6718,2927.103
2023-01-28 12:00:00,547.7627,1475.79,1640.843,1680.786,1574.098,6361.49
2023-01-28 13:00:00,659.2407,1757.975,1773.685,1809.445,1781.873,7086.583
2023-01-28 14:00:00,801.4608,1929.606,1933.713,1957.402,1938.795,7702.009
2023-01-28 15:00:00,799.0331,1874.993,1874.633,1896.042,1871.57,7451.725
2023-01-28 16:00:00,295.5189,635.9382,623.8917,640.3517,630.6417,2494.513
2023-01-28 17:00:00,5.674455,2.213333,1.29,1.47,1.813334,11.40233
2023-01-28 18:00:00,-0.1816502,0,0,0,0,-14.38433
2023-01-28 19:00:00,-0.1445311,0,0,0,0,-14.3845
2023-01-28 20:00:00,-0.1316819,0,0,0,0,-14.37267
2023-01-28 21:00:00,-0.04458067,0,0,0,0,-14.45317
2023-01-28 22:00:00,-0.1306975,0,0,0,0,-14.35833
2023-01-28 23:00:00,-0.0824243,0,0,0,0,-14.3595
2023-01-29 00:00:00,0.2096512,0,0,0,0,-14.48367
2023-01-29 01:00:00,0.0639988,0,0,0,0,-14.69067
2023-01-29 02:00:00,-0.07224537,0,0,0,0,-14.55717
2023-01-29 03:00:00,0.03554423,0,0,0,0,-14.432
2023-01-29 04:00:00,0.0484601,0,0,0,0,-14.575
2023-01-29 05:00:00,-0.1146529,0,0,0,0,-14.678
2023-01-29 06:00:00,0.1181303,0,0,0,0,-14.62059
2023-01-29 07:00:00,63.3916,59.7,70.77,68.94666,69.37667,280.3977
2023-01-29 08:00:00,643.0497,1291.61,1364.11,1367.702,1346.702,5368.819
2023-01-29 09:00:00,860.3823,2176.663,2195.252,2221.67,2195.363,8784.965
2023-01-29 10:00:00,775.0587,1996.976,2002.8,2030.573,2008.285,8010.915
2023-01-29 11:00:00,630.2464,1824.998,1828.518,1851.842,1830.359,7308.257
2023-01-29 12:00:00,597.8388,1806.254,1812.273,1834.369,1811.798,7238.296
2023-01-29 13:00:00,680.7231,1904.968,1910.937,1935.178,1914.808,7632.829
2023-01-29 14:00:00,841.6151,2123.318,2131.789,2159.557,2138.388,8503.828
2023-01-29 15:00:00,844.4722,2110.299,2116.502,2145.972,2118.288,8427.595
2023-01-29 16:00:00,323.7661,722.7799,711.6184,735.4083,722.1818,2861.422
2023-01-29 17:00:00,5.06807,0.7483333,0,0,0,8.341
2023-01-29 18:00:00,-0.1381732,0,0,0,0,-14.69183
2023-01-29 19:00:00,0.00595358,0,0,0,0,-14.68933
2023-01-29 20:00:00,-0.1485083,0,0,0,0,-14.77633
2023-01-29 21:00:00,-0.1402419,0,0,0,0,-14.68867
2023-01-29 22:00:00,-0.103942,0,0,0,0,-14.59433
2023-01-29 23:00:00,-0.08796302,0,0,0,0,-14.6315
2023-01-30 00:00:00,-0.1123809,0,0,0,0,-14.57554
2023-01-30 01:00:00,-0.0904958,0,0,0,0,-14.567
2023-01-30 02:00:00,-0.07358994,0,0,0,0,-14.53017
2023-01-30 03:00:00,-0.1324481,0,0,0,0,-14.499
2023-01-30 04:00:00,-0.1936737,0,0,0,0,-14.5905
2023-01-30 05:00:00,-0.2042457,0,0,0,0,-14.72767
2023-01-30 06:00:00,-0.1404414,0,0,0,0,-14.69383
2023-01-30 07:00:00,70.4049,79.105,94.19333,93.80166,94.13834,377.9205
2023-01-30 08:00:00,654.1539,1308.165,1406.141,1410.3,1389.645,5526.827
2023-01-30 09:00:00,862.7621,2135.882,2159.425,2188.792,2169.287,8653.721
2023-01-30 10:00:00,768.5963,1969.025,1975.455,1998.585,1975.96,7905.661
2023-01-30 11:00:00,628.0762,1794.278,1800.762,1823.035,1803.312,7197.372
2023-01-30 12:00:00,591.9838,1757.222,1762.469,1780.195,1758.97,7033.616
2023-01-30 13:00:00,670.3044,1842.337,1846.013,1866.62,1847.127,7365.159
2023-01-30 14:00:00,826.3997,2013.625,2017.99,2040.58,2020.038,8041.253
2023-01-30 15:00:00,825.399,1945.839,1946.737,1968.655,1940.1,7743.503
2023-01-30 16:00:00,327.3265,677.7568,665.7783,683.7801,664.2667,2663.788
2023-01-30 17:00:00,6.138198,3.211668,2.32,3.328332,3.338332,17.269
2023-01-30 18:00:00,-0.1135624,0,0,0,0,-14.60516
2023-01-30 19:00:00,-0.1123442,0,0,0,0,-14.72116
2023-01-30 20:00:00,-0.1742471,0,0,0,0,-14.704
2023-01-30 21:00:00,-0.1832456,0,0,0,0,-14.567
2023-01-30 22:00:00,-0.1423278,0,0,0,0,-14.6225
2023-01-30 23:00:00,-0.1330608,0,0,0,0,-14.50017
2023-01-31 00:00:00,-0.1676614,0,0,0,0,-14.43517
2023-01-31 01:00:00,-0.201316,0,0,0,0,-14.46067
2023-01-31 02:00:00,-0.1030064,0,0,0,0,-14.49067
2023-01-31 03:00:00,-0.072768,0,0,0,0,-14.577
2023-01-31 04:00:00,-0.1462177,0,0,0,0,-14.76583
2023-01-31 05:00:00,-0.1160616,0,0,0,0,-14.72266
2023-01-31 06:00:00,-0.1170767,0,0,0,0,-14.78967
2023-01-31 07:00:00,74.55408,88.96167,106.9998,104.1867,103.8133,407.7011
2023-01-31 08:00:00,631.866,1264.81,1324.382,1327.925,1307.807,5240.725
2023-01-31 09:00:00,845.1527,2042.182,2051.895,2073.546,2057.222,8229.354
2023-01-31 10:00:00,733.4155,1826.833,1827.187,1846.165,1828.838,7313.595
2023-01-31 11:00:00,506.2779,1445.145,1448.108,1464.624,1448.117,5789.467
2023-01-31 12:00:00,512.7844,1536.73,1544.297,1563.31,1547.614,6170.597
2023-01-31 13:00:00,384.5369,1076.481,1083.473,1095.398,1084.633,4320.025
2023-01-31 14:00:00,310.8335,696.88,706.39,714.9567,714.145,2815.241
2023-01-31 15:00:00,541.9468,933.1016,939.3516,948.8417,939.6501,3721.041
2023-01-31 16:00:00,281.2326,438.0583,435.6166,439.775,431.9433,1717.323
2023-01-31 17:00:00,6.790647,8.24,7.961668,7.923333,8.15,35.28284
2023-01-31 18:00:00,-0.1766253,0,0,0,0,-14.43767
2023-01-31 19:00:00,-0.1571227,0,0,0,0,-14.602
2023-01-31 20:00:00,-0.03202383,0,0,0,0,-14.54267
2023-01-31 21:00:00,-0.1675644,0,0,0,0,-14.516
2023-01-31 22:00:00,-0.1835928,0,0,0,0,-14.62717
2023-01-31 23:00:00,-0.1786853,0,0,0,0,-14.67183
