Timestamp,POA Irradiance,Meter Power,Inverter_1,Inverter_2,Avg_Top_20%,Expected Sum
2023-06-01 00:00:00,0.0,-5.077215,0.0,0.0,,0.0
2023-06-01 01:00:00,0.0,-4.997634,0.0,0.0,,0.0
2023-06-01 02:00:00,0.0,-5.057937,0.0,0.0,,0.0
2023-06-01 03:00:00,0.0,-5.081196,0.0,0.0,,0.0
2023-06-01 04:00:00,0.0,-5.044722,0.0,0.0,,0.0
2023-06-01 05:00:00,0.1525,-7.203302,0.0,0.0,,0.0
2023-06-01 06:00:00,19.90924,20.67358,11.99679,18.05919,,30.05598
2023-06-01 07:00:00,117.3547,148.8588,63.99776,92.86065,92.86065,156.85841
2023-06-01 08:00:00,237.7533,352.5306,149.9842,214.3607,214.3607,364.3449
2023-06-01 09:00:00,305.8882,492.2964,207.787,290.358,290.358,498.145
2023-06-01 10:00:00,309.2986,488.3645,201.5063,293.1054,293.1054,494.6117
2023-06-01 11:00:00,358.0821,571.9648,233.8893,343.9648,343.9648,577.8541
2023-06-01 12:00:00,374.8382,530.3159,219.3755,320.0673,320.0673,539.4428
2023-06-01 13:00:00,392.7513,604.9905,249.1276,362.1354,362.1354,611.263
2023-06-01 14:00:00,550.9904,777.4811,313.534,448.4666,448.4666,762.0006000000001
2023-06-01 15:00:00,452.1913,753.263,314.3918,449.9801,449.9801,764.3719
2023-06-01 16:00:00,426.1467,688.149,288.9165,414.6189,414.6189,703.5354
2023-06-01 17:00:00,346.0964,518.0719,212.8873,312.4678,312.4678,525.3551
2023-06-01 18:00:00,198.8302,283.8253,119.0628,173.8439,173.8439,292.9067
2023-06-01 19:00:00,66.61442,78.71999,35.87481,51.93095,51.93095,87.80575999999999
2023-06-01 20:00:00,8.044271,-4.561322,1.808798,2.827102,,4.6358999999999995
2023-06-01 21:00:00,0.0,-5.087507,0.0,0.0,,0.0
2023-06-01 22:00:00,0.0,-5.111455,0.0,0.0,,0.0
2023-06-01 23:00:00,0.0,-5.094768,0.0,0.0,,0.0
2023-06-02 00:00:00,0.0,-5.040667,0.0,0.0,,0.0
2023-06-02 01:00:00,0.0,-5.031236,0.0,0.0,,0.0
2023-06-02 02:00:00,0.0,-5.095272,0.0,0.0,,0.0
2023-06-02 03:00:00,0.0,-4.918803,0.0,0.0,,0.0
2023-06-02 04:00:00,0.0,-4.892771,0.0,0.0,,0.0
2023-06-02 05:00:00,0.07075,-6.946361,0.0,0.0,,0.0
2023-06-02 06:00:00,18.70501,23.68902,13.04311,19.77333,,32.81644
2023-06-02 07:00:00,82.21873,126.7421,55.07479,81.00567,81.00567,136.08046
2023-06-02 08:00:00,233.8248,350.001,150.1624,208.9527,208.9527,359.1151
2023-06-02 09:00:00,382.076,530.0153,209.1734,322.3605,322.3605,531.5339
2023-06-02 10:00:00,403.2165,616.9492,260.329,369.6096,369.6096,629.9386
2023-06-02 11:00:00,627.1946,872.7781,355.6375,527.0841,527.0841,882.7216000000001
2023-06-02 12:00:00,605.9161,981.1335,403.3718,579.6799,579.6799,983.0517
2023-06-02 13:00:00,582.0375,907.377,373.5403,537.9207,537.9207,911.461
2023-06-02 14:00:00,394.9943,611.2791,253.8941,363.7538,363.7538,617.6479
2023-06-02 15:00:00,532.2113,845.897,347.4539,501.1764,501.1764,848.6303
2023-06-02 16:00:00,479.4037,676.92,298.2526,393.3264,393.3264,691.579
2023-06-02 17:00:00,399.575,567.7371,237.3313,343.4841,343.4841,580.8154
2023-06-02 18:00:00,178.6887,242.4293,102.6425,148.6494,148.6494,251.2919
2023-06-02 19:00:00,54.50774,48.06192,22.82944,34.56152,34.56152,57.39096000000001
2023-06-02 20:00:00,9.385752,-2.075989,3.01415,4.450965,,7.465115
2023-06-02 21:00:00,0.0,-5.236963,0.0,0.0,,0.0
2023-06-02 22:00:00,0.0,-5.104423,0.0,0.0,,0.0
2023-06-02 23:00:00,0.0,-5.136653,0.0,0.0,,0.0
2023-06-03 00:00:00,0.0,-5.181399,0.0,0.0,,0.0
2023-06-03 01:00:00,0.0,-5.060679,0.0,0.0,,0.0
2023-06-03 02:00:00,0.0,-4.984249,0.0,0.0,,0.0
2023-06-03 03:00:00,0.0,-4.984311,0.0,0.0,,0.0
2023-06-03 04:00:00,0.0,-5.017704,0.0,0.0,,0.0
2023-06-03 05:00:00,0.0,-7.123402,0.0,0.0,,0.0
2023-06-03 06:00:00,20.63706,18.14265,10.97786,16.56404,,27.5419
2023-06-03 07:00:00,133.2687,147.595,63.18808,92.31751,92.31751,155.50558999999998
2023-06-03 08:00:00,307.0264,488.7119,201.8987,292.4512,292.4512,494.34989999999993
2023-06-03 09:00:00,519.2775,844.662,348.0953,501.321,501.321,849.4163000000001
2023-06-03 10:00:00,716.5044,1126.755,465.0857,666.3884,666.3884,1131.4741
2023-06-03 11:00:00,874.3455,1334.258,552.3441,787.7644,787.7644,1340.1085
2023-06-03 12:00:00,964.754,1431.91,592.9283,845.7877,845.7877,1438.716
2023-06-03 13:00:00,983.1697,1434.683,593.5735,848.0598,848.0598,1441.6333
2023-06-03 14:00:00,926.2198,1357.063,561.4996,802.4061,802.4061,1363.9057
2023-06-03 15:00:00,811.5634,1204.838,497.5984,714.2123,714.2123,1211.8107
2023-06-03 16:00:00,638.3564,955.0683,394.0971,567.2791,567.2791,961.3761999999999
2023-06-03 17:00:00,415.6977,611.9113,253.3759,366.5859,366.5859,619.9618
2023-06-03 18:00:00,206.9155,277.7615,116.3801,169.1969,169.1969,285.577
2023-06-03 19:00:00,89.86872,96.40392,42.70124,63.25557,63.25557,105.95680999999999
2023-06-03 20:00:00,7.604167,-3.772516,2.094783,3.399244,,5.494027
2023-06-03 21:00:00,0.0,-5.11312,0.0,0.0,,0.0
2023-06-03 22:00:00,0.0,-5.137544,0.0,0.0,,0.0
2023-06-03 23:00:00,0.0,-5.098272,0.0,0.0,,0.0
2023-06-04 00:00:00,0.0,-5.092686,0.0,0.0,,0.0
2023-06-04 01:00:00,0.0,-4.989964,0.0,0.0,,0.0
2023-06-04 02:00:00,0.0,-5.044343,0.0,0.0,,0.0
2023-06-04 03:00:00,0.0,-5.035238,0.0,0.0,,0.0
2023-06-04 04:00:00,0.0,-4.980484,0.0,0.0,,0.0
2023-06-04 05:00:00,0.0,-6.699335,0.0,0.0,,0.0
2023-06-04 06:00:00,7.74888,2.551094,4.752836,7.402168,,12.155004
2023-06-04 07:00:00,36.23844,46.34733,22.41017,33.45132,,55.86149
2023-06-04 08:00:00,76.27028,122.342,53.16143,77.56657,77.56657,130.728
2023-06-04 09:00:00,141.9083,229.9729,95.99168,141.3806,141.3806,237.37228
2023-06-04 10:00:00,161.7675,253.2638,106.4566,154.6447,154.6447,261.1013
2023-06-04 11:00:00,228.1712,358.6119,147.9839,217.0047,217.0047,364.9886
2023-06-04 12:00:00,405.9976,634.382,260.3065,381.2784,381.2784,641.5849000000001
2023-06-04 13:00:00,630.3607,999.4564,411.0367,583.6595,583.6595,994.6962
2023-06-04 14:00:00,580.0516,889.2524,365.4403,527.8219,527.8219,893.2622
2023-06-04 15:00:00,494.7871,788.9572,318.0156,470.4602,470.4602,788.4757999999999
2023-06-04 16:00:00,449.497,681.9805,276.8711,407.278,407.278,684.1491000000001
2023-06-04 17:00:00,331.8431,506.2603,208.914,304.1938,304.1938,513.1078
2023-06-04 18:00:00,158.8338,233.1787,97.81647,143.436,143.436,241.25247000000002
2023-06-04 19:00:00,50.33396,55.41575,26.07426,39.28174,39.28174,65.356
2023-06-04 20:00:00,4.812205,-6.247377,1.146097,1.680654,,2.826751
2023-06-04 21:00:00,0.0,-4.921826,0.0,0.0,,0.0
2023-06-04 22:00:00,0.0,-4.972889,0.0,0.0,,0.0
2023-06-04 23:00:00,0.0,-4.967659,0.0,0.0,,0.0
2023-06-05 00:00:00,0.0,-5.034072,0.0,0.0,,0.0
2023-06-05 01:00:00,0.0,-5.08944,0.0,0.0,,0.0
2023-06-05 02:00:00,0.0,-5.092074,0.0,0.0,,0.0
2023-06-05 03:00:00,0.0,-5.098621,0.0,0.0,,0.0
2023-06-05 04:00:00,0.0,-5.044153,0.0,0.0,,0.0
2023-06-05 05:00:00,0.01388889,-7.175847,0.001568628,0.002352941,,0.003921569
2023-06-05 06:00:00,22.27942,26.42854,14.36565,21.7319,,36.09755
2023-06-05 07:00:00,119.768,161.8197,68.69974,100.5953,100.5953,169.29504
2023-06-05 08:00:00,298.6229,483.921,200.0609,289.9113,289.9113,489.9722
2023-06-05 09:00:00,518.2953,843.1543,347.1821,501.0284,501.0284,848.2104999999999
2023-06-05 10:00:00,718.9817,1131.837,466.6621,669.9242,669.9242,1136.5863
2023-06-05 11:00:00,872.7297,1326.806,548.3093,783.6575,783.6575,1331.9668000000001
2023-06-05 12:00:00,976.7988,1438.585,594.2512,849.7619,849.7619,1444.0131000000001
2023-06-05 13:00:00,980.9282,1430.21,590.939,845.3098,845.3098,1436.2487999999998
2023-06-05 14:00:00,920.7264,1344.336,556.2055,794.9036,794.9036,1351.1091000000001
2023-06-05 15:00:00,788.7888,1160.404,479.0657,687.2576,687.2576,1166.3233
2023-06-05 16:00:00,580.9905,913.386,376.5266,543.1926,543.1926,919.7192
2023-06-05 17:00:00,401.6901,593.8981,244.9185,355.9465,355.9465,600.865
2023-06-05 18:00:00,186.333,246.5488,103.5683,151.9628,151.9628,255.53109999999998
2023-06-05 19:00:00,59.69091,58.51875,27.20105,40.73779,40.73779,67.93884
2023-06-05 20:00:00,5.511721,-5.01985,1.553883,2.644927,,4.19881
2023-06-05 21:00:00,0.0,-5.065887,0.0,0.0,,0.0
2023-06-05 22:00:00,0.0,-5.000586,0.0,0.0,,0.0
2023-06-05 23:00:00,0.0,-5.039718,0.0,0.0,,0.0
2023-06-06 00:00:00,0.0,-4.950826,0.0,0.0,,0.0
2023-06-06 01:00:00,0.0,-5.050393,0.0,0.0,,0.0
2023-06-06 02:00:00,0.0,-4.986663,0.0,0.0,,0.0
2023-06-06 03:00:00,0.0,-4.935037,0.0,0.0,,0.0
2023-06-06 04:00:00,0.0,-4.916788,0.0,0.0,,0.0
2023-06-06 05:00:00,0.03784722,-6.942443,0.0,0.0,,0.0
2023-06-06 06:00:00,21.29656,26.50087,14.50089,21.54486,,36.04575
2023-06-06 07:00:00,106.113,159.7404,68.02666,99.67472,99.67472,167.70138
2023-06-06 08:00:00,251.3627,390.8168,163.299,234.9174,234.9174,398.2164
2023-06-06 09:00:00,441.655,692.5708,287.2787,411.476,411.476,698.7547
2023-06-06 10:00:00,607.5494,956.9124,392.041,569.4537,569.4537,961.4947
2023-06-06 11:00:00,770.4908,1134.361,468.7011,672.0566,672.0566,1140.7577
2023-06-06 12:00:00,667.5802,1002.477,420.1779,566.8099,566.8099,986.9878
2023-06-06 13:00:00,796.9545,1211.938,505.6649,728.9677,728.9677,1234.6326
2023-06-06 14:00:00,566.069,922.4881,387.2589,536.8699,536.8699,924.1288
2023-06-06 15:00:00,486.6912,767.9822,306.3716,456.8611,456.8611,763.2327
2023-06-06 16:00:00,336.6735,474.7581,198.6819,284.7346,284.7346,483.41650000000004
2023-06-06 17:00:00,306.7746,435.0326,181.2158,260.8468,260.8468,442.0626
2023-06-06 18:00:00,143.4357,194.3791,81.62895,121.9303,121.9303,203.55925000000002
2023-06-06 19:00:00,56.59509,60.62302,28.18231,42.20594,42.20594,70.38825
2023-06-06 20:00:00,4.937968,-5.619021,1.334566,2.154671,,3.489237
2023-06-06 21:00:00,0.0,-5.022056,0.0,0.0,,0.0
2023-06-06 22:00:00,0.0,-4.951584,0.0,0.0,,0.0
2023-06-06 23:00:00,0.0,-4.999829,0.0,0.0,,0.0
2023-06-07 00:00:00,0.0,-5.050833,0.0,0.0,,0.0
2023-06-07 01:00:00,0.0,-5.041411,0.0,0.0,,0.0
2023-06-07 02:00:00,0.0,-5.096023,0.0,0.0,,0.0
2023-06-07 03:00:00,0.0,-5.027162,0.0,0.0,,0.0
2023-06-07 04:00:00,0.0,-5.050942,0.0,0.0,,0.0
2023-06-07 05:00:00,0.01356945,-7.241652,0.0,0.0,,0.0
2023-06-07 06:00:00,21.40217,28.39692,15.01007,22.68256,,37.69263
2023-06-07 07:00:00,112.7231,165.5748,70.63127,103.7572,103.7572,174.38846999999998
2023-06-07 08:00:00,247.9684,400.5984,164.4722,238.5968,238.5968,403.06899999999996
2023-06-07 09:00:00,449.3799,732.3741,301.3507,433.7054,433.7054,735.0561
2023-06-07 10:00:00,618.8013,985.3115,405.2275,582.701,582.701,987.9285
2023-06-07 11:00:00,630.9484,968.9882,400.0144,564.7995,564.7995,964.8139
2023-06-07 12:00:00,641.3667,984.4937,408.1959,591.8417,591.8417,1000.0375999999999
2023-06-07 13:00:00,924.1507,1384.667,568.1232,817.7826,817.7826,1385.9058
2023-06-07 14:00:00,674.8575,1000.551,410.0865,590.6096,590.6096,1000.6961
2023-06-07 15:00:00,666.5542,990.8306,414.2606,582.6292,582.6292,996.8897999999999
2023-06-07 16:00:00,571.4409,830.8527,339.9127,493.4109,493.4109,833.3235999999999
2023-06-07 17:00:00,132.8368,190.1011,79.55502,119.0553,119.0553,198.61032
2023-06-07 18:00:00,40.78637,47.26385,22.41875,33.89956,,56.31831
2023-06-07 19:00:00,9.598416,-2.410203,3.046944,4.142047,,7.188991
2023-06-07 20:00:00,1.496639,-8.723636,0.0,0.0,,0.0
2023-06-07 21:00:00,0.0,-5.086352,0.0,0.0,,0.0
2023-06-07 22:00:00,0.0,-5.064176,0.0,0.0,,0.0
2023-06-07 23:00:00,0.0,-5.089536,0.0,0.0,,0.0
2023-06-08 00:00:00,0.0,-4.977884,0.0,0.0,,0.0
2023-06-08 01:00:00,0.0,-5.064117,0.0,0.0,,0.0
2023-06-08 02:00:00,0.0,-5.123886,0.0,0.0,,0.0
2023-06-08 03:00:00,0.0,-5.196974,0.0,0.0,,0.0
2023-06-08 04:00:00,0.0,-5.197015,0.0,0.0,,0.0
2023-06-08 05:00:00,0.006055555,-7.219605,0.0,0.0,,0.0
2023-06-08 06:00:00,18.67824,26.51129,14.24892,21.43103,,35.67995
2023-06-08 07:00:00,71.9787,111.3873,48.53823,71.57331,71.57331,120.11154
2023-06-08 08:00:00,53.54833,79.57539,35.43952,52.39261,52.39261,87.83213
2023-06-08 09:00:00,190.2726,310.3579,128.7091,188.8756,188.8756,317.5847
2023-06-08 10:00:00,425.427,670.9796,282.4478,399.9014,399.9014,682.3492
2023-06-08 11:00:00,759.2649,1192.765,495.2964,693.1158,693.1158,1188.4122
2023-06-08 12:00:00,856.9011,1386.811,574.5436,807.2532,807.2532,1381.7968
2023-06-08 13:00:00,882.4054,1390.815,583.6851,821.2052,821.2052,1404.8903
2023-06-08 14:00:00,878.7855,1265.154,529.8212,747.5953,747.5953,1277.4164999999998
2023-06-08 15:00:00,644.6423,956.2213,395.3676,563.8619,563.8619,959.2294999999999
2023-06-08 16:00:00,494.7281,762.2172,316.8279,447.8601,447.8601,764.688
2023-06-08 17:00:00,400.9669,592.3019,244.1454,355.6583,355.6583,599.8036999999999
2023-06-08 18:00:00,188.9668,260.8877,108.5559,160.5614,160.5614,269.1173
2023-06-08 19:00:00,63.41845,67.32072,31.18017,45.83482,45.83482,77.01499
2023-06-08 20:00:00,5.071173,-5.2985,1.645456,2.453789,,4.099245
2023-06-08 21:00:00,0.0,-5.019144,0.0,0.0,,0.0
2023-06-08 22:00:00,0.0,-4.966376,0.0,0.0,,0.0
2023-06-08 23:00:00,0.0,-5.001647,0.0,0.0,,0.0
2023-06-09 00:00:00,0.0,-4.936494,0.0,0.0,,0.0
2023-06-09 01:00:00,0.0,-4.94711,0.0,0.0,,0.0
2023-06-09 02:00:00,0.0,-4.974897,0.0,0.0,,0.0
2023-06-09 03:00:00,0.0,-5.000582,0.0,0.0,,0.0
2023-06-09 04:00:00,0.0,-5.009608,0.0,0.0,,0.0
2023-06-09 05:00:00,0.02577778,-7.436509,0.0,0.0,,0.0
2023-06-09 06:00:00,23.1161,30.57692,16.01288,23.50534,,39.51822
2023-06-09 07:00:00,115.0128,169.0653,71.60091,105.0957,105.0957,176.69661
2023-06-09 08:00:00,284.6219,453.0367,187.9401,272.0657,272.0657,460.0058
2023-06-09 09:00:00,496.136,793.2137,327.5742,471.6755,471.6755,799.2497000000001
2023-06-09 10:00:00,681.2718,1017.495,397.9207,624.7725,624.7725,1022.6932
2023-06-09 11:00:00,798.8212,1177.485,464.6339,715.9267,715.9267,1180.5606
2023-06-09 12:00:00,893.6633,1344.005,563.5199,783.0085,783.0085,1346.5284000000001
2023-06-09 13:00:00,958.6057,1433.776,607.5172,832.882,832.882,1440.3991999999998
2023-06-09 14:00:00,914.4628,1374.257,583.696,797.2444,797.2444,1380.9404
2023-06-09 15:00:00,790.4053,1194.497,507.9589,693.2594,693.2594,1201.2183
2023-06-09 16:00:00,601.9603,917.7179,389.7069,534.4589,534.4589,924.1658
2023-06-09 17:00:00,382.6246,561.5331,242.5477,328.356,328.356,570.9037
2023-06-09 18:00:00,182.26,244.7564,107.1075,146.5054,146.5054,253.61290000000002
2023-06-09 19:00:00,65.19057,67.5934,31.95291,45.12487,45.12487,77.07778
2023-06-09 20:00:00,6.74567,-4.119928,2.112256,3.231092,,5.343348
2023-06-09 21:00:00,0.0,-5.026475,0.0,0.0,,0.0
2023-06-09 22:00:00,0.0,-4.95171,0.0,0.0,,0.0
2023-06-09 23:00:00,0.0,-5.047832,0.0,0.0,,0.0
2023-06-10 00:00:00,0.0,-4.890745,0.0,0.0,,0.0
2023-06-10 01:00:00,0.0,-4.936164,0.0,0.0,,0.0
2023-06-10 02:00:00,0.0,-4.953516,0.0,0.0,,0.0
2023-06-10 03:00:00,0.0,-4.991177,0.0,0.0,,0.0
2023-06-10 04:00:00,0.0,-5.029754,0.0,0.0,,0.0
2023-06-10 05:00:00,0.01227778,-7.468713,0.0,0.0,,0.0
2023-06-10 06:00:00,19.94186,26.8857,15.22191,21.03868,,36.26059
2023-06-10 07:00:00,104.7621,163.5348,71.49024,99.91798,99.91798,171.40822
2023-06-10 08:00:00,265.0088,445.1158,190.7514,261.2333,261.2333,451.9847
2023-06-10 09:00:00,491.1489,806.2012,342.4579,471.1365,471.1365,813.5944
2023-06-10 10:00:00,679.0965,1070.587,454.5388,622.4673,622.4673,1077.0061
2023-06-10 11:00:00,827.6021,1262.17,536.1259,731.5471,731.5471,1267.673
2023-06-10 12:00:00,922.9337,1362.098,573.6163,794.7614,794.7614,1368.3777
2023-06-10 13:00:00,950.3063,1406.159,596.2172,815.5088,815.5088,1411.726
2023-06-10 14:00:00,905.9584,1317.678,557.4185,772.2896,772.2896,1329.7080999999998
2023-06-10 15:00:00,695.0207,1086.172,460.0212,625.0011,625.0011,1085.0223
2023-06-10 16:00:00,605.6144,911.1918,386.9694,530.8481,530.8481,917.8175000000001
2023-06-10 17:00:00,409.5093,589.6082,251.0208,347.1143,347.1143,598.1351
2023-06-10 18:00:00,229.5436,307.3072,131.7501,184.117,184.117,315.8671
2023-06-10 19:00:00,63.06164,65.28431,31.40216,43.64941,43.64941,75.05157
2023-06-10 20:00:00,7.015158,-3.871364,2.436585,3.435237,,5.871822
2023-06-10 21:00:00,0.02823611,-5.172014,0.0,0.0,,0.0
2023-06-10 22:00:00,0.0,-5.086377,0.0,0.0,,0.0
2023-06-10 23:00:00,0.0,-4.900825,0.0,0.0,,0.0
2023-06-11 00:00:00,0.0,-4.949292,0.0,0.0,,0.0
2023-06-11 01:00:00,0.0,-5.005685,0.0,0.0,,0.0
2023-06-11 02:00:00,0.0,-5.005015,0.0,0.0,,0.0
2023-06-11 03:00:00,0.0,-4.967648,0.0,0.0,,0.0
2023-06-11 04:00:00,0.0,-4.985343,0.0,0.0,,0.0
2023-06-11 05:00:00,0.03185295,-7.442956,0.0,0.0,,0.0
2023-06-11 06:00:00,12.57396,13.38647,9.475641,13.12739,,22.603031
2023-06-11 07:00:00,110.9545,163.0527,71.73112,99.39848,99.39848,171.1296
2023-06-11 08:00:00,277.5919,444.5363,189.6541,261.2434,261.2434,450.89750000000004
2023-06-11 09:00:00,478.106,771.9391,327.6067,449.8406,449.8406,777.4473
2023-06-11 10:00:00,634.7477,1033.18,443.1597,595.1948,595.1948,1038.3545
2023-06-11 11:00:00,685.1203,1016.19,441.6411,577.9894,577.9894,1019.6305
2023-06-11 12:00:00,801.3019,1168.034,501.2256,675.3088,675.3088,1176.5344
2023-06-11 13:00:00,612.6009,983.6524,419.6887,550.184,550.184,969.8726999999999
2023-06-11 14:00:00,672.9614,1049.949,447.2953,609.0768,609.0768,1056.3721
2023-06-11 15:00:00,716.2371,1042.545,452.824,616.3995,616.3995,1069.2235
2023-06-11 16:00:00,465.0518,720.3558,307.3954,427.8286,427.8286,735.2239999999999
2023-06-11 17:00:00,306.4275,470.0826,202.6466,266.2218,266.2218,468.86839999999995
2023-06-11 18:00:00,41.52686,42.44765,21.92426,30.07541,,51.99967
2023-06-11 19:00:00,22.9625,21.14951,12.85364,18.12172,,30.975360000000002
2023-06-11 20:00:00,1.835805,-8.3941,0.1933579,0.1386234,,0.33198130000000003
2023-06-11 21:00:00,0.0,-5.150623,0.0,0.0,,0.0
2023-06-11 22:00:00,0.0,-5.068166,0.0,0.0,,0.0
2023-06-11 23:00:00,0.0,-5.029583,0.0,0.0,,0.0
2023-06-12 00:00:00,0.0,-4.919202,0.0,0.0,,0.0
2023-06-12 01:00:00,0.0,-4.931043,0.0,0.0,,0.0
2023-06-12 02:00:00,0.0,-4.966489,0.0,0.0,,0.0
2023-06-12 03:00:00,0.0,-4.99917,0.0,0.0,,0.0
2023-06-12 04:00:00,0.0,-5.139359,0.0,0.0,,0.0
2023-06-12 05:00:00,0.0,-6.757183,0.0,0.0,,0.0
2023-06-12 06:00:00,1.918984,-6.183556,1.346171,2.035286,,3.381457
2023-06-12 07:00:00,69.07876,105.9719,46.44714,65.05891,65.05891,111.50604999999999
2023-06-12 08:00:00,185.1035,312.654,133.5644,184.4257,184.4257,317.9901
2023-06-12 09:00:00,372.5727,569.3997,234.6618,306.9736,306.9736,541.6354
2023-06-12 10:00:00,424.5265,655.5787,264.3722,413.3475,413.3475,677.7197000000001
2023-06-12 11:00:00,533.3288,804.7487,331.0741,480.0764,480.0764,811.1505
2023-06-12 12:00:00,611.4349,919.0087,383.0356,540.8448,540.8448,923.8804
2023-06-12 13:00:00,625.9329,929.111,396.2196,522.4606,522.4606,918.6802
2023-06-12 14:00:00,597.1684,832.0859,363.4898,477.7949,477.7949,841.2846999999999
2023-06-12 15:00:00,534.2129,914.666,384.3539,503.347,503.347,887.7009
2023-06-12 16:00:00,219.3935,343.5063,148.5846,205.2016,205.2016,353.7862
2023-06-12 17:00:00,216.1658,335.7512,145.7808,200.9721,200.9721,346.7529
2023-06-12 18:00:00,214.5496,306.7178,134.0919,182.665,182.665,316.7569
2023-06-12 19:00:00,47.07558,49.03541,24.87307,33.51187,,58.38494
2023-06-12 20:00:00,7.053251,-2.314365,2.899289,3.83778,,6.737069
2023-06-12 21:00:00,0.0,-5.095684,0.0,0.0,,0.0
2023-06-12 22:00:00,0.0,-5.02979,0.0,0.0,,0.0
2023-06-12 23:00:00,0.0,-5.080194,0.0,0.0,,0.0
2023-06-13 00:00:00,0.0,-5.101786,0.0,0.0,,0.0
2023-06-13 01:00:00,0.0,-5.016748,0.0,0.0,,0.0
2023-06-13 02:00:00,0.0,-5.049441,0.0,0.0,,0.0
2023-06-13 03:00:00,0.0,-4.970478,0.0,0.0,,0.0
2023-06-13 04:00:00,0.0,-4.884022,0.0,0.0,,0.0
2023-06-13 05:00:00,0.09744445,-7.29378,0.0,0.0,,0.0
2023-06-13 06:00:00,34.28076,58.01087,28.38827,39.35743,,67.7457
2023-06-13 07:00:00,99.41367,154.6949,69.27789,94.46961,94.46961,163.7475
2023-06-13 08:00:00,261.8029,436.9821,187.1521,254.0402,254.0402,441.1923
2023-06-13 09:00:00,415.398,695.5009,305.0156,395.3088,395.3088,700.3244
2023-06-13 10:00:00,513.8599,759.6794,325.8712,429.5389,429.5389,755.4101
2023-06-13 11:00:00,849.57,1290.951,554.949,744.3986,744.3986,1299.3476
2023-06-13 12:00:00,942.1481,1398.852,596.5555,807.0426,807.0426,1403.5981000000002
2023-06-13 13:00:00,969.5453,1432.047,616.2723,823.6608,823.6608,1439.9331
2023-06-13 14:00:00,905.2652,1364.509,590.8028,785.4304,785.4304,1376.2332000000001
2023-06-13 15:00:00,779.0957,1062.158,470.631,688.1649,688.1649,1158.7959
2023-06-13 16:00:00,601.9786,994.4613,401.6732,568.7894,568.7894,970.4626000000001
2023-06-13 17:00:00,370.4852,555.315,236.3494,321.3295,321.3295,557.6789
2023-06-13 18:00:00,136.7279,205.737,90.65009,120.7961,120.7961,211.44619
2023-06-13 19:00:00,62.92896,72.74438,34.73127,47.78978,47.78978,82.52105
2023-06-13 20:00:00,7.5482,-2.799335,2.792392,3.870042,,6.662434
2023-06-13 21:00:00,0.0,-5.0793,0.0,0.0,,0.0
2023-06-13 22:00:00,0.0,-5.003857,0.0,0.0,,0.0
2023-06-13 23:00:00,0.0,-5.081007,0.0,0.0,,0.0
2023-06-14 00:00:00,0.0,-5.11798,0.0,0.0,,0.0
2023-06-14 01:00:00,0.0,-5.081624,0.0,0.0,,0.0
2023-06-14 02:00:00,0.0,-4.95577,0.0,0.0,,0.0
2023-06-14 03:00:00,8.510348e-05,-4.956919,0.0,0.0,,0.0
2023-06-14 04:00:00,0.01480378,-4.944191,0.0,0.0,,0.0
2023-06-14 05:00:00,0.0437402,-7.156443,0.0,0.0,,0.0
2023-06-14 06:00:00,18.57091,20.29988,12.20096,17.3847,,29.585659999999997
2023-06-14 07:00:00,103.0079,141.6635,63.13863,86.79642,86.79642,149.93505
2023-06-14 08:00:00,287.7105,472.4174,203.2488,275.1433,275.1433,478.3921
2023-06-14 09:00:00,503.2334,839.0822,359.2852,485.1252,485.1252,844.4104
2023-06-14 10:00:00,690.7994,1123.501,481.1673,647.2771,647.2771,1128.4444
2023-06-14 11:00:00,837.5553,1298.361,559.7371,752.1651,752.1651,1311.9022
2023-06-14 12:00:00,819.0859,1270.719,539.5015,723.35,723.35,1262.8515
2023-06-14 13:00:00,523.3717,802.7094,331.4838,453.6555,453.6555,785.1393
2023-06-14 14:00:00,454.2893,703.5447,303.3153,410.5449,410.5449,713.8602
2023-06-14 15:00:00,643.0579,1007.651,454.5587,574.2289,574.2289,1028.7875999999999
2023-06-14 16:00:00,435.8825,699.4534,312.3015,406.8541,406.8541,719.1556
2023-06-14 17:00:00,267.1118,431.9517,184.1345,254.7911,254.7911,438.92560000000003
2023-06-14 18:00:00,199.9454,282.6556,125.0136,169.7638,169.7638,294.7774
2023-06-14 19:00:00,63.49626,71.77791,34.40492,47.21869,47.21869,81.62361
2023-06-14 20:00:00,5.666923,-4.01731,2.198056,3.039934,,5.23799
2023-06-14 21:00:00,0.002902778,-5.124564,0.0,0.0,,0.0
2023-06-14 22:00:00,0.0,-5.071778,0.0,0.0,,0.0
2023-06-14 23:00:00,0.0,-4.999951,0.0,0.0,,0.0
2023-06-15 00:00:00,0.0,-5.020724,0.0,0.0,,0.0
2023-06-15 01:00:00,0.0,-5.021554,0.0,0.0,,0.0
2023-06-15 02:00:00,0.04531944,-5.05601,0.0,0.0,,0.0
2023-06-15 03:00:00,0.0,-5.097807,0.0,0.0,,0.0
2023-06-15 04:00:00,0.02672222,-4.898234,0.0,0.0,,0.0
2023-06-15 05:00:00,0.0301389,-7.097044,0.0,0.0,,0.0
2023-06-15 06:00:00,21.31923,26.70017,15.11488,21.24886,,36.36374
2023-06-15 07:00:00,86.36395,135.0966,59.95375,82.7709,82.7709,142.72465
2023-06-15 08:00:00,293.7015,472.7479,202.9409,275.4843,275.4843,478.4252
2023-06-15 09:00:00,498.5555,808.731,346.2699,465.6616,465.6616,811.9315
2023-06-15 10:00:00,640.5609,1001.57,423.1542,578.926,578.926,1002.0802000000001
2023-06-15 11:00:00,614.112,938.9646,417.9046,529.5441,529.5441,947.4486999999999
2023-06-15 12:00:00,809.1083,1161.197,515.4704,654.9208,654.9208,1170.3912
2023-06-15 13:00:00,786.6438,1093.442,497.5706,613.0331,613.0331,1110.6037000000001
2023-06-15 14:00:00,754.2348,1124.727,489.4587,635.4164,635.4164,1124.8751
2023-06-15 15:00:00,609.2991,927.991,414.2992,516.9767,516.9767,931.2759000000001
2023-06-15 16:00:00,447.3626,733.8573,318.3051,405.2922,405.2922,723.5972999999999
2023-06-15 17:00:00,314.2003,453.088,203.3076,265.401,265.401,468.70860000000005
2023-06-15 18:00:00,169.2452,243.4956,111.6967,140.7733,140.7733,252.47000000000003
2023-06-15 19:00:00,70.34727,86.55366,42.18657,53.77297,53.77297,95.95954
2023-06-15 20:00:00,8.027794,-2.763393,2.876419,3.89973,,6.776149
2023-06-15 21:00:00,0.0,-5.137975,0.0,0.0,,0.0
2023-06-15 22:00:00,0.0,-5.126641,0.0,0.0,,0.0
2023-06-15 23:00:00,0.0,-5.121841,0.0,0.0,,0.0
2023-06-16 00:00:00,0.01458333,-5.037845,0.0,0.0,,0.0
2023-06-16 01:00:00,0.0,-5.019203,0.0,0.0,,0.0
2023-06-16 02:00:00,0.01887283,-5.041424,0.0,0.0,,0.0
2023-06-16 03:00:00,0.01836328,-5.0307,0.0,0.0,,0.0
2023-06-16 04:00:00,0.0,-5.036125,0.0,0.0,,0.0
2023-06-16 05:00:00,0.028813,-7.167163,0.0,0.0,,0.0
2023-06-16 06:00:00,27.21884,40.33243,21.882,27.95449,,49.83649
2023-06-16 07:00:00,94.77042,152.2724,70.84557,89.64405,89.64405,160.48962
2023-06-16 08:00:00,265.7592,443.8278,199.4789,250.5616,250.5616,450.0405
2023-06-16 09:00:00,480.8841,814.4258,364.0549,455.5388,455.5388,819.5936999999999
2023-06-16 10:00:00,537.5188,858.2409,396.6542,481.8353,481.8353,878.4895
2023-06-16 11:00:00,637.5105,1003.538,469.6138,551.5496,551.5496,1021.1634000000001
2023-06-16 12:00:00,756.4089,1134.89,525.4575,610.1913,610.1913,1135.6488
2023-06-16 13:00:00,872.4653,1281.275,552.7645,702.7469,702.7469,1255.5113999999999
2023-06-16 14:00:00,348.2429,466.637,224.5754,281.6278,281.6278,506.2032
2023-06-16 15:00:00,284.9547,406.2458,186.8218,228.5787,228.5787,415.40049999999997
2023-06-16 16:00:00,609.0291,963.8291,430.5326,539.5166,539.5166,970.0492
2023-06-16 17:00:00,402.4806,622.2247,278.9219,350.4207,350.4207,629.3426
2023-06-16 18:00:00,192.2294,269.5952,123.2604,154.7148,154.7148,277.9752
2023-06-16 19:00:00,57.09212,62.06789,31.5499,40.3256,40.3256,71.8755
2023-06-16 20:00:00,6.687218,-3.121129,2.951933,3.155812,,6.1077449999999995
2023-06-16 21:00:00,0.02629915,-5.161252,0.0,0.0,,0.0
2023-06-16 22:00:00,0.0,-5.12937,0.0,0.0,,0.0
2023-06-16 23:00:00,0.0005234205,-5.038522,0.0,0.0,,0.0
2023-06-17 00:00:00,0.01087935,-5.025475,0.0,0.0,,0.0
2023-06-17 01:00:00,0.003736111,-5.006928,0.0,0.0,,0.0
2023-06-17 02:00:00,0.0,-5.052292,0.0,0.0,,0.0
2023-06-17 03:00:00,0.0,-4.965907,0.0,0.0,,0.0
2023-06-17 04:00:00,0.0,-4.932895,0.0,0.0,,0.0
2023-06-17 05:00:00,0.01882353,-7.02466,0.0,0.0,,0.0
2023-06-17 06:00:00,21.50515,27.89684,16.38469,21.2798,,37.66449
2023-06-17 07:00:00,106.4657,159.469,73.6134,94.1532,94.1532,167.76659999999998
2023-06-17 08:00:00,277.0233,464.6966,208.8506,261.9245,261.9245,470.7751
2023-06-17 09:00:00,485.3658,832.368,372.2459,465.017,465.017,837.2629
2023-06-17 10:00:00,680.9875,1138.334,508.9457,634.1736,634.1736,1143.1192999999998
2023-06-17 11:00:00,828.5299,1337.264,598.6622,744.1933,744.1933,1342.8555000000001
2023-06-17 12:00:00,920.2079,1419.754,636.8345,789.1451,789.1451,1425.9796000000001
2023-06-17 13:00:00,840.4558,1311.796,558.6504,724.8461,724.8461,1283.4965
2023-06-17 14:00:00,791.7763,1174.492,534.4823,663.5522,663.5522,1198.0345
2023-06-17 15:00:00,730.2045,1155.984,512.5049,652.7166,652.7166,1165.2215
2023-06-17 16:00:00,608.8736,918.3665,412.3918,505.9727,505.9727,918.3644999999999
2023-06-17 17:00:00,377.3421,558.9731,257.8468,308.3048,308.3048,566.1515999999999
2023-06-17 18:00:00,199.9475,276.0374,127.0584,157.6395,157.6395,284.6979
2023-06-17 19:00:00,69.18863,74.33929,36.99157,47.07281,47.07281,84.06438
2023-06-17 20:00:00,7.533902,-2.612055,3.137361,4.120363,,7.257724
2023-06-17 21:00:00,0.02053625,-5.227084,0.0,0.0,,0.0
2023-06-17 22:00:00,4.707877e-05,-5.026025,0.0,0.0,,0.0
2023-06-17 23:00:00,0.007055555,-5.07528,0.0,0.0,,0.0
2023-06-18 00:00:00,0.0085,-4.944418,0.0,0.0,,0.0
2023-06-18 01:00:00,0.0,-4.966836,0.0,0.0,,0.0
2023-06-18 02:00:00,0.00700602,-4.884356,0.0,0.0,,0.0
2023-06-18 03:00:00,0.007521757,-5.00125,0.0,0.0,,0.0
2023-06-18 04:00:00,0.0,-5.028912,0.0,0.0,,0.0
2023-06-18 05:00:00,0.02916857,-7.167651,0.0,0.0,,0.0
2023-06-18 06:00:00,22.33094,30.43528,17.47424,22.42084,,39.89508
2023-06-18 07:00:00,111.2109,169.9536,78.3012,99.61305,99.61305,177.91424999999998
2023-06-18 08:00:00,274.5999,453.669,203.9004,256.1263,256.1263,460.0267
2023-06-18 09:00:00,473.7826,788.6729,352.3652,441.4941,441.4941,793.8593000000001
2023-06-18 10:00:00,667.5622,1080.44,483.4475,602.321,602.321,1085.7685000000001
2023-06-18 11:00:00,822.2998,1284.244,574.5046,715.7632,715.7632,1290.2678
2023-06-18 12:00:00,930.2121,1400.655,626.7559,780.0112,780.0112,1406.7671
2023-06-18 13:00:00,741.3328,1126.311,511.1975,621.6942,621.6942,1132.8917000000001
2023-06-18 14:00:00,908.3336,1350.527,610.2704,746.9125,746.9125,1357.1829
2023-06-18 15:00:00,740.2314,1063.741,481.133,594.2677,594.2677,1075.4007
2023-06-18 16:00:00,564.9897,850.6357,372.266,475.8781,475.8781,848.1441
2023-06-18 17:00:00,396.8238,592.0187,264.9476,337.4921,337.4921,602.4397
2023-06-18 18:00:00,198.2589,276.2466,126.238,158.5414,158.5414,284.7794
2023-06-18 19:00:00,82.30759,96.37503,46.84264,58.94224,58.94224,105.78488
2023-06-18 20:00:00,8.3389,-2.588681,3.009621,3.81727,,6.826891
2023-06-18 21:00:00,0.0009479848,-5.079266,0.0,0.0,,0.0
2023-06-18 22:00:00,0.02064331,-5.038661,0.0,0.0,,0.0
2023-06-18 23:00:00,7.891415e-05,-5.043263,0.0,0.0,,0.0
2023-06-19 00:00:00,0.0,-5.048065,0.0,0.0,,0.0
2023-06-19 01:00:00,0.0,-5.095791,0.0,0.0,,0.0
2023-06-19 02:00:00,0.0,-5.074937,0.0,0.0,,0.0
2023-06-19 03:00:00,0.0,-5.131539,0.0,0.0,,0.0
2023-06-19 04:00:00,0.0,-5.072097,0.0,0.0,,0.0
2023-06-19 05:00:00,0.003152777,-7.188692,0.0,0.0,,0.0
2023-06-19 06:00:00,12.97458,14.38396,10.55921,13.53099,,24.0902
2023-06-19 07:00:00,79.73613,124.3564,58.70629,74.27325,74.27325,132.97954000000001
2023-06-19 08:00:00,241.0024,391.2565,175.769,221.695,221.695,397.464
2023-06-19 09:00:00,457.2315,763.862,341.6475,427.7055,427.7055,769.353
2023-06-19 10:00:00,669.3949,980.4928,442.6867,548.3048,548.3048,990.9915
2023-06-19 11:00:00,754.5249,1179.922,533.9579,649.7862,649.7862,1183.7441
2023-06-19 12:00:00,865.1046,1370.348,613.6071,756.6995,756.6995,1370.3066
2023-06-19 13:00:00,933.1136,1412.767,629.8011,792.0739,792.0739,1421.875
2023-06-19 14:00:00,868.5015,1339.203,599.2004,747.6874,747.6874,1346.8878
2023-06-19 15:00:00,567.0748,883.298,396.8806,494.5208,494.5208,891.4014
2023-06-19 16:00:00,290.6656,466.4993,210.2421,263.4762,263.4762,473.7183
2023-06-19 17:00:00,217.2165,343.7046,155.5111,196.1498,196.1498,351.66089999999997
2023-06-19 18:00:00,143.5365,216.2715,99.26187,125.8903,125.8903,225.15217
2023-06-19 19:00:00,66.73293,85.47459,41.80532,53.39639,53.39639,95.20170999999999
2023-06-19 20:00:00,4.881486,-5.557408,1.626324,1.954861,,3.581185
2023-06-19 21:00:00,0.0,-4.986872,0.0,0.0,,0.0
2023-06-19 22:00:00,0.0,-4.97516,0.0,0.0,,0.0
2023-06-19 23:00:00,0.0,-5.019142,0.0,0.0,,0.0
2023-06-20 00:00:00,0.0,-4.943596,0.0,0.0,,0.0
2023-06-20 01:00:00,0.0,-4.899097,0.0,0.0,,0.0
2023-06-20 02:00:00,0.0,-4.907473,0.0,0.0,,0.0
2023-06-20 03:00:00,0.005680555,-4.898913,0.0,0.0,,0.0
2023-06-20 04:00:00,0.0,-4.936244,0.0,0.0,,0.0
2023-06-20 05:00:00,0.005680555,-6.372436,0.0,0.0,,0.0
2023-06-20 06:00:00,8.966202,6.895351,7.021915,9.05636,,16.078274999999998
2023-06-20 07:00:00,54.91632,86.37898,42.10999,53.2981,53.2981,95.40809
2023-06-20 08:00:00,140.4295,226.5031,103.5927,131.0503,131.0503,234.64299999999997
2023-06-20 09:00:00,195.56,314.7759,142.5314,180.5119,180.5119,323.0433
2023-06-20 10:00:00,261.8383,432.1471,193.8727,244.7732,244.7732,438.6459
2023-06-20 11:00:00,606.4077,952.4083,421.5308,537.8631,537.8631,959.3939
2023-06-20 12:00:00,471.826,689.4405,303.2723,383.6801,383.6801,686.9523999999999
2023-06-20 13:00:00,517.6387,864.3168,388.6908,479.4941,479.4941,868.1849
2023-06-20 14:00:00,485.0909,742.1951,339.5682,414.3019,414.3019,753.8701
2023-06-20 15:00:00,251.3949,359.4094,161.8443,208.3553,208.3553,370.19960000000003
2023-06-20 16:00:00,200.0949,335.9686,152.1187,191.8273,191.8273,343.946
2023-06-20 17:00:00,131.4567,200.3008,92.27159,116.321,116.321,208.59259
2023-06-20 18:00:00,86.96478,142.7181,66.59026,85.06452,85.06452,151.65478000000002
2023-06-20 19:00:00,54.76385,72.96655,36.31496,46.45245,46.45245,82.76741
2023-06-20 20:00:00,3.678618,-5.125295,1.630735,1.933791,,3.564526
2023-06-20 21:00:00,0.0,-5.075174,0.0,0.0,,0.0
2023-06-20 22:00:00,0.0,-5.080912,0.0,0.0,,0.0
2023-06-20 23:00:00,0.0,-4.927321,0.0,0.0,,0.0
2023-06-21 00:00:00,0.005666668,-4.9931,0.0,0.0,,0.0
2023-06-21 01:00:00,0.0,-4.966283,0.0,0.0,,0.0
2023-06-21 02:00:00,0.0,-5.008277,0.0,0.0,,0.0
2023-06-21 03:00:00,0.0,-4.9466,0.0,0.0,,0.0
2023-06-21 04:00:00,0.0,-4.868375,0.0,0.0,,0.0
2023-06-21 05:00:00,0.0,-6.444674,0.0,0.0,,0.0
2023-06-21 06:00:00,4.815917,-3.672368,2.543284,3.346658,,5.889942
2023-06-21 07:00:00,25.45063,34.94689,19.78095,24.54966,,44.33061
2023-06-21 08:00:00,43.20714,67.8483,33.64695,43.3198,,76.96674999999999
2023-06-21 09:00:00,104.2314,182.9412,84.16463,107.1432,107.1432,191.30783
2023-06-21 10:00:00,121.2384,202.1853,93.16811,116.5727,116.5727,209.74081
2023-06-21 11:00:00,128.9158,216.7693,99.35807,125.0978,125.0978,224.45587
2023-06-21 12:00:00,266.0585,446.115,202.216,250.3759,250.3759,452.5919
2023-06-21 13:00:00,294.4661,488.128,218.4471,276.3138,276.3138,494.7609
2023-06-21 14:00:00,223.4087,357.4272,161.6124,203.5869,203.5869,365.1993
2023-06-21 15:00:00,393.2631,645.9583,293.3474,362.2343,362.2343,655.5817
2023-06-21 16:00:00,449.0524,727.1611,323.8739,411.5507,411.5507,735.4246
2023-06-21 17:00:00,321.494,473.4836,216.0521,271.6365,271.6365,487.6886
2023-06-21 18:00:00,142.0823,214.4423,98.04826,125.0803,125.0803,223.12856
2023-06-21 19:00:00,100.0194,130.2988,61.66684,77.43318,77.43318,139.10002
2023-06-21 20:00:00,8.518116,-0.74159,3.914175,4.812372,,8.726547
2023-06-21 21:00:00,0.017,-5.130547,0.0,0.0,,0.0
2023-06-21 22:00:00,0.0,-5.032257,0.0,0.0,,0.0
2023-06-21 23:00:00,0.0,-4.988022,0.0,0.0,,0.0
2023-06-22 00:00:00,0.008111113,-5.017474,0.0,0.0,,0.0
2023-06-22 01:00:00,0.0,-4.946444,0.0,0.0,,0.0
2023-06-22 02:00:00,0.0,-4.901618,0.0,0.0,,0.0
2023-06-22 03:00:00,0.0,-4.879353,0.0,0.0,,0.0
2023-06-22 04:00:00,0.0,-4.850721,0.0,0.0,,0.0
2023-06-22 05:00:00,0.00916122,-6.896111,0.0,0.0,,0.0
2023-06-22 06:00:00,23.60315,32.53986,18.54339,23.85445,,42.39784
2023-06-22 07:00:00,115.006,173.3899,79.83594,102.0527,102.0527,181.88864
2023-06-22 08:00:00,271.0277,458.2036,203.3159,260.1713,260.1713,463.4872
2023-06-22 09:00:00,382.3916,629.223,281.7914,357.2642,357.2642,639.0556
2023-06-22 10:00:00,573.6234,868.0054,391.7108,483.921,483.921,875.6318
2023-06-22 11:00:00,81.21913,112.8115,53.8747,68.52625,68.52625,122.40095
2023-06-22 12:00:00,10.66436,8.919904,7.825515,10.51904,,18.344555
2023-06-22 13:00:00,86.68059,152.7806,70.98719,90.2524,90.2524,161.23959
2023-06-22 14:00:00,250.3416,420.8396,189.1048,243.4218,243.4218,432.52660000000003
2023-06-22 15:00:00,578.6353,812.9673,372.8055,444.9843,444.9843,817.7898
2023-06-22 16:00:00,168.1574,285.7806,134.992,166.688,166.688,301.67999999999995
2023-06-22 17:00:00,286.7051,506.1258,227.9715,284.4171,284.4171,512.3886
2023-06-22 18:00:00,115.8659,182.3298,83.96333,107.0998,107.0998,191.06313
2023-06-22 19:00:00,53.30076,65.20498,32.82687,42.03748,42.03748,74.86435
2023-06-22 20:00:00,1.839098,-7.784888,0.6349522,0.7404603,,1.3754125
2023-06-22 21:00:00,0.0,-5.054334,0.0,0.0,,0.0
2023-06-22 22:00:00,0.01702778,-5.084821,0.0,0.0,,0.0
2023-06-22 23:00:00,0.017,-5.113092,0.0,0.0,,0.0
2023-06-23 00:00:00,0.0002071078,-5.046588,0.0,0.0,,0.0
2023-06-23 01:00:00,0.01504289,-5.017662,0.0,0.0,,0.0
2023-06-23 02:00:00,0.0,-5.074965,0.0,0.0,,0.0
2023-06-23 03:00:00,0.01702778,-5.133302,0.0,0.0,,0.0
2023-06-23 04:00:00,0.0,-5.121358,0.0,0.0,,0.0
2023-06-23 05:00:00,0.001376362,-6.956361,0.0,0.0,,0.0
2023-06-23 06:00:00,21.3721,29.55671,17.02396,21.71092,,38.734880000000004
2023-06-23 07:00:00,97.99281,153.9275,71.65249,90.422,90.422,162.07449
2023-06-23 08:00:00,217.6735,362.0154,163.4071,205.5775,205.5775,368.9846
2023-06-23 09:00:00,315.1265,519.3326,237.3817,293.5944,293.5944,530.9761
2023-06-23 10:00:00,523.5434,965.5031,428.1215,521.2084,521.2084,949.3299
2023-06-23 11:00:00,366.2008,594.2174,269.8191,337.1546,337.1546,606.9737
2023-06-23 12:00:00,585.9641,864.5718,393.1044,478.6932,478.6932,871.7976
2023-06-23 13:00:00,191.7747,317.6068,144.0814,181.4411,181.4411,325.52250000000004
2023-06-23 14:00:00,230.8762,394.9891,180.0611,222.711,222.711,402.7721
2023-06-23 15:00:00,184.9047,327.7016,148.3087,186.4337,186.4337,334.7424
2023-06-23 16:00:00,359.2114,595.4069,264.5903,330.6854,330.6854,595.2757
2023-06-23 17:00:00,281.5193,447.4683,200.3971,252.7068,252.7068,453.10389999999995
2023-06-23 18:00:00,241.7646,348.1042,158.1167,197.9619,197.9619,356.07860000000005
2023-06-23 19:00:00,78.30614,91.09826,44.23938,56.55589,56.55589,100.79526999999999
2023-06-23 20:00:00,5.854441,-5.548009,1.603508,2.442409,,4.045917
2023-06-23 21:00:00,0.01066667,-5.316274,0.0,0.0,,0.0
2023-06-23 22:00:00,0.0,-5.078551,0.0,0.0,,0.0
2023-06-23 23:00:00,0.01875,-5.002759,0.0,0.0,,0.0
2023-06-24 00:00:00,0.0,-5.077479,0.0,0.0,,0.0
2023-06-24 01:00:00,0.01706945,-5.073986,0.0,0.0,,0.0
2023-06-24 02:00:00,0.01952778,-4.883557,0.0,0.0,,0.0
2023-06-24 03:00:00,0.0,-4.916376,0.0,0.0,,0.0
2023-06-24 04:00:00,0.0,-4.915373,0.0,0.0,,0.0
2023-06-24 05:00:00,0.02572222,-6.859204,0.0,0.0,,0.0
2023-06-24 06:00:00,17.66779,24.02601,15.01309,18.68046,,33.69355
2023-06-24 07:00:00,56.82406,95.58503,45.53221,57.5149,57.5149,103.04711
2023-06-24 08:00:00,141.546,218.5691,105.5154,133.5482,133.5482,239.0636
2023-06-24 09:00:00,363.6083,559.1518,255.4723,318.8695,318.8695,574.3418
2023-06-24 10:00:00,577.7087,862.6555,385.0156,472.4062,472.4062,857.4218000000001
2023-06-24 11:00:00,716.9014,1092.882,509.4083,587.5841,587.5841,1096.9924
2023-06-24 12:00:00,837.8574,1260.328,565.8855,702.7065,702.7065,1268.592
2023-06-24 13:00:00,873.2731,1113.039,511.4326,629.2493,629.2493,1140.6819
2023-06-24 14:00:00,903.1955,1370.3,616.6426,759.2219,759.2219,1375.8645000000001
2023-06-24 15:00:00,752.5377,959.019,429.3364,570.7515,570.7515,1000.0879
2023-06-24 16:00:00,280.7048,551.9722,270.6652,277.741,277.741,548.4062
2023-06-24 17:00:00,219.697,328.8606,150.4451,187.0795,187.0795,337.52459999999996
2023-06-24 18:00:00,32.28488,30.56333,17.47543,23.06176,,40.537189999999995
2023-06-24 19:00:00,21.7755,26.02101,15.54977,19.91739,,35.46716
2023-06-24 20:00:00,4.88394,-5.916102,1.590972,1.993438,,3.58441
2023-06-24 21:00:00,0.0004603175,-5.317223,0.0,0.0,,0.0
2023-06-24 22:00:00,0.0,-5.096041,0.0,0.0,,0.0
2023-06-24 23:00:00,0.0,-5.031075,0.0,0.0,,0.0
2023-06-25 00:00:00,0.0,-5.078023,0.0,0.0,,0.0
2023-06-25 01:00:00,0.02266667,-5.08284,0.0,0.0,,0.0
2023-06-25 02:00:00,0.0,-4.934524,0.0,0.0,,0.0
2023-06-25 03:00:00,0.0,-4.911556,0.0,0.0,,0.0
2023-06-25 04:00:00,0.0,-4.95587,0.0,0.0,,0.0
2023-06-25 05:00:00,0.0,-7.087289,0.0,0.0,,0.0
2023-06-25 06:00:00,23.024,29.02145,17.04944,21.71764,,38.76708
2023-06-25 07:00:00,115.3327,125.7221,59.0485,75.06011,75.06011,134.10861
2023-06-25 08:00:00,277.6552,457.265,205.4772,258.0963,258.0963,463.57349999999997
2023-06-25 09:00:00,484.6171,819.308,366.432,458.0969,458.0969,824.5289
2023-06-25 10:00:00,678.3323,1093.153,488.9277,609.855,609.855,1098.7827
2023-06-25 11:00:00,821.0566,1200.599,537.5673,678.9651,678.9651,1216.5324
2023-06-25 12:00:00,926.3205,1421.759,637.0433,790.8667,790.8667,1427.91
2023-06-25 13:00:00,944.4473,1444.608,646.5441,804.9253,804.9253,1451.4694
2023-06-25 14:00:00,898.5323,1382.806,619.7817,769.8892,769.8892,1389.6709
2023-06-25 15:00:00,758.4202,1225.588,549.2963,683.4554,683.4554,1232.7517
2023-06-25 16:00:00,561.4114,872.5793,384.1996,483.3698,483.3698,867.5694
2023-06-25 17:00:00,427.2508,653.042,294.8668,366.5544,366.5544,661.4212
2023-06-25 18:00:00,206.2627,282.3878,129.253,162.6794,162.6794,291.9324
2023-06-25 19:00:00,73.48244,81.21083,39.96392,50.51692,50.51692,90.48084
2023-06-25 20:00:00,9.361691,-1.352581,3.490398,4.590592,,8.08099
2023-06-25 21:00:00,0.07811654,-5.138577,0.0,0.0,,0.0
2023-06-25 22:00:00,0.00372537,-5.112731,0.0,0.0,,0.0
2023-06-25 23:00:00,0.02155027,-5.093292,0.0,0.0,,0.0
2023-06-26 00:00:00,0.02058862,-5.049487,0.0,0.0,,0.0
2023-06-26 01:00:00,0.01924945,-4.938345,0.0,0.0,,0.0
2023-06-26 02:00:00,0.02173217,-4.978559,0.0,0.0,,0.0
2023-06-26 03:00:00,0.04432394,-4.942628,0.0,0.0,,0.0
2023-06-26 04:00:00,0.0,-4.896671,0.0,0.0,,0.0
2023-06-26 05:00:00,0.04269348,-6.682292,0.0,0.0,,0.0
2023-06-26 06:00:00,13.41499,12.05368,9.456798,12.20087,,21.657668
2023-06-26 07:00:00,91.28181,140.2989,65.99229,82.78865,82.78865,148.78094
2023-06-26 08:00:00,240.5434,402.4377,181.1651,234.6655,234.6655,415.8306
2023-06-26 09:00:00,473.4817,811.9659,357.2293,452.6982,452.6982,809.9275
2023-06-26 10:00:00,675.8812,1043.465,466.2936,587.7961,587.7961,1054.0897
2023-06-26 11:00:00,633.5238,1038.712,463.3152,577.6396,577.6396,1040.9548
2023-06-26 12:00:00,909.4355,1416.375,635.9264,789.917,789.917,1425.8434
2023-06-26 13:00:00,885.5518,1375.961,615.4091,766.3936,766.3936,1381.8027
2023-06-26 14:00:00,856.855,1341.816,598.6165,740.976,740.976,1339.5925
2023-06-26 15:00:00,783.4673,1206.37,538.7562,677.5746,677.5746,1216.3308000000002
2023-06-26 16:00:00,624.8677,910.1319,408.1609,510.0836,510.0836,918.2445
2023-06-26 17:00:00,395.8597,609.1346,278.7509,341.971,341.971,620.7219
2023-06-26 18:00:00,200.7869,274.8503,123.5091,156.1944,156.1944,279.7035
2023-06-26 19:00:00,67.38638,56.88185,29.23292,36.92527,36.92527,66.15818999999999
2023-06-26 20:00:00,6.648549,-4.325925,2.615423,2.982938,,5.598361
2023-06-26 21:00:00,0.001854878,-5.389199,0.0,0.0,,0.0
2023-06-26 22:00:00,0.01553401,-5.108342,0.0,0.0,,0.0
2023-06-26 23:00:00,0.0,-5.063256,0.0,0.0,,0.0
2023-06-27 00:00:00,0.0,-5.044576,0.0,0.0,,0.0
2023-06-27 01:00:00,0.0,-5.067105,0.0,0.0,,0.0
2023-06-27 02:00:00,0.0,-4.914121,0.0,0.0,,0.0
2023-06-27 03:00:00,0.0,-4.895347,0.0,0.0,,0.0
2023-06-27 04:00:00,0.0,-4.916646,0.0,0.0,,0.0
2023-06-27 05:00:00,0.02769499,-6.607055,0.0,0.0,,0.0
2023-06-27 06:00:00,6.144364,1.424579,4.882656,5.949861,,10.832517
2023-06-27 07:00:00,95.93906,136.2876,63.53949,81.4864,81.4864,145.02589
2023-06-27 08:00:00,278.4634,456.7974,205.8178,258.4682,258.4682,464.28600000000006
2023-06-27 09:00:00,412.3239,693.9182,306.015,386.6367,386.6367,692.6517
2023-06-27 10:00:00,658.0302,1057.054,474.8279,599.4174,599.4174,1074.2453
2023-06-27 11:00:00,803.4631,1232.01,542.8225,688.9919,688.9919,1231.8144
2023-06-27 12:00:00,868.7738,1304.833,585.9103,726.5759,726.5759,1312.4862
2023-06-27 13:00:00,942.0865,1402.526,627.5463,783.2156,783.2156,1410.7619
2023-06-27 14:00:00,730.0486,1084.448,470.8935,621.1845,621.1845,1092.078
2023-06-27 15:00:00,628.1241,1004.293,447.1744,562.4862,562.4862,1009.6606
2023-06-27 16:00:00,613.5878,980.5993,442.7596,543.7003,543.7003,986.4599
2023-06-27 17:00:00,377.3928,584.9087,262.7679,331.0634,331.0634,593.8313
2023-06-27 18:00:00,190.583,267.5858,122.031,153.0361,153.0361,275.0671
2023-06-27 19:00:00,75.19608,82.2393,40.67993,51.36673,51.36673,92.04666
2023-06-27 20:00:00,9.465084,-1.607544,3.661514,4.578055,,8.239569
2023-06-27 21:00:00,0.00920717,-5.314248,0.0,0.0,,0.0
2023-06-27 22:00:00,0.0,-5.048998,0.0,0.0,,0.0
2023-06-27 23:00:00,0.0,-4.987941,0.0,0.0,,0.0
2023-06-28 00:00:00,0.0,-4.992805,0.0,0.0,,0.0
2023-06-28 01:00:00,0.0,-4.938715,0.0,0.0,,0.0
2023-06-28 02:00:00,0.0,-4.91605,0.0,0.0,,0.0
2023-06-28 03:00:00,0.0,-4.968912,0.0,0.0,,0.0
2023-06-28 04:00:00,0.0,-4.982387,0.0,0.0,,0.0
2023-06-28 05:00:00,0.0,-6.964652,0.0,0.0,,0.0
2023-06-28 06:00:00,15.9246,21.198,13.32269,16.92782,,30.25051
2023-06-28 07:00:00,98.78612,156.1311,72.52481,92.03391,92.03391,164.55872
2023-06-28 08:00:00,265.7312,442.6421,198.1622,250.4248,250.4248,448.587
2023-06-28 09:00:00,469.5196,798.4588,356.6672,447.0947,447.0947,803.7619
2023-06-28 10:00:00,663.9729,1097.498,490.6716,612.0195,612.0195,1102.6911
2023-06-28 11:00:00,815.87,1289.512,577.3521,718.1672,718.1672,1295.5193
2023-06-28 12:00:00,917.152,1412.554,633.3353,786.0862,786.0862,1419.4215
2023-06-28 13:00:00,936.564,1439.314,644.0726,801.8141,801.8141,1445.8867
2023-06-28 14:00:00,874.519,1294.417,572.2997,717.1471,717.1471,1289.4468000000002
2023-06-28 15:00:00,745.3906,1168.375,527.8774,651.4016,651.4016,1179.279
2023-06-28 16:00:00,611.5059,953.3005,429.5505,533.96,533.96,963.5105000000001
2023-06-28 17:00:00,431.2923,676.03,301.4407,381.5845,381.5845,683.0252
2023-06-28 18:00:00,216.5605,297.0498,135.3337,170.9516,170.9516,306.2853
2023-06-28 19:00:00,69.3812,71.67079,35.76603,45.30673,45.30673,81.07276
2023-06-28 20:00:00,9.120152,-1.510045,3.474675,4.708377,,8.183052
2023-06-28 21:00:00,0.04176389,-5.230068,0.0,0.0,,0.0
2023-06-28 22:00:00,0.0,-5.070539,0.0,0.0,,0.0
2023-06-28 23:00:00,0.0,-4.985139,0.0,0.0,,0.0
2023-06-29 00:00:00,0.0,-4.98597,0.0,0.0,,0.0
2023-06-29 01:00:00,0.0,-5.055807,0.0,0.0,,0.0
2023-06-29 02:00:00,0.005666668,-4.88002,0.0,0.0,,0.0
2023-06-29 03:00:00,0.0,-4.879431,0.0,0.0,,0.0
2023-06-29 04:00:00,0.0,-4.883821,0.0,0.0,,0.0
2023-06-29 05:00:00,0.005652777,-6.745092,0.0,0.0,,0.0
2023-06-29 06:00:00,17.22363,23.52874,14.41259,18.62067,,33.03326
2023-06-29 07:00:00,100.1588,156.4397,72.85571,91.95607,91.95607,164.81178
2023-06-29 08:00:00,239.0493,394.4386,176.8995,224.1217,224.1217,401.0212
2023-06-29 09:00:00,460.4323,778.4178,347.6325,436.1498,436.1498,783.7823000000001
2023-06-29 10:00:00,649.4808,1059.992,473.5859,591.6891,591.6891,1065.275
2023-06-29 11:00:00,814.0256,1285.96,574.6179,716.9213,716.9213,1291.5392
2023-06-29 12:00:00,877.584,1168.788,523.6756,652.5661,652.5661,1176.2417
2023-06-29 13:00:00,907.8188,1152.888,541.6755,619.5162,619.5162,1161.1917
2023-06-29 14:00:00,911.7132,1270.517,583.2047,691.0068,691.0068,1274.2115
2023-06-29 15:00:00,810.4025,1215.228,535.7328,684.8732,684.8732,1220.606
2023-06-29 16:00:00,504.3593,741.701,338.2628,411.7583,411.7583,750.0211
2023-06-29 17:00:00,399.0323,616.986,278.4209,346.0679,346.0679,624.4888000000001
2023-06-29 18:00:00,204.2034,289.4594,131.9603,166.4499,166.4499,298.41020000000003
2023-06-29 19:00:00,69.53218,79.51255,39.49101,49.49254,49.49254,88.98355000000001
2023-06-29 20:00:00,4.96342,-5.871315,1.772639,1.731452,,3.504091
2023-06-29 21:00:00,0.02063889,-5.145378,0.0,0.0,,0.0
2023-06-29 22:00:00,0.006291667,-5.150228,0.0,0.0,,0.0
2023-06-29 23:00:00,0.0,-5.138579,0.0,0.0,,0.0
2023-06-30 00:00:00,0.0,-4.964961,0.0,0.0,,0.0
2023-06-30 01:00:00,0.0,-5.011364,0.0,0.0,,0.0
2023-06-30 02:00:00,0.02266667,-5.047414,0.0,0.0,,0.0
2023-06-30 03:00:00,0.0,-5.046945,0.0,0.0,,0.0
2023-06-30 04:00:00,0.04533333,-5.063766,0.0,0.0,,0.0
2023-06-30 05:00:00,0.1300555,-7.08941,0.0,0.0,,0.0
2023-06-30 06:00:00,24.41489,35.12514,19.31675,24.95828,,44.27503
2023-06-30 07:00:00,105.6746,174.8978,80.25029,102.095,102.095,182.34529
2023-06-30 08:00:00,239.9987,400.2144,180.0137,226.3073,226.3073,406.321
2023-06-30 09:00:00,422.972,712.8459,318.467,402.4453,402.4453,720.9123
2023-06-30 10:00:00,632.3969,1001.267,451.4938,553.9686,553.9686,1005.4624000000001
2023-06-30 11:00:00,711.9733,1132.719,510.6758,630.7849,630.7849,1141.4607
2023-06-30 12:00:00,533.0043,799.6688,362.3533,445.4554,445.4554,807.8087
2023-06-30 13:00:00,373.1967,589.815,264.554,332.2381,332.2381,596.7920999999999
2023-06-30 14:00:00,368.6839,585.4344,262.8655,329.8226,329.8226,592.6881000000001
2023-06-30 15:00:00,400.7445,632.6179,284.4489,355.9468,355.9468,640.3957
2023-06-30 16:00:00,564.2365,864.537,389.742,484.0728,484.0728,873.8148
2023-06-30 17:00:00,385.8783,593.0507,266.125,333.3317,333.3317,599.4567
2023-06-30 18:00:00,199.5464,279.753,128.0414,160.3973,160.3973,288.43870000000004
2023-06-30 19:00:00,67.4053,75.2397,37.33887,47.43346,47.43346,84.77233
2023-06-30 20:00:00,5.616228,-5.261682,1.960921,2.482512,,4.443433
2023-06-30 21:00:00,0.0,-5.14924,0.0,0.0,,0.0
2023-06-30 22:00:00,0.02301389,-5.115627,0.0,0.0,,0.0
2023-06-30 23:00:00,0.0,-5.160432,0.0,0.0,,0.0
