Schell Solar Farm,Unnamed: 1,Unnamed: 2,Unnamed: 3,Unnamed: 4,Unnamed: 5
,,,,,
Timestamp,POA*,"SMA Kodiak SC-1850 - A1, AC Real Power","SMA Kodiak SC-1850 - B1, AC Real Power","SMA Kodiak SC-1850 - C1, AC Real Power",Production meter active power
,W/mÂ²,kW,kW,kW,kW
2022-11-01 00:00:00,0,0,0,0,-7.385096
2022-11-01 01:00:00,0,0,0,0,-7.369024
2022-11-01 02:00:00,0,0,0,0,-7.25037
2022-11-01 03:00:00,0,0,0,0,-7.247393
2022-11-01 04:00:00,0,0,0,0,-7.228255
2022-11-01 05:00:00,0,0,0,0,-7.230791
2022-11-01 06:00:00,0,0,0,0,-7.105206
2022-11-01 07:00:00,1.027807,0,0,0,-6.846084
2022-11-01 08:00:00,104.0853,169,178.5,160.5,507.8704
2022-11-01 09:00:00,102.609,158,176,161.75,491.4423
2022-11-01 10:00:00,167.9356,284.5,305.75,274.5,850.757
2022-11-01 11:00:00,673.968,1368.75,1558.5,1396.25,4208.789
2022-11-01 12:00:00,825.6903,1529.25,1659.5,1512.75,4643.231
2022-11-01 13:00:00,827.0289,1536.25,1655.75,1517.25,4653.546
2022-11-01 14:00:00,739.7499,1369.5,1497.25,1366.25,4179.561
2022-11-01 15:00:00,596.2059,1134.75,1243.5,1122.5,3461.342
2022-11-01 16:00:00,385.8225,749.25,821,737.25,2299.046
2022-11-01 17:00:00,138.7356,227,241.25,167.5,636.7266
2022-11-01 18:00:00,1.406201,6.75,7.25,6.5,14.41725
2022-11-01 19:00:00,0,0,0,0,-7.207656
2022-11-01 20:00:00,0,0,0,0,-7.235145
2022-11-01 21:00:00,0,0,0,0,-7.230562
2022-11-01 22:00:00,0,0,0,0,-7.21847
2022-11-01 23:00:00,0,0,0,0,-7.271246
2022-11-02 00:00:00,0,0,0,0,-7.298079
2022-11-02 01:00:00,0,0,0,0,-7.33501
2022-11-02 02:00:00,0,0,0,0,-7.299282
2022-11-02 03:00:00,0,0,0,0,-7.329663
2022-11-02 04:00:00,0,0,0,0,-7.280491
2022-11-02 05:00:00,0,0,0,0,-7.24386
2022-11-02 06:00:00,0,0,0,0,-7.13301
2022-11-02 07:00:00,9.85046,18.5,19.5,17.25,46.8497
2022-11-02 08:00:00,148.2095,250.75,271,248.75,759.7676
2022-11-02 09:00:00,221.5304,390,426.25,384.5,1190.19
2022-11-02 10:00:00,290.4407,529.75,579.75,526.5,1624.321
2022-11-02 11:00:00,361.5106,669.5,727,670.25,2041.356
2022-11-02 12:00:00,390.0385,685.5,726.75,680,2108.784
2022-11-02 13:00:00,377.2173,672.5,729,674,2066.813
2022-11-02 14:00:00,298.5204,529,584.25,520.25,1623.818
2022-11-02 15:00:00,126.9706,236.75,259.75,233.75,722.4349
2022-11-02 16:00:00,155.9095,285.25,313.25,280.75,868.7196
2022-11-02 17:00:00,55.12986,91.75,99.25,85.75,277.2109
2022-11-02 18:00:00,0.6476649,1.75,2,2,-0.819216
2022-11-02 19:00:00,0,0,0,0,-7.266954
2022-11-02 20:00:00,0,0,0,0,-7.29207
2022-11-02 21:00:00,0,0,0,0,-7.295782
2022-11-02 22:00:00,0,0,0,0,-7.269967
2022-11-02 23:00:00,0,0,0,0,-7.289516
2022-11-03 00:00:00,0,0,0,0,-7.301046
2022-11-03 01:00:00,0,0,0,0,-7.292768
2022-11-03 02:00:00,0,0,0,0,-7.277068
2022-11-03 03:00:00,0,0,0,0,-7.282135
2022-11-03 04:00:00,0,0,0,0,-7.294559
2022-11-03 05:00:00,0,0,0,0,-7.303092
2022-11-03 06:00:00,0,0,0,0,-7.251694
2022-11-03 07:00:00,1.595369,2,2,2.25,-0.1408817
2022-11-03 08:00:00,150.459,244,266.25,234,728.5664
2022-11-03 09:00:00,438.7056,838.75,868.75,739.5,2385.376
2022-11-03 10:00:00,282.9154,537.25,582.25,516.75,1573.667
2022-11-03 11:00:00,425.9,754.25,837,717,2315.456
2022-11-03 12:00:00,293.2093,497.25,551.75,536,1571.723
2022-11-03 13:00:00,303.3813,521,567.5,522.25,1588.912
2022-11-03 14:00:00,206.4572,354.5,395.25,369.25,1111.979
2022-11-03 15:00:00,264.7317,497.5,532.5,458.75,1471.313
2022-11-03 16:00:00,265.0221,509.25,554.5,499.5,1531.384
2022-11-03 17:00:00,87.2029,141.5,153,111,401.0982
2022-11-03 18:00:00,0.6471699,2.25,2.5,2.25,0.755985
2022-11-03 19:00:00,0,0,0,0,-7.255062
2022-11-03 20:00:00,0,0,0,0,-7.183199
2022-11-03 21:00:00,0,0,0,0,-7.189375
2022-11-03 22:00:00,0,0,0,0,-7.197207
2022-11-03 23:00:00,0,0,0,0,-7.253614
2022-11-04 00:00:00,0,0,0,0,-7.257384
2022-11-04 01:00:00,0,0,0,0,-7.264498
2022-11-04 02:00:00,0,0,0,0,-7.20475
2022-11-04 03:00:00,0,0,0,0,-7.188699
2022-11-04 04:00:00,0,0,0,0,-7.194892
2022-11-04 05:00:00,0,0,0,0,-7.288332
2022-11-04 06:00:00,0,0,0,0,-7.226443
2022-11-04 07:00:00,2.588944,1.75,2,1.5,-0.9512888
2022-11-04 08:00:00,62.65162,97,106.25,100.25,296.8766
2022-11-04 09:00:00,137.5417,234.25,252.5,225.5,700.9966
2022-11-04 10:00:00,198.9588,348,381.25,347,1064.274
2022-11-04 11:00:00,569.9835,1070,1202,1034.75,3273.36
2022-11-04 12:00:00,787.9991,1486.25,1595.5,1439.5,4419.698
2022-11-04 13:00:00,522.2474,914.5,978.5,890.75,2755.01
2022-11-04 14:00:00,220.7536,383,418.25,377.75,1170.274
2022-11-04 15:00:00,502.2689,936.5,1016,926.75,2852.251
2022-11-04 16:00:00,305.6869,597.25,659.75,560.5,1775.051
2022-11-04 17:00:00,118.5515,189.25,203.25,152,542.5386
2022-11-04 18:00:00,0.3610432,2.25,2.5,2,0.3842835
2022-11-04 19:00:00,0,0,0,0,-7.294128
2022-11-04 20:00:00,0,0,0,0,-7.292761
2022-11-04 21:00:00,0,0,0,0,-7.310361
2022-11-04 22:00:00,0,0,0,0,-7.278601
2022-11-04 23:00:00,0,0,0,0,-7.27447
2022-11-05 00:00:00,0,0,0,0,-7.323955
2022-11-05 01:00:00,0,0,0,0,-7.237848
2022-11-05 02:00:00,0,0,0,0,-7.274897
2022-11-05 03:00:00,0,0,0,0,-7.279981
2022-11-05 04:00:00,0,0,0,0,-7.269055
2022-11-05 05:00:00,0,0,0,0,-7.283062
2022-11-05 06:00:00,0,0,0,0,-7.239427
2022-11-05 07:00:00,4.627987,8,8.75,8.25,18.67085
2022-11-05 08:00:00,147.215,291.5,317.25,287,877.9534
2022-11-05 09:00:00,391.4881,826.5,907.75,815.25,2515.846
2022-11-05 10:00:00,623.1951,1200.5,1309.25,1194.75,3676.595
2022-11-05 11:00:00,684.0749,1303,1425.75,1290.5,3968.367
2022-11-05 12:00:00,621.6272,1122,1078.75,971,3150.022
2022-11-05 13:00:00,688.838,1232,1279.5,1349.25,3908.074
2022-11-05 14:00:00,432.2195,988.5,1026.25,791.75,2616.3
2022-11-05 15:00:00,457.9968,933.25,1052.25,880.25,2688.722
2022-11-05 16:00:00,257.2327,432,485,477.25,1412.283
2022-11-05 17:00:00,56.05767,80.5,87.5,79.25,258.193
2022-11-05 18:00:00,0.4078104,0.5,0.75,0.75,-4.288034
2022-11-05 19:00:00,0,0,0,0,-7.152437
2022-11-05 20:00:00,0,0,0,0,-7.18331
2022-11-05 21:00:00,0,0,0,0,-7.226587
2022-11-05 22:00:00,0,0,0,0,-7.228911
2022-11-05 23:00:00,0,0,0,0,-7.174383
2022-11-06 00:00:00,0,0,0,0,-7.204229
2022-11-06 01:00:00,0,0,0,0,-7.234437
2022-11-06 01:00:00,0,0,0,0,-7.229491
2022-11-06 02:00:00,0,0,0,0,-7.252796
2022-11-06 03:00:00,0,0,0,0,-7.335918
2022-11-06 04:00:00,0,0,0,0,-7.320424
2022-11-06 05:00:00,0,0,0,0,-7.299345
2022-11-06 06:00:00,3.673021,7.75,8.25,7.75,17.13778
2022-11-06 07:00:00,172.9614,320.75,349.5,317.25,967.8375
2022-11-06 08:00:00,426.5526,836.75,925.25,825,2550.656
2022-11-06 09:00:00,470.4749,884.5,962.75,873.5,2701.82
2022-11-06 10:00:00,586.6666,1037,1120,1058.75,3252.008
2022-11-06 11:00:00,500.7541,902,987.25,887.75,2741.399
2022-11-06 12:00:00,572.4374,974,1179.5,1065.75,3263.799
2022-11-06 13:00:00,219.9879,350.75,357.75,337.5,1067.615
2022-11-06 14:00:00,197.6022,322.25,365.5,356,1031.784
2022-11-06 15:00:00,370.7148,685.25,750.75,670.25,2106.2
2022-11-06 16:00:00,84.01584,156.25,158.5,97,400.1353
2022-11-06 17:00:00,0.2444109,1.5,1.5,1.25,-1.967366
2022-11-06 18:00:00,0,0,0,0,-7.329912
2022-11-06 19:00:00,0,0,0,0,-7.292591
2022-11-06 20:00:00,0,0,0,0,-7.223503
2022-11-06 21:00:00,0,0,0,0,-7.271769
2022-11-06 22:00:00,0,0,0,0,-7.280636
2022-11-06 23:00:00,0,0,0,0,-7.330795
2022-11-07 00:00:00,0,0,0,0,-7.321372
2022-11-07 01:00:00,0,0,0,0,-7.298485
2022-11-07 02:00:00,0,0,0,0,-7.355858
2022-11-07 03:00:00,0,0,0,0,-7.391229
2022-11-07 04:00:00,0.07749949,0,0,0,-7.384121
2022-11-07 05:00:00,0,0,0,0,-7.249205
2022-11-07 06:00:00,1.742232,1.25,1,1.25,-3.383946
2022-11-07 07:00:00,51.15609,79,86.75,78.5,237.047
2022-11-07 08:00:00,284.2495,592.5,638.25,584.75,1783.531
2022-11-07 09:00:00,564.5181,1122,1229,1110,3419.522
2022-11-07 10:00:00,729.6959,1321,1437.5,1262.5,3944.404
2022-11-07 11:00:00,656.1455,1197.5,1260,1196.75,3661.336
2022-11-07 12:00:00,592.5419,999,1091,979,3056.507
2022-11-07 13:00:00,583.7615,1034,1083.5,952.5,3044.069
2022-11-07 14:00:00,251.2113,419,465.25,433.75,1301.527
2022-11-07 15:00:00,258.4503,480.25,526,468.5,1456.667
2022-11-07 16:00:00,105.6112,156.75,167.75,113,437.005
2022-11-07 17:00:00,0.1300839,1,1.25,1,-3.35059
2022-11-07 18:00:00,0,0,0,0,-7.212908
2022-11-07 19:00:00,0,0,0,0,-7.213035
2022-11-07 20:00:00,0,0,0,0,-7.216447
2022-11-07 21:00:00,0,0,0,0,-7.171881
2022-11-07 22:00:00,0,0,0,0,-7.269146
2022-11-07 23:00:00,0,0,0,0,-7.2027
2022-11-08 00:00:00,0,0,0,0,-7.237781
2022-11-08 01:00:00,0,0,0,0,-7.297181
2022-11-08 02:00:00,0,0,0,0,-7.302431
2022-11-08 03:00:00,0,0,0,0,-7.310789
2022-11-08 04:00:00,0,0,0,0,-7.33875
2022-11-08 05:00:00,0,0,0,0,-7.306105
2022-11-08 06:00:00,6.20718,7.75,7.5,6.75,13.87548
2022-11-08 07:00:00,187.0474,327.5,358,324,990.9608
2022-11-08 08:00:00,433.0359,902.25,987.5,891.5,2748.758
2022-11-08 09:00:00,639.3969,1303,1427.25,1290.5,3968.765
2022-11-08 10:00:00,784.1725,1555.25,1653,1536.5,4684.12
2022-11-08 11:00:00,855.7582,1660.5,1665.25,1643.5,4903.71
2022-11-08 12:00:00,847.1005,1637.75,1665.5,1625,4864.136
2022-11-08 13:00:00,763.5352,1491.75,1617.25,1473.5,4525.971
2022-11-08 14:00:00,610.2115,1209.25,1321.75,1193.75,3686.433
2022-11-08 15:00:00,395.2416,781.75,856,764.5,2385.76
2022-11-08 16:00:00,134.4216,182.5,192,123,495.3212
2022-11-08 17:00:00,0.1598154,1.25,1.5,1,-2.584706
2022-11-08 18:00:00,0,0,0,0,-7.249485
2022-11-08 19:00:00,0,0,0,0,-7.222261
2022-11-08 20:00:00,0,0,0,0,-7.247844
2022-11-08 21:00:00,0,0,0,0,-7.204015
2022-11-08 22:00:00,0,0,0,0,-7.204267
2022-11-08 23:00:00,0,0,0,0,-7.189063
2022-11-09 00:00:00,0,0,0,0,-7.17731
2022-11-09 01:00:00,0,0,0,0,-7.206441
2022-11-09 02:00:00,0,0,0,0,-7.183164
2022-11-09 03:00:00,0,0,0,0,-7.175844
2022-11-09 04:00:00,0,0,0,0,-7.187908
2022-11-09 05:00:00,0,0,0,0,-7.204338
2022-11-09 06:00:00,2.77217,4.75,5.5,4.75,8.136161
2022-11-09 07:00:00,162.1849,283.25,310.25,281.5,860.9426
2022-11-09 08:00:00,406.4797,846.5,925.75,838.25,2581.88
2022-11-09 09:00:00,611.272,1250.5,1369.75,1240.75,3817.257
2022-11-09 10:00:00,754.7194,1501.5,1629.5,1488.5,4562.096
2022-11-09 11:00:00,824.5463,1607.75,1666.25,1590.25,4801.045
2022-11-09 12:00:00,746.6718,1429.25,1473.25,1407.25,4264.809
2022-11-09 13:00:00,407.8748,733,804.25,727.25,2242.161
2022-11-09 14:00:00,332.7701,577,635.5,582.25,1801.844
2022-11-09 15:00:00,144.4704,243.5,263.75,235.75,738.6478
2022-11-09 16:00:00,40.91161,64.25,70.5,62,193.8398
2022-11-09 17:00:00,0.2593003,0.5,0.5,0.5,-5.341717
2022-11-09 18:00:00,0,0,0,0,-7.299443
2022-11-09 19:00:00,0,0,0,0,-7.256383
2022-11-09 20:00:00,0,0,0,0,-7.157668
2022-11-09 21:00:00,0,0,0,0,-7.240004
2022-11-09 22:00:00,0,0,0,0,-7.250202
2022-11-09 23:00:00,0,0,0,0,-7.247655
2022-11-10 00:00:00,0,0,0,0,-7.269717
2022-11-10 01:00:00,0,0,0,0,-7.246238
2022-11-10 02:00:00,0,0,0,0,-7.241493
2022-11-10 03:00:00,0,0,0,0,-7.285482
2022-11-10 04:00:00,0,0,0,0,-7.307325
2022-11-10 05:00:00,0,0,0,0,-7.28312
2022-11-10 06:00:00,1.775281,1.5,1.25,1.25,-2.881529
2022-11-10 07:00:00,73.4055,111.75,123.25,116.25,345.567
2022-11-10 08:00:00,113.7166,189.25,208,188.75,577.122
2022-11-10 09:00:00,320.9842,579.75,634.25,581,1760.756
2022-11-10 10:00:00,547.2967,1003,1104.75,990,3046.668
2022-11-10 11:00:00,653.0881,1255.25,1362.75,1231.75,3828.556
2022-11-10 12:00:00,502.0698,904.25,910.75,891.25,2740.907
2022-11-10 13:00:00,276.8471,466.5,498.5,462.25,1417.986
2022-11-10 14:00:00,176.1434,299,327.25,296,916.8937
2022-11-10 15:00:00,113.3587,189.25,208.5,191,584.0311
2022-11-10 16:00:00,13.41318,22.5,24.75,22.5,65.94025
2022-11-10 17:00:00,0.003137256,0,0,0,-7.214633
2022-11-10 18:00:00,0,0,0,0,-7.223775
2022-11-10 19:00:00,0,0,0,0,-7.194564
2022-11-10 20:00:00,0,0,0,0,-7.251628
2022-11-10 21:00:00,0,0,0,0,-7.205086
2022-11-10 22:00:00,0,0,0,0,-7.238622
2022-11-10 23:00:00,0,0,0,0,-7.260657
2022-11-11 00:00:00,0,0,0,0,-7.285371
2022-11-11 01:00:00,0,0,0,0,-7.471739
2022-11-11 02:00:00,0,0,0,0,-7.325096
2022-11-11 03:00:00,0,0,0,0,-7.377401
2022-11-11 04:00:00,0,0,0,0,-7.536455
2022-11-11 05:00:00,0,0,0,0,-7.356926
2022-11-11 06:00:00,0.7511379,0,0,0,-7.148834
2022-11-11 07:00:00,35.24815,53.25,57.75,51.75,156.9517
2022-11-11 08:00:00,82.5021,125.5,136,125.25,385.6523
2022-11-11 09:00:00,125.9686,209.75,226.75,204.75,628.1905
2022-11-11 10:00:00,188.2049,331,355.25,328.5,993.3
2022-11-11 11:00:00,391.881,587,671.75,644.5,1938.764
2022-11-11 12:00:00,243.3546,408.5,454.25,379.25,1244.897
2022-11-11 13:00:00,367.9915,683.75,717.25,667,2018.036
2022-11-11 14:00:00,323.5993,603,630.5,509.5,1617.993
2022-11-11 15:00:00,261.9499,451,476,445.75,1358.975
2022-11-11 16:00:00,50.12534,67.25,74,68,205.7592
2022-11-11 17:00:00,0.299709,0.5,0.75,0.5,-5.100407
2022-11-11 18:00:00,0,0,0,0,-7.217247
2022-11-11 19:00:00,0,0,0,0,-7.187059
2022-11-11 20:00:00,0,0,0,0,-7.125721
2022-11-11 21:00:00,0,0,0,0,-7.283209
2022-11-11 22:00:00,0,0,0,0,-7.30745
2022-11-11 23:00:00,0.9700993,0,0,0,-7.22499
2022-11-12 00:00:00,1.694989,0,0,0,-7.280542
2022-11-12 01:00:00,0.4416372,0,0,0,-7.255486
2022-11-12 02:00:00,0,0,0,0,-7.242061
2022-11-12 03:00:00,0,0,0,0,-7.241275
2022-11-12 04:00:00,0,0,0,0,-7.311666
2022-11-12 05:00:00,0,0,0,0,-7.323039
2022-11-12 06:00:00,1.724799,2,2,1.5,-2.021082
2022-11-12 07:00:00,150.1644,233.5,256.75,224,682.6945
2022-11-12 08:00:00,387.0844,791,874.75,782,2428.696
2022-11-12 09:00:00,538.5781,1087.75,1236,1160.75,3355.277
2022-11-12 10:00:00,727.8621,1356.25,1488,1362.25,4145.132
2022-11-12 11:00:00,732.3368,1416.5,1568.75,1383.75,4405.486
2022-11-12 12:00:00,424.6425,856.75,879.75,827,2501.287
2022-11-12 13:00:00,353.8398,774.25,821.75,722.25,2230.042
2022-11-12 14:00:00,280.7679,497.25,557.25,516,1529.432
2022-11-12 15:00:00,241.4619,512.75,553,477.75,1551.002
2022-11-12 16:00:00,36.91935,53.75,58,50.5,158.7037
2022-11-12 17:00:00,0.1048389,0.5,0.5,0.5,-5.408704
2022-11-12 18:00:00,0,0,0,0,-7.260764
2022-11-12 19:00:00,0,0,0,0,-7.248081
2022-11-12 20:00:00,0,0,0,0,-7.217854
2022-11-12 21:00:00,0,0,0,0,-7.271909
2022-11-12 22:00:00,0,0,0,0,-7.281948
2022-11-12 23:00:00,0,0,0,0,-7.320285
2022-11-13 00:00:00,0,0,0,0,-7.337305
2022-11-13 01:00:00,0,0,0,0,-7.331122
2022-11-13 02:00:00,0,0,0,0,-7.337389
2022-11-13 03:00:00,0,0,0,0,-7.377089
2022-11-13 04:00:00,0,0,0,0,-7.364353
2022-11-13 05:00:00,0,0,0,0,-7.344734
2022-11-13 06:00:00,0.4234109,0.5,0.25,0.25,-6.003348
2022-11-13 07:00:00,124.2448,217.25,238.5,219,660.3292
2022-11-13 08:00:00,332.2355,687.25,746.25,684.25,2068.442
2022-11-13 09:00:00,595.1234,1251,1306,1187,3821.782
2022-11-13 10:00:00,767.4778,1542,1649.5,1526,4656.278
2022-11-13 11:00:00,844.3623,1653.5,1666.25,1642.5,4900.64
2022-11-13 12:00:00,847.6043,1632.25,1589.25,1559.25,4781.392
2022-11-13 13:00:00,762.5197,1510,1628.5,1495.75,4575.709
2022-11-13 14:00:00,602.5118,1215.5,1331.75,1203,3710.487
2022-11-13 15:00:00,388.2508,782.25,858.25,757,2381.349
2022-11-13 16:00:00,124.6142,153,158.25,90,400.896
2022-11-13 17:00:00,0.003123947,0.75,1,0.5,-4.444321
2022-11-13 18:00:00,0,0,0,0,-7.231797
2022-11-13 19:00:00,0,0,0,0,-7.247181
2022-11-13 20:00:00,0,0,0,0,-7.257399
2022-11-13 21:00:00,0,0,0,0,-7.230525
2022-11-13 22:00:00,0,0,0,0,-7.236725
2022-11-13 23:00:00,0,0,0,0,-7.225081
2022-11-14 00:00:00,0,0,0,0,-7.173856
2022-11-14 01:00:00,0,0,0,0,-7.194855
2022-11-14 02:00:00,0,0,0,0,-7.204974
2022-11-14 03:00:00,0,0,0,0,-7.145032
2022-11-14 04:00:00,0.02974235,0,0,0,-7.129348
2022-11-14 05:00:00,0,0,0,0,-7.100152
2022-11-14 06:00:00,4.227083,3.25,2.75,2.75,1.717981
2022-11-14 07:00:00,172.1098,279.5,305.75,280,852.1468
2022-11-14 08:00:00,416.8199,895.75,981,885.5,2730.545
2022-11-14 09:00:00,609.9277,1271.5,1391.5,1261.5,3886.82
2022-11-14 10:00:00,721.1797,1444.75,1570,1427,4407.863
2022-11-14 11:00:00,774.0932,1506.5,1608,1497,4574.304
2022-11-14 12:00:00,695.6059,1364.75,1492,1362.5,4110.652
2022-11-14 13:00:00,628.9031,1230.75,1340,1225.75,3724.254
2022-11-14 14:00:00,600.6022,1196,1309.25,1181.5,3645.804
2022-11-14 15:00:00,357.0548,706.75,771.5,698.75,2188.583
2022-11-14 16:00:00,69.0792,103.75,110,72.5,284.7515
2022-11-14 17:00:00,0.006139715,0.75,0.75,0.75,-4.099015
2022-11-14 18:00:00,0,0,0,0,-7.200275
2022-11-14 19:00:00,0,0,0,0,-7.255104
2022-11-14 20:00:00,0,0,0,0,-7.24763
2022-11-14 21:00:00,0.03606875,0,0,0,-7.323427
2022-11-14 22:00:00,0,0,0,0,-7.300661
2022-11-14 23:00:00,0,0,0,0,-7.310637
2022-11-15 00:00:00,0,0,0,0,-7.303348
2022-11-15 01:00:00,0,0,0,0,-7.226878
2022-11-15 02:00:00,0,0,0,0,-7.244793
2022-11-15 03:00:00,0,0,0,0,-7.226927
2022-11-15 04:00:00,0,0,0,0,-7.2488
2022-11-15 05:00:00,0,0,0,0,-7.305978
2022-11-15 06:00:00,1.783422,0.5,-0.75,1.25,-6.595586
2022-11-15 07:00:00,57.22241,88.75,96.75,89,267.2775
2022-11-15 08:00:00,183.1269,320,352.75,320.25,970.2598
2022-11-15 09:00:00,135.6721,240.75,263.5,239,734.6188
2022-11-15 10:00:00,309.6429,580.25,632.75,570.5,1762.957
2022-11-15 11:00:00,175.7388,331.25,361,326.5,1007.074
2022-11-15 12:00:00,113.4728,209,229.5,207,639.5358
2022-11-15 13:00:00,90.85665,173.5,190,171.5,529.379
2022-11-15 14:00:00,33.6367,65,71,65.25,196.8607
2022-11-15 15:00:00,19.15858,36.75,39.75,36,108.468
2022-11-15 16:00:00,5.749925,10,11,10,26.55852
2022-11-15 17:00:00,0,0,0,0,-7.434955
2022-11-15 18:00:00,0,0,0,0,-7.429863
2022-11-15 19:00:00,0,0,0,0,-7.377355
2022-11-15 20:00:00,0,0,0,0,-7.434821
2022-11-15 21:00:00,0.02362326,0,0,0,-7.37512
2022-11-15 22:00:00,0.02818979,0,0,0,-7.319261
2022-11-15 23:00:00,0,0,0,0,-7.25985
2022-11-16 00:00:00,0,0,0,0,-7.272973
2022-11-16 01:00:00,0,0,0,0,-7.248328
2022-11-16 02:00:00,0,0,0,0,-7.223899
2022-11-16 03:00:00,0,0,0,0,-7.241539
2022-11-16 04:00:00,0,0,0,0,-7.266399
2022-11-16 05:00:00,0,0,0,0,-7.212584
2022-11-16 06:00:00,0.4425892,0,0,0,-7.060974
2022-11-16 07:00:00,65.46629,102.5,111.25,104.75,317.9172
2022-11-16 08:00:00,392.0027,788.25,845.5,778,2397.496
2022-11-16 09:00:00,617.7943,1266.5,1389,1241.5,3814.776
2022-11-16 10:00:00,585.6236,1106.75,1154.5,1061.25,3275.085
2022-11-16 11:00:00,720.3516,1377.5,1410.5,1264,4091.565
2022-11-16 12:00:00,763.1027,1503.25,1586.5,1515.5,4462.923
2022-11-16 13:00:00,763.7921,1445.75,1555.5,1427.25,4316.032
2022-11-16 14:00:00,394.4887,727.5,798,718.5,2227.716
2022-11-16 15:00:00,250.1483,444.25,492,437,1355.89
2022-11-16 16:00:00,53.23557,81,89.25,76.25,251.6924
2022-11-16 17:00:00,0,0,0,0,-7.196447
2022-11-16 18:00:00,0,0,0,0,-7.215617
2022-11-16 19:00:00,0,0,0,0,-7.311854
2022-11-16 20:00:00,0,0,0,0,-7.226186
2022-11-16 21:00:00,0,0,0,0,-7.22145
2022-11-16 22:00:00,0,0,0,0,-7.236601
2022-11-16 23:00:00,0,0,0,0,-7.243013
2022-11-17 00:00:00,0,0,0,0,-7.30022
2022-11-17 01:00:00,0,0,0,0,-7.314579
2022-11-17 02:00:00,0,0,0,0,-7.268612
2022-11-17 03:00:00,0,0,0,0,-7.292831
2022-11-17 04:00:00,0,0,0,0,-7.259939
2022-11-17 05:00:00,0,0,0,0,-7.256134
2022-11-17 06:00:00,0.5265592,0.75,0.75,1,30980.48
2022-11-17 07:00:00,145.6259,233.75,255.25,232.5,707.8361
2022-11-17 08:00:00,387.1251,844.25,927,837.5,2577.767
2022-11-17 09:00:00,607.2142,1265.25,1385.25,1250.5,3854.343
2022-11-17 10:00:00,760.0601,1550,1652.25,1532.25,4675.682
2022-11-17 11:00:00,835.1481,1660.25,1666.5,1649.5,4912.473
2022-11-17 12:00:00,835.2378,1650.75,1666.25,1640,4892.237
2022-11-17 13:00:00,748.691,1498.25,1621.5,1479.5,4545.633
2022-11-17 14:00:00,592.3811,1207,1322.25,1194,3686.651
2022-11-17 15:00:00,374.5436,750,822.5,723,2279.496
2022-11-17 16:00:00,111.5465,130.5,132.5,74.25,336.297
2022-11-17 17:00:00,0,0.5,0.5,0.5,-5.344886
2022-11-17 18:00:00,0,0,0,0,-7.199417
2022-11-17 19:00:00,0,0,0,0,-7.229958
2022-11-17 20:00:00,0,0,0,0,-7.196278
2022-11-17 21:00:00,0,0,0,0,-7.269314
2022-11-17 22:00:00,0,0,0,0,-7.259154
2022-11-17 23:00:00,0,0,0,0,-7.238692
2022-11-18 00:00:00,0,0,0,0,-7.254103
2022-11-18 01:00:00,0,0,0,0,-7.229599
2022-11-18 02:00:00,0,0,0,0,-7.232763
2022-11-18 03:00:00,0,0,0,0,-7.244849
2022-11-18 04:00:00,0,0,0,0,-7.258128
2022-11-18 05:00:00,0,0,0,0,-7.251975
2022-11-18 06:00:00,2.452044,1,0.75,1.25,-4.188124
2022-11-18 07:00:00,176.4559,222,242,221.75,671.4267
2022-11-18 08:00:00,418.8032,846,927.5,838,2583.093
2022-11-18 09:00:00,598.7396,1264.75,1384.5,1250.5,3854.35
2022-11-18 10:00:00,745.2827,1519.75,1640.5,1501.5,4606.013
2022-11-18 11:00:00,817.4288,1621,1666,1603.5,4830.621
2022-11-18 12:00:00,815.9623,1608.25,1666.25,1588.5,4803.386
2022-11-18 13:00:00,735.2471,1466.25,1598.5,1447.75,4456.989
2022-11-18 14:00:00,579.8063,1181.25,1293,1166.75,3606.634
2022-11-18 15:00:00,365.6509,730,801.25,701,2219.432
2022-11-18 16:00:00,106.2396,123.5,125.25,70.25,318.011
2022-11-18 17:00:00,0,0.25,0.25,0.25,-6.332818
2022-11-18 18:00:00,0,0,0,0,-7.227796
2022-11-18 19:00:00,0,0,0,0,-7.211246
2022-11-18 20:00:00,0,0,0,0,-7.122883
2022-11-18 21:00:00,0,0,0,0,-7.151655
2022-11-18 22:00:00,0,0,0,0,-7.197872
2022-11-18 23:00:00,0,0,0,0,-7.239275
2022-11-19 00:00:00,0,0,0,0,-7.262842
2022-11-19 01:00:00,0.1084405,0,0,0,-7.270269
2022-11-19 02:00:00,0,0,0,0,-7.253785
2022-11-19 03:00:00,0,0,0,0,-7.235651
2022-11-19 04:00:00,0,0,0,0,-7.246397
2022-11-19 05:00:00,0,0,0,0,-7.260135
2022-11-19 06:00:00,1.163484,0.75,0.5,0.75,-4.655978
2022-11-19 07:00:00,125.7451,193.5,210.75,190.25,592.0884
2022-11-19 08:00:00,387.0743,791,868.25,782.75,2413.312
2022-11-19 09:00:00,569.8599,1203.75,1318.5,1191.75,3666.893
2022-11-19 10:00:00,718.5667,1469.75,1601,1452.25,4469.328
2022-11-19 11:00:00,790.3688,1573.5,1666.25,1556.5,4736.901
2022-11-19 12:00:00,786.2534,1545,1662.5,1531.25,4681.673
2022-11-19 13:00:00,704.4133,1397.5,1529.75,1382.5,4260.411
2022-11-19 14:00:00,550.8113,1116.5,1223.75,1101.5,3411.831
2022-11-19 15:00:00,313.07,610.75,661.25,599.25,1899.545
2022-11-19 16:00:00,46.73819,70.75,77.75,66,215.9719
2022-11-19 17:00:00,0,0,0,0,-7.266025
2022-11-19 18:00:00,0,0,0,0,-7.307397
2022-11-19 19:00:00,0,0,0,0,-7.27542
2022-11-19 20:00:00,0,0,0,0,-7.289186
2022-11-19 21:00:00,0,0,0,0,-7.277756
2022-11-19 22:00:00,0,0,0,0,-7.259366
2022-11-19 23:00:00,0,0,0,0,-7.270452
2022-11-20 00:00:00,0,0,0,0,-7.312133
2022-11-20 01:00:00,0,0,0,0,-7.288713
2022-11-20 02:00:00,0,0,0,0,-7.255953
2022-11-20 03:00:00,0,0,0,0,-7.269736
2022-11-20 04:00:00,0,0,0,0,-7.264866
2022-11-20 05:00:00,0,0,0,0,-7.275778
2022-11-20 06:00:00,0.01197087,0,0,0,-7.2031
2022-11-20 07:00:00,32.94165,57.5,63.25,56.75,171.2765
2022-11-20 08:00:00,175.3535,310,339.25,306,941.9839
2022-11-20 09:00:00,418.7708,788.25,860.25,773.25,2461.896
2022-11-20 10:00:00,558.4609,1077,1178.5,1074.5,3328.523
2022-11-20 11:00:00,587.6381,1154.5,1269,1156,3529.14
2022-11-20 12:00:00,411.8561,827.75,909.25,826.25,2530.834
2022-11-20 13:00:00,358.6057,692,751,678.5,2151.983
2022-11-20 14:00:00,295.2417,534.75,579.75,538.25,1689.834
2022-11-20 15:00:00,179.67,317.75,346.5,318.25,972.9922
2022-11-20 16:00:00,31.68575,53,58,53,160.2894
2022-11-20 17:00:00,0,0,0,0,-7.263781
2022-11-20 18:00:00,0,0,0,0,-7.286463
2022-11-20 19:00:00,0,0,0,0,-7.290305
2022-11-20 20:00:00,0,0,0,0,-7.275329
2022-11-20 21:00:00,0,0,0,0,-7.272403
2022-11-20 22:00:00,0,0,0,0,-7.231885
2022-11-20 23:00:00,0,0,0,0,-7.286393
2022-11-21 00:00:00,0,0,0,0,-7.293325
2022-11-21 01:00:00,0,0,0,0,-7.256821
2022-11-21 02:00:00,0,0,0,0,-7.270846
2022-11-21 03:00:00,0,0,0,0,-7.176102
2022-11-21 04:00:00,0,0,0,0,-7.190695
2022-11-21 05:00:00,0,0,0,0,-7.239089
2022-11-21 06:00:00,0.9929668,0.5,-0.25,0.25,-6.489144
2022-11-21 07:00:00,168.4046,185.5,202,184,560.0762
2022-11-21 08:00:00,422.5997,842,926.75,838.25,2578.532
2022-11-21 09:00:00,590.1569,1252.25,1373,1238,3820.875
2022-11-21 10:00:00,741.9028,1502.5,1632.25,1487.5,4566.381
2022-11-21 11:00:00,819.1827,1615.25,1666.25,1603,4823.118
2022-11-21 12:00:00,815.8926,1599.75,1666.25,1582.75,4789.115
2022-11-21 13:00:00,732.9005,1449.5,1584,1441.75,4440.633
2022-11-21 14:00:00,576.2938,1169,1282.25,1157.75,3584.374
2022-11-21 15:00:00,313.9976,667,741,594.25,1902.688
2022-11-21 16:00:00,101.4307,119,118.25,65.25,302.4964
2022-11-21 17:00:00,0,0.25,0.25,0.25,-6.197402
2022-11-21 18:00:00,0,0,0,0,-7.322925
2022-11-21 19:00:00,0,0,0,0,-7.279011
2022-11-21 20:00:00,0,0,0,0,-7.312993
2022-11-21 21:00:00,0,0,0,0,-7.305995
2022-11-21 22:00:00,0,0,0,0,-7.320349
2022-11-21 23:00:00,0,0,0,0,-7.263754
2022-11-22 00:00:00,0.04832589,0,0,0,-7.204934
2022-11-22 01:00:00,0.1089089,0,0,0,-7.237703
2022-11-22 02:00:00,0,0,0,0,-7.223243
2022-11-22 03:00:00,0,0,0,0,-7.189897
2022-11-22 04:00:00,0,0,0,0,-7.223038
2022-11-22 05:00:00,0,0,0,0,-7.280767
2022-11-22 06:00:00,0.2062536,0,0,0,-7.392165
2022-11-22 07:00:00,118.6373,173.75,194,170.75,519.9248
2022-11-22 08:00:00,363.9132,704.75,744.25,747.25,2142.059
2022-11-22 09:00:00,555.4804,1150.75,1256,1146.5,3634.463
2022-11-22 10:00:00,719.0781,1445.75,1587.75,1428.5,4397.852
2022-11-22 11:00:00,794.0206,1548.75,1666.25,1531.25,4686.067
2022-11-22 12:00:00,701.2113,1395.25,1480.75,1094.75,3947.603
2022-11-22 13:00:00,702.9602,1244.25,1323.75,1286.5,3954.574
2022-11-22 14:00:00,543.1255,970.25,1121.5,1072.25,3147.165
2022-11-22 15:00:00,284.5988,526.5,590.75,558.75,1660.548
2022-11-22 16:00:00,48.64286,73.25,80.75,55.25,200.0288
2022-11-22 17:00:00,0,0,0,0,-7.305421
2022-11-22 18:00:00,0,0,0,0,-7.290978
2022-11-22 19:00:00,0,0,0,0,-7.246209
2022-11-22 20:00:00,0,0,0,0,-7.248359
2022-11-22 21:00:00,0,0,0,0,-7.214538
2022-11-22 22:00:00,0,0,0,0,-7.229165
2022-11-22 23:00:00,0,0,0,0,-7.178528
2022-11-23 00:00:00,0,0,0,0,-7.177154
2022-11-23 01:00:00,0,0,0,0,-7.167834
2022-11-23 02:00:00,0,0,0,0,-7.132935
2022-11-23 03:00:00,0,0,0,0,-7.161194
2022-11-23 04:00:00,0,0,0,0,-7.198215
2022-11-23 05:00:00,0,0,0,0,-7.174171
2022-11-23 06:00:00,0.1676497,-0.25,-0.5,0,-7.403087
2022-11-23 07:00:00,114.4913,149.75,162,151.75,450.5638
2022-11-23 08:00:00,365.0456,775,856.75,772.75,2371.185
2022-11-23 09:00:00,566.6019,1181.5,1297,1171,3607.832
2022-11-23 10:00:00,720.0763,1448.25,1585.5,1429.75,4409.415
2022-11-23 11:00:00,796.752,1563,1665.5,1541.5,4709.475
2022-11-23 12:00:00,796.3248,1543.75,1662.25,1524,4669.375
2022-11-23 13:00:00,713.9802,1397.75,1530.5,1380.25,4257.343
2022-11-23 14:00:00,564.7202,1127.5,1234.5,1113.25,3440.982
2022-11-23 15:00:00,354.7935,672.75,743,644.75,2044.148
2022-11-23 16:00:00,94.95132,108.75,108.25,56,270.0793
2022-11-23 17:00:00,0,0.25,0.25,0.25,-6.344088
2022-11-23 18:00:00,0,0,0,0,-7.366605
2022-11-23 19:00:00,0,0,0,0,-7.354526
2022-11-23 20:00:00,0,0,0,0,-7.323356
2022-11-23 21:00:00,0,0,0,0,-7.316854
2022-11-23 22:00:00,0,0,0,0,-7.329723
2022-11-23 23:00:00,0,0,0,0,-7.313273
2022-11-24 00:00:00,0,0,0,0,-7.337913
2022-11-24 01:00:00,0,0,0,0,-7.364566
2022-11-24 02:00:00,0,0,0,0,-7.365608
2022-11-24 03:00:00,0,0,0,0,-7.35046
2022-11-24 04:00:00,0,0,0,0,-7.322675
2022-11-24 05:00:00,0,0,0,0,-7.291504
2022-11-24 06:00:00,0.1217234,0,-0.75,0,-7.632346
2022-11-24 07:00:00,55.68996,85.5,94,85,259.1809
2022-11-24 08:00:00,202.2846,393,442.75,413,1241.272
2022-11-24 09:00:00,491.8015,964,1079.75,986.25,2975.763
2022-11-24 10:00:00,604.5669,1202.5,1324.75,1187,3655.95
2022-11-24 11:00:00,786.2703,1537.25,1666,1517,4660.955
2022-11-24 12:00:00,771.2481,1482.75,1617.25,1474.75,4511.744
2022-11-24 13:00:00,673.3353,1306.5,1432.25,1305,3996.649
2022-11-24 14:00:00,505.9312,1020,1119.5,1008.25,3122.404
2022-11-24 15:00:00,290.4152,569,622.75,549.75,1779.975
2022-11-24 16:00:00,53.56014,84.25,88.75,62.25,224.1685
2022-11-24 17:00:00,0,0,0,0,-7.105737
2022-11-24 18:00:00,0,0,0,0,-7.304445
2022-11-24 19:00:00,0,0,0,0,-7.334409
2022-11-24 20:00:00,0,0,0,0,-7.290998
2022-11-24 21:00:00,0,0,0,0,-7.264035
2022-11-24 22:00:00,0,0,0,0,-7.296703
2022-11-24 23:00:00,0.008041525,0,0,0,-7.293245
2022-11-25 00:00:00,0.0783049,0,0,0,-7.293433
2022-11-25 01:00:00,0,0,0,0,-7.280013
2022-11-25 02:00:00,0,0,0,0,-7.240142
2022-11-25 03:00:00,0,0,0,0,-7.252257
2022-11-25 04:00:00,0,0,0,0,-7.275521
2022-11-25 05:00:00,0,0,0,0,-7.438077
2022-11-25 06:00:00,0,0,0,0,-7.381445
2022-11-25 07:00:00,1.024204,0,0.25,0.25,-7.256775
2022-11-25 08:00:00,22.17897,40.25,44.25,40.25,118.2291
2022-11-25 09:00:00,68.54324,129.25,141,127,389.9028
2022-11-25 10:00:00,143.0397,251,273,243.25,759.3329
2022-11-25 11:00:00,77.31268,143.25,155.75,141,434.3843
2022-11-25 12:00:00,85.30425,154.5,168.5,152.5,468.533
2022-11-25 13:00:00,181.0599,315.25,345,312.5,958.1144
2022-11-25 14:00:00,354.7127,696.75,773.25,680.75,2096.729
2022-11-25 15:00:00,258.4902,489.25,536,467.25,1461.918
2022-11-25 16:00:00,29.80384,47.75,51.75,35.25,132.1466
2022-11-25 17:00:00,0,0,0,0,-7.106831
2022-11-25 18:00:00,0,0,0,0,-7.159576
2022-11-25 19:00:00,0,0,0,0,-7.160651
2022-11-25 20:00:00,0,0,0,0,-7.163957
2022-11-25 21:00:00,0,0,0,0,-7.150854
2022-11-25 22:00:00,0,0,0,0,-7.131026
2022-11-25 23:00:00,0,0,0,0,-7.113686
2022-11-26 00:00:00,0,0,0,0,-7.120583
2022-11-26 01:00:00,0,0,0,0,-7.089271
2022-11-26 02:00:00,0,0,0,0,-7.087868
2022-11-26 03:00:00,0,0,0,0,-7.061528
2022-11-26 04:00:00,0,0,0,0,-7.080012
2022-11-26 05:00:00,0,0,0,0,-7.039104
2022-11-26 06:00:00,0.149365,0,-0.5,0,-7.252809
2022-11-26 07:00:00,129.6474,142.25,152.75,139.75,425.7287
2022-11-26 08:00:00,313.6631,761.25,829.25,750.75,2311.71
2022-11-26 09:00:00,537.5906,1163.5,1276.75,1148.25,3555.625
2022-11-26 10:00:00,676.616,1330,1473.75,1344.25,4157.551
2022-11-26 11:00:00,687.1954,1430.25,1541.75,1340.5,4178.302
2022-11-26 12:00:00,662.7725,1278,1352.5,1259.5,3801.54
2022-11-26 13:00:00,566.7783,1069.25,1171.75,1071.25,3274.44
2022-11-26 14:00:00,552.0701,1090.5,1188,1093.5,3321.854
2022-11-26 15:00:00,367.5321,660.25,731,633.25,2020.834
2022-11-26 16:00:00,42.36499,59.75,62.25,43.5,164.3481
2022-11-26 17:00:00,0,0,0,0,-7.217552
2022-11-26 18:00:00,0,0,0,0,-7.270562
2022-11-26 19:00:00,0,0,0,0,-7.229105
2022-11-26 20:00:00,0,0,0,0,-7.230715
2022-11-26 21:00:00,0,0,0,0,-7.216114
2022-11-26 22:00:00,0,0,0,0,-7.219471
2022-11-26 23:00:00,0,0,0,0,-7.208559
2022-11-27 00:00:00,0.01202292,0,0,0,-7.218393
2022-11-27 01:00:00,0,0,0,0,-7.217029
2022-11-27 02:00:00,0.02740288,0,0,0,-7.206588
2022-11-27 03:00:00,0,0,0,0,-7.216011
2022-11-27 04:00:00,0,0,0,0,-7.213021
2022-11-27 05:00:00,0,0,0,0,-7.203626
2022-11-27 06:00:00,0,0,0,0,-7.229176
2022-11-27 07:00:00,2.573021,1.5,1.5,1.5,-1.127271
2022-11-27 08:00:00,13.71803,21.75,23.75,21.5,64.11874
2022-11-27 09:00:00,33.2285,64,70.5,62.75,191.6298
2022-11-27 10:00:00,26.25933,45.25,50,45.75,137.431
2022-11-27 11:00:00,95.19521,165,179,160.5,516.2376
2022-11-27 12:00:00,95.55521,169,184,163.5,503.9636
2022-11-27 13:00:00,92.22894,163.25,179,161.5,514.0285
2022-11-27 14:00:00,59.59886,108.5,120,105,323.0938
2022-11-27 15:00:00,60.68452,92,102.75,92,280.8487
2022-11-27 16:00:00,73.24845,79.75,83.5,48.25,208.7112
2022-11-27 17:00:00,0.007878965,0,0,0,-7.222024
2022-11-27 18:00:00,0,0,0,0,-7.293035
2022-11-27 19:00:00,0,0,0,0,-7.301025
2022-11-27 20:00:00,0,0,0,0,-7.23454
2022-11-27 21:00:00,0,0,0,0,-7.249914
2022-11-27 22:00:00,0,0,0,0,-7.259551
2022-11-27 23:00:00,0,0,0,0,-7.245381
2022-11-28 00:00:00,0,0,0,0,-7.251768
2022-11-28 01:00:00,0,0,0,0,-7.22754
2022-11-28 02:00:00,0,0,0,0,-7.22846
2022-11-28 03:00:00,0,0,0,0,-7.191936
2022-11-28 04:00:00,0,0,0,0,-7.150181
2022-11-28 05:00:00,0,0,0,0,-7.140262
2022-11-28 06:00:00,0.05406623,0,-0.25,0,-7.262652
2022-11-28 07:00:00,105.1692,118,127,117.5,354.3109
2022-11-28 08:00:00,346.1815,705,777,699,2153.937
2022-11-28 09:00:00,547.7028,1146.25,1253.25,1129.25,3487.862
2022-11-28 10:00:00,694.371,1404.5,1537,1384,4270.618
2022-11-28 11:00:00,773.9214,1535.5,1660.25,1513.75,4648.207
2022-11-28 12:00:00,775.9692,1533.5,1659.75,1510.75,4642.782
2022-11-28 13:00:00,727.0355,1302.75,1446,1265.25,4031.134
2022-11-28 14:00:00,547.98,1097.5,1196.75,1069.25,3266.509
2022-11-28 15:00:00,366.2954,656.75,712.25,629.5,1973.145
2022-11-28 16:00:00,97.56347,105,103.5,54,260.1923
2022-11-28 17:00:00,0,0,0,0,-6.705836
2022-11-28 18:00:00,0,0,0,0,-7.256139
2022-11-28 19:00:00,0,0,0,0,-7.230177
2022-11-28 20:00:00,0,0,0,0,-7.1849
2022-11-28 21:00:00,0,0,0,0,-7.221185
2022-11-28 22:00:00,0,0,0,0,-7.231056
2022-11-28 23:00:00,0,0,0,0,-7.15301
2022-11-29 00:00:00,0,0,0,0,-7.167694
2022-11-29 01:00:00,0,0,0,0,-7.205556
2022-11-29 02:00:00,0,0,0,0,-7.191748
2022-11-29 03:00:00,0,0,0,0,-7.22542
2022-11-29 04:00:00,0,0,0,0,-7.170668
2022-11-29 05:00:00,0,0,0,0,-7.190421
2022-11-29 06:00:00,0.04692148,0,-0.25,0,-7.704818
2022-11-29 07:00:00,88.25758,119.75,128.5,118.75,357.5549
2022-11-29 08:00:00,326.0973,641.75,707.75,634.25,1902.824
2022-11-29 09:00:00,538.0292,1129.25,1237,1115.25,3440.25
2022-11-29 10:00:00,689.0381,1399,1531.25,1379.5,4257.318
2022-11-29 11:00:00,768.2364,1521.5,1655.75,1499.75,4617.396
2022-11-29 12:00:00,768.8788,1515,1648.5,1493.5,4599.54
2022-11-29 13:00:00,689.0605,1372,1501,1352.75,4182.005
2022-11-29 14:00:00,541.418,1100,1204,1084.5,3356.05
2022-11-29 15:00:00,336.4429,620.5,683.25,593,1886.011
2022-11-29 16:00:00,85.17139,99.5,99,52.75,245.6783
2022-11-29 17:00:00,0,0.5,0.5,0.5,-5.01165
2022-11-29 18:00:00,0,0,0,0,-7.174317
2022-11-29 19:00:00,0,0,0,0,-7.183301
2022-11-29 20:00:00,0,0,0,0,-7.162824
2022-11-29 21:00:00,0,0,0,0,-7.130726
2022-11-29 22:00:00,0.05865725,0,0,0,-7.17372
2022-11-29 23:00:00,0,0,0,0,-7.18566
2022-11-30 00:00:00,0,0,0,0,-7.170407
2022-11-30 01:00:00,0,0,0,0,-7.183477
2022-11-30 02:00:00,0,0,0,0,-7.230957
2022-11-30 03:00:00,0,0,0,0,-7.186992
2022-11-30 04:00:00,0,0,0,0,-7.141674
2022-11-30 05:00:00,0,0,0,0,-7.155747
2022-11-30 06:00:00,0,0,0,0,-7.164272
2022-11-30 07:00:00,3.953175,4.5,5.5,4.75,8.705577
2022-11-30 08:00:00,11.37094,18.75,21,18.75,54.60703
2022-11-30 09:00:00,27.99755,53.75,58.75,53,160.6037
2022-11-30 10:00:00,33.2324,64.75,70.75,63,193.3866
2022-11-30 11:00:00,142.0598,249.25,275.5,249.5,756.9534
2022-11-30 12:00:00,136.7941,238,260.5,233,734.4222
2022-11-30 13:00:00,61.1248,116,126.5,112.25,348.7921
2022-11-30 14:00:00,57.60361,100.5,111,100,299.6013
2022-11-30 15:00:00,260.2043,547.5,626.5,472.5,1496.131
2022-11-30 16:00:00,70.58079,86,94,59.5,235.3109
2022-11-30 17:00:00,0.0002064897,0,0,0,-7.057761
2022-11-30 18:00:00,0,0,0,0,-7.21304
2022-11-30 19:00:00,0,0,0,0,-7.243229
2022-11-30 20:00:00,0,0,0,0,-7.265826
2022-11-30 21:00:00,0,0,0,0,-7.246593
2022-11-30 22:00:00,0,0,0,0,-7.233466
2022-11-30 23:00:00,0,0,0,0,-7.212449
