Dairy Solar,Unnamed: 1,Unnamed: 2,Unnamed: 3,Unnamed: 4,Unnamed: 5,Unnamed: 6
,,,,,,
Timestamp,POA*,"TMEIC 2.5MW Inverter 1.1.1, Active Power P","TMEIC 2.5MW Inverter 1.2.1, Active Power P","TMEIC 2.5MW Inverter 1.3.1, Active Power P","TMEIC 2.5MW Inverter 1.4.1, Active Power P",Production meter active power
,W/mÂ²,kW,kW,kW,kW,kW
2022-11-01 00:00:00,-0.2674923,0,0,0,0,-13.25733
2022-11-01 01:00:00,-0.284304,0,0,0,0,-13.42783
2022-11-01 02:00:00,-0.2193636,0,0,0,0,-13.362
2022-11-01 03:00:00,-0.2191291,0,0,0,0,-13.4185
2022-11-01 04:00:00,-0.2348984,0,0,0,0,-13.32283
2022-11-01 05:00:00,-0.03736437,0,0,0,0,-13.34766
2022-11-01 06:00:00,-0.06889805,0,0,0,0,-13.34517
2022-11-01 07:00:00,0.1335232,0,0,0,0,-13.43983
2022-11-01 08:00:00,27.69687,52.14001,51.79499,56.23167,55.78333,224.8827
2022-11-01 09:00:00,21.875,37.00666,36.45333,42.355,44.345,192.674
2022-11-01 10:00:00,45.80949,121.3652,126.4433,133.53,132.0517,512.132
2022-11-01 11:00:00,60.03065,84.06667,90.42667,95.11333,95.26835,353.1055
2022-11-01 12:00:00,68.04852,0,4.34,8.526667,5.205001,115.0024
2022-11-01 13:00:00,153.7624,38.99833,42.03167,73.25334,80.62001,292.7108
2022-11-01 14:00:00,309.1524,377.1584,392.05,644.165,684.6234,2088.727
2022-11-01 15:00:00,166.0876,325.9016,334.5717,423.5216,439.2834,1509.437
2022-11-01 16:00:00,310.9428,594.5233,596.695,624.42,597.4017,2392.513
2022-11-01 17:00:00,145.7464,315.3517,308.5533,307.8633,306.1017,1236.228
2022-11-01 18:00:00,-0.08337995,0,0,0,0,-13.931
2022-11-01 19:00:00,-0.229351,0,0,0,0,-13.71467
2022-11-01 20:00:00,-0.2731521,0,0,0,0,-13.58867
2022-11-01 21:00:00,-0.2331464,0,0,0,0,-13.72067
2022-11-01 22:00:00,-0.2700587,0,0,0,0,-13.57734
2022-11-01 23:00:00,-0.2409606,0,0,0,0,-13.61448
2022-11-02 00:00:00,-0.1692465,0,0,0,0,-13.68517
2022-11-02 01:00:00,-0.1036813,0,0,0,0,-13.61516
2022-11-02 02:00:00,-0.2286492,0,0,0,0,-13.7535
2022-11-02 03:00:00,-0.2108721,0,0,0,0,-13.72433
2022-11-02 04:00:00,-0.2581609,0,0,0,0,-13.542
2022-11-02 05:00:00,-0.1951441,0,0,0,0,-13.61733
2022-11-02 06:00:00,-0.2822509,0,0,0,0,-13.722
2022-11-02 07:00:00,3.692721,0,0,0,0,-6.709503
2022-11-02 08:00:00,85.82893,62.13501,60.38668,62.71,62.46499,277.7642
2022-11-02 09:00:00,158.9222,197.4,186.46,192.2367,192.6183,754.1307
2022-11-02 10:00:00,250.5293,603.3384,595.5184,603.4817,586.05,2395.439
2022-11-02 11:00:00,232.5802,692.535,696.0817,719.0234,725.5416,2835.705
2022-11-02 12:00:00,342.4942,1082.56,1094.515,1113.591,1105.753,4387.838
2022-11-02 13:00:00,538.9695,1617.455,1614.897,1629.788,1661.333,6442.581
2022-11-02 14:00:00,284.2012,748.6616,749.2917,753.0784,736.4133,2967.474
2022-11-02 15:00:00,56.61425,99.82999,99.115,102.7617,100.2683,386.461
2022-11-02 16:00:00,289.9121,730.0867,729.0999,742.8632,760.0784,2930.289
2022-11-02 17:00:00,54.05127,114.2817,114.8767,122.275,123.0517,465.5707
2022-11-02 18:00:00,0.08300242,0,0,0,0,-13.8455
2022-11-02 19:00:00,-0.1662502,0,0,0,0,-13.55833
2022-11-02 20:00:00,-0.2290034,0,0,0,0,-13.64283
2022-11-02 21:00:00,-0.1685862,0,0,0,0,-13.72167
2022-11-02 22:00:00,-0.2575692,0,0,0,0,-13.71066
2022-11-02 23:00:00,-0.1703372,0,0,0,0,-13.69384
2022-11-03 00:00:00,-0.2987776,0,0,0,0,-13.71567
2022-11-03 01:00:00,-0.3447317,0,0,0,0,-13.56767
2022-11-03 02:00:00,-0.2862988,0,0,0,0,-13.65117
2022-11-03 03:00:00,-0.1519695,0,0,0,0,-13.50167
2022-11-03 04:00:00,-0.152238,0,0,0,0,-13.60966
2022-11-03 05:00:00,-0.1092317,0,0,0,0,-13.66166
2022-11-03 06:00:00,-0.1979473,0,0,0,0,-13.68334
2022-11-03 07:00:00,8.848713,3.57,4.353333,4.561667,0,21.01901
2022-11-03 08:00:00,383.47,728.6484,737.6983,723.7584,718.2317,2961.641
2022-11-03 09:00:00,700.3754,2135.296,2191.653,2212.625,2200.875,8740.962
2022-11-03 10:00:00,651.8569,2000.003,2025.218,2042.243,2044.132,8073.935
2022-11-03 11:00:00,652.2266,1808.987,1832.88,1849.645,1850.687,7298.783
2022-11-03 12:00:00,641.269,1789.462,1816.887,1841.047,1825.385,7231.851
2022-11-03 13:00:00,594.6102,1807.437,1815.785,1862.781,1917.832,7348.357
2022-11-03 14:00:00,645.804,1952.05,1972.668,1983.067,1992.052,7798.62
2022-11-03 15:00:00,428.1778,1279.08,1282.496,1297.985,1295.055,5128.944
2022-11-03 16:00:00,166.6487,346.165,347.0317,358.82,359.4633,1386.786
2022-11-03 17:00:00,36.76838,70.965,71.35,76.05334,76.39999,301.8763
2022-11-03 18:00:00,-0.0706275,0,0,0,0,-13.884
2022-11-03 19:00:00,-0.2887779,0,0,0,0,-13.611
2022-11-03 20:00:00,-0.2221045,0,0,0,0,-13.53461
2022-11-03 21:00:00,-0.1367577,0,0,0,0,-13.6355
2022-11-03 22:00:00,-0.1457711,0,0,0,0,-13.56783
2022-11-03 23:00:00,-0.2760555,0,0,0,0,-13.50216
2022-11-04 00:00:00,-0.2899723,0,0,0,0,-13.64817
2022-11-04 01:00:00,-0.240617,0,0,0,0,-13.33465
2022-11-04 02:00:00,-0.09015375,0,0,0,0,-13.51966
2022-11-04 03:00:00,-0.2718788,0,0,0,0,-13.46017
2022-11-04 04:00:00,-0.1881802,0,0,0,0,-13.51883
2022-11-04 05:00:00,-0.1452588,0,0,0,0,-13.40533
2022-11-04 06:00:00,-0.1089469,0,0,0,0,-13.606
2022-11-04 07:00:00,0.4047515,0,0,0,0,-13.55217
2022-11-04 08:00:00,34.17287,46.53334,47.41834,52.68834,53.50834,234.8867
2022-11-04 09:00:00,117.8484,218.2066,216.28,229.3883,237.3983,902.735
2022-11-04 10:00:00,170.3931,413.65,408.335,420.1917,415.0817,1646.413
2022-11-04 11:00:00,252.0625,749.9884,747.8017,759.845,798.55,3005.145
2022-11-04 12:00:00,247.9124,742.5717,770.4717,813.2299,813.355,3142.334
2022-11-04 13:00:00,473.2322,1701.134,1686.193,1730.403,1702.957,6770.486
2022-11-04 14:00:00,582.1724,1748.413,1735.56,1724.787,1672.754,6726.605
2022-11-04 15:00:00,182.3236,407.0833,384.23,379.21,341.1217,1486.696
2022-11-04 16:00:00,57.66649,107.8517,105.9317,108.9717,105.6667,408.1917
2022-11-04 17:00:00,23.12946,38.15,37.67,40.69333,39.44833,153.9687
2022-11-04 18:00:00,-0.3012839,0,0,0,0,-13.457
2022-11-04 19:00:00,-0.0689996,0,0,0,0,-13.4105
2022-11-04 20:00:00,-0.2566831,0,0,0,0,-13.42467
2022-11-04 21:00:00,-0.1665649,0,0,0,0,-13.40197
2022-11-04 22:00:00,-0.1787704,0,0,0,0,-13.3565
2022-11-04 23:00:00,-0.2057617,0,0,0,0,-13.5265
2022-11-05 00:00:00,-0.1281431,0,0,0,0,-13.40533
2022-11-05 01:00:00,-0.2988218,0,0,0,0,-13.41667
2022-11-05 02:00:00,-0.2527132,0,0,0,0,-13.53264
2022-11-05 03:00:00,-0.1858904,0,0,0,0,-13.4875
2022-11-05 04:00:00,-0.124218,0,0,0,0,-13.48133
2022-11-05 05:00:00,-0.1902932,0,0,0,0,-13.4985
2022-11-05 06:00:00,-0.1534543,0,0,0,0,-13.4555
2022-11-05 07:00:00,0.7374331,0,0,0,0,-13.53617
2022-11-05 08:00:00,29.05439,51.115,52.09667,58.32167,59.35,223.387
2022-11-05 09:00:00,77.05287,142.5567,143.0867,153.0483,154.85,580.3558
2022-11-05 10:00:00,58.6838,148.0983,149.5783,157.95,154.1817,595.853
2022-11-05 11:00:00,455.4776,1324.967,1320.972,1357.777,1372.826,5348.011
2022-11-05 12:00:00,437.2961,1310.785,1344.124,1385.967,1383.35,5390.688
2022-11-05 13:00:00,301.5628,938.7167,946.3784,973.3965,944.6666,3776.084
2022-11-05 14:00:00,289.9279,836.35,839.4484,855.4818,833.4683,3355.276
2022-11-05 15:00:00,262.458,630.55,635.4083,657.0234,652.5616,2574.523
2022-11-05 16:00:00,138.387,258.1466,265.7067,279.735,276.0317,1055.671
2022-11-05 17:00:00,29.75396,53.8,54.06001,58.38499,58.63668,225.784
2022-11-05 18:00:00,-0.0939619,0,0,0,0,-13.5055
2022-11-05 19:00:00,-0.2808596,0,0,0,0,-13.49483
2022-11-05 20:00:00,-0.2898729,0,0,0,0,-13.6315
2022-11-05 21:00:00,-0.3193671,0,0,0,0,-13.66333
2022-11-05 22:00:00,-0.2919869,0,0,0,0,-13.60133
2022-11-05 23:00:00,-0.1684168,0,0,0,0,-13.63167
2022-11-06 00:00:00,-0.2981472,0,0,0,0,-13.4805
2022-11-06 01:00:00,-0.2071597,,0,0,,-13.49
2022-11-06 01:00:00,-0.2493925,0,0,0,0,-13.58027
2022-11-06 02:00:00,-0.2428091,0,0,0,0,-13.652
2022-11-06 03:00:00,-0.3192593,0,0,0,0,-13.59217
2022-11-06 04:00:00,-0.2285689,0,0,0,0,-13.48706
2022-11-06 05:00:00,-0.2644784,0,0,0,0,-13.55367
2022-11-06 06:00:00,0.4666416,0,0,0,0,-13.30767
2022-11-06 07:00:00,48.27985,98.58667,97.95834,100.1267,97.03167,396.8639
2022-11-06 08:00:00,87.3596,225.5483,212.81,220.08,203.5883,833.2321
2022-11-06 09:00:00,327.9171,903.5551,917.205,921.715,914.1866,3639.604
2022-11-06 10:00:00,670.6917,1943.835,1966.672,1971.563,1960.06,7822.522
2022-11-06 11:00:00,632.259,1901.132,1914.383,1922.08,1924.827,7610.345
2022-11-06 12:00:00,373.3338,1192.055,1185.41,1182.45,1149.21,4557.248
2022-11-06 13:00:00,396.562,1436.327,1453.738,1449.347,1394.337,5661.258
2022-11-06 14:00:00,223.6752,506.2051,481.145,480.415,458.7316,2077.151
2022-11-06 15:00:00,70.60578,140.4833,138.9433,143.6633,141.67,545.913
2022-11-06 16:00:00,9.708376,9.556667,8.710001,11.70333,11.825,70.03182
2022-11-06 17:00:00,0.1987717,0,0,0,0,-13.35617
2022-11-06 18:00:00,-0.0580112,0,0,0,0,-13.443
2022-11-06 19:00:00,0.000177583,0,0,0,0,-13.53367
2022-11-06 20:00:00,-0.2303699,0,0,0,0,-13.6455
2022-11-06 21:00:00,-0.0750297,0,0,0,0,-13.51917
2022-11-06 22:00:00,-0.0718066,0,0,0,0,-13.62167
2022-11-06 23:00:00,-0.03693793,0,0,0,0,-13.68783
2022-11-07 00:00:00,-0.2286973,0,0,0,0,-13.671
2022-11-07 01:00:00,-0.1889739,0,0,0,0,-13.41916
2022-11-07 02:00:00,-0.1184915,0,0,0,0,-13.58417
2022-11-07 03:00:00,-0.1745411,0,0,0,0,-13.50154
2022-11-07 04:00:00,-0.1933832,0,0,0,0,-13.7265
2022-11-07 05:00:00,-0.1339188,0,0,0,0,-13.5815
2022-11-07 06:00:00,8.038608,0,0,0,0,-11.34483
2022-11-07 07:00:00,318.6154,69.01001,71.24001,69.14999,68.42999,293.5355
2022-11-07 08:00:00,651.0791,357.7,366.635,358.465,340.2367,1403.108
2022-11-07 09:00:00,693.2369,925.5533,987.7983,1180.525,1102.09,4271.171
2022-11-07 10:00:00,440.9218,1258.902,1320.753,1447.042,1457.15,5432.941
2022-11-07 11:00:00,327.4683,1089.54,1089.093,1109.203,1096.598,4363.237
2022-11-07 12:00:00,351.8903,1063.405,1088.307,1128.918,1130.241,4373.495
2022-11-07 13:00:00,319.0416,914.105,902.3265,901.7434,893.3317,3564.261
2022-11-07 14:00:00,163.1559,377.1167,376.245,384.8666,380.8017,1495.054
2022-11-07 15:00:00,149.2392,304.6217,303.5266,309.3683,312.6017,1247.394
2022-11-07 16:00:00,60.97635,166.2483,168.3783,169.6583,161.715,663.2927
2022-11-07 17:00:00,-0.09882295,0,0,0,0,-13.718
2022-11-07 18:00:00,-0.2318092,0,0,0,0,-13.611
2022-11-07 19:00:00,0.03226934,0,0,0,0,-13.66866
2022-11-07 20:00:00,-0.1513342,0,0,0,0,-13.775
2022-11-07 21:00:00,-0.1184513,0,0,0,0,-13.76517
2022-11-07 22:00:00,-0.1670666,0,0,0,0,-13.68884
2022-11-07 23:00:00,-0.126947,0,0,0,0,-13.69733
2022-11-08 00:00:00,-0.1213386,0,0,0,0,-13.5735
2022-11-08 01:00:00,-0.2915913,0,0,0,0,-13.653
2022-11-08 02:00:00,-0.2651662,0,0,0,0,-13.6305
2022-11-08 03:00:00,-0.2365544,0,0,0,0,-13.616
2022-11-08 04:00:00,0.02578784,0,0,0,0,-13.52433
2022-11-08 05:00:00,-0.3341612,0,0,0,0,-13.52033
2022-11-08 06:00:00,0.6458108,0,0,0,0,-13.6665
2022-11-08 07:00:00,19.10902,0,0,0,0,-3.235168
2022-11-08 08:00:00,41.39177,0,0,0,0,36.46417
2022-11-08 09:00:00,111.8141,19.62833,18.77834,18.03833,17.90833,135.6742
2022-11-08 10:00:00,163.0045,164.5717,112.4933,66.23833,63.65,393.7202
2022-11-08 11:00:00,256.0732,520.58,422.3784,186.7267,144.555,1264.245
2022-11-08 12:00:00,159.9931,457.555,456.32,295.17,200.1483,1397.339
2022-11-08 13:00:00,106.0875,215.385,208.3067,185.2083,169.3017,763.5654
2022-11-08 14:00:00,57.10771,80.65,73.06833,93.24499,88.43999,320.6011
2022-11-08 15:00:00,29.42859,6.298333,5.545,8.551667,7.505,67.13732
2022-11-08 16:00:00,5.304524,0,0,0,0,-13.74133
2022-11-08 17:00:00,-0.2694097,0,0,0,0,-13.5225
2022-11-08 18:00:00,-0.3356521,0,0,0,0,-13.72333
2022-11-08 19:00:00,-0.3486128,0,0,0,0,-13.57333
2022-11-08 20:00:00,-0.1752266,0,0,0,0,-13.79367
2022-11-08 21:00:00,-0.3626264,0,0,0,0,-13.67148
2022-11-08 22:00:00,-0.2314651,0,0,0,0,-13.67367
2022-11-08 23:00:00,-0.2598496,0,0,0,0,-13.64867
2022-11-09 00:00:00,-0.4042048,0,0,0,0,-13.74067
2022-11-09 01:00:00,0.03792333,0,0,0,0,-13.72033
2022-11-09 02:00:00,-0.07238505,0,0,0,0,-13.6975
2022-11-09 03:00:00,-0.0681091,0,0,0,0,-13.6605
2022-11-09 04:00:00,-0.1053701,0,0,0,0,-13.5345
2022-11-09 05:00:00,-0.0769608,0,0,0,0,-13.55017
2022-11-09 06:00:00,0.613527,0,0,0,0,-13.59834
2022-11-09 07:00:00,73.58657,1.498333,0,0,0,7.48067
2022-11-09 08:00:00,375.3031,79.40501,70.65001,106.9717,112.5667,383.8525
2022-11-09 09:00:00,750.629,1439.442,1385.244,1819.828,1643.141,6263.905
2022-11-09 10:00:00,556.5397,1616.236,1600.012,1609.46,1589.29,6324.987
2022-11-09 11:00:00,346.6936,906.2983,930.1183,949.8634,933.7851,3696.049
2022-11-09 12:00:00,273.8937,597.405,586.39,582.3333,567.975,2318.106
2022-11-09 13:00:00,458.3576,907.7318,914.3201,974.3167,984.8,3770.413
2022-11-09 14:00:00,543.8961,674.52,630.2133,651.6633,624.105,2566.165
2022-11-09 15:00:00,301.8416,333.31,324.8333,352.5367,352.3133,1346.525
2022-11-09 16:00:00,69.88135,69.82999,71.75999,80.39999,79.97833,306.6572
2022-11-09 17:00:00,-0.08945145,0,0,0,0,-13.74317
2022-11-09 18:00:00,-0.1885062,0,0,0,0,-13.57883
2022-11-09 19:00:00,-0.1442454,0,0,0,0,-13.70017
2022-11-09 20:00:00,-0.1396888,0,0,0,0,-13.7585
2022-11-09 21:00:00,-0.1392781,0,0,0,0,-13.71933
2022-11-09 22:00:00,-0.1540288,0,0,0,0,-13.7145
2022-11-09 23:00:00,-0.1670838,0,0,0,0,-13.7885
2022-11-10 00:00:00,-0.2628769,0,0,0,0,-13.7155
2022-11-10 01:00:00,-0.2815838,0,0,0,0,-13.7845
2022-11-10 02:00:00,-0.0419591,0,0,0,0,-13.7505
2022-11-10 03:00:00,-0.0668674,0,0,0,0,-13.58783
2022-11-10 04:00:00,-0.1061314,0,0,0,0,-13.66017
2022-11-10 05:00:00,-0.2816509,0,0,0,0,-13.61583
2022-11-10 06:00:00,0.5784634,0,0,0,0,-13.54333
2022-11-10 07:00:00,25.49894,48.305,46.42667,50.05501,50.29832,207.9005
2022-11-10 08:00:00,81.27555,209.6533,203.385,208.9667,211.0933,823.3274
2022-11-10 09:00:00,168.5109,484.475,474.9267,486.5016,490.595,1924.63
2022-11-10 10:00:00,210.6606,706.3116,705.8467,729.8467,730.1733,2866.02
2022-11-10 11:00:00,277.4302,1035.047,1030.262,1048.782,1027.092,4132.593
2022-11-10 12:00:00,269.2415,975.4765,975.105,996.6785,985.645,3918.569
2022-11-10 13:00:00,299.0004,978.9218,1010.195,1036.844,1054.833,4079.629
2022-11-10 14:00:00,726.6972,2092.573,2081.142,1968.167,1853.223,7935.795
2022-11-10 15:00:00,605.3842,1619.118,1639.51,1671.094,1668.73,6543.034
2022-11-10 16:00:00,81.20289,177.3533,182.3583,188.7167,181.7733,739.5073
2022-11-10 17:00:00,-0.1263245,0,0,0,0,-13.759
2022-11-10 18:00:00,-0.1845244,0,0,0,0,-13.7405
2022-11-10 19:00:00,-0.1679802,0,0,0,0,-13.74617
2022-11-10 20:00:00,-0.1777015,0,0,0,0,-13.76983
2022-11-10 21:00:00,-0.1646325,0,0,0,0,-13.77334
2022-11-10 22:00:00,-0.1999553,0,0,0,0,-13.7105
2022-11-10 23:00:00,-0.2707083,0,0,0,0,-13.76
2022-11-11 00:00:00,-0.1849702,0,0,0,0,-13.62783
2022-11-11 01:00:00,-0.1130745,0,0,0,0,-13.56433
2022-11-11 02:00:00,-0.1331466,0,0,0,0,-13.565
2022-11-11 03:00:00,-0.06026235,0,0,0,0,-13.54333
2022-11-11 04:00:00,-0.1525888,0,0,0,0,-13.66767
2022-11-11 05:00:00,-0.2809713,0,0,0,0,-13.70333
2022-11-11 06:00:00,0.9438773,0,0,0,0,-12.582
2022-11-11 07:00:00,68.63442,99.58998,99.55168,105.73,108.1,424.0302
2022-11-11 08:00:00,251.8535,642.4017,642.69,677.9183,678.12,2647.756
2022-11-11 09:00:00,238.1754,714.9883,714.5616,735.5383,731.4667,2896.462
2022-11-11 10:00:00,272.5641,921.2734,923.5469,939.5149,935.8417,3695.894
2022-11-11 11:00:00,501.7963,1638.308,1655.162,1681.872,1674.283,6628.079
2022-11-11 12:00:00,594.6658,1781.672,1785.095,1813.614,1810.423,7117.464
2022-11-11 13:00:00,677.4444,1782.435,1770.962,1799.667,1804.51,7127.686
2022-11-11 14:00:00,630.8919,1702.187,1711.173,1752.982,1778.447,6956.2
2022-11-11 15:00:00,164.8322,289.1333,286.425,297.46,294.06,1149.461
2022-11-11 16:00:00,27.09103,40.69166,40.46833,43.865,43.63334,175.249
2022-11-11 17:00:00,-0.1707094,0,0,0,0,-13.50333
2022-11-11 18:00:00,-0.2905779,0,0,0,0,-13.52633
2022-11-11 19:00:00,-0.144436,0,0,0,0,-13.67684
2022-11-11 20:00:00,-0.0665645,0,0,0,0,-13.64167
2022-11-11 21:00:00,-0.06995485,0,0,0,0,-13.67
2022-11-11 22:00:00,-0.3115611,0,0,0,0,-13.61233
2022-11-11 23:00:00,-0.3574187,0,0,0,0,-13.65
2022-11-12 00:00:00,-0.3155974,0,0,0,0,-13.50066
2022-11-12 01:00:00,-0.2563112,0,0,0,0,-13.48983
2022-11-12 02:00:00,-0.2097355,0,0,0,0,-13.49083
2022-11-12 03:00:00,-0.2167905,0,0,0,0,-13.4805
2022-11-12 04:00:00,-0.2273491,0,0,0,0,-13.40983
2022-11-12 05:00:00,-0.240236,0,0,0,0,-13.50066
2022-11-12 06:00:00,0.7369387,0,0,0,0,-13.5245
2022-11-12 07:00:00,34.92012,0,0,0,0,20.63216
2022-11-12 08:00:00,149.2221,73.11167,72.76667,87.61001,88.59167,320.5626
2022-11-12 09:00:00,411.6566,799.6583,822.88,961.0198,936.8283,3516.394
2022-11-12 10:00:00,606.6447,1802.802,1761.82,1729.317,1719.866,6982.003
2022-11-12 11:00:00,495.6589,1541,1486.805,1466.675,1396.283,5823.953
2022-11-12 12:00:00,512.6826,1562.65,1518.475,1513.351,1471.217,6081.628
2022-11-12 13:00:00,535.7119,1515.315,1534.46,1553.368,1469.354,6018.575
2022-11-12 14:00:00,461.2246,1223.433,1194.592,1198.902,1194.587,4905.714
2022-11-12 15:00:00,268.0786,563.1166,559.3567,574.6949,570.095,2245.723
2022-11-12 16:00:00,48.05501,101.4567,97.98835,99.43499,87.50999,414.251
2022-11-12 17:00:00,-0.2147432,0,0,0,0,-13.61117
2022-11-12 18:00:00,-0.2654642,0,0,0,0,-13.52567
2022-11-12 19:00:00,-0.2608083,0,0,0,0,-13.59984
2022-11-12 20:00:00,-0.20058,0,0,0,0,-13.75267
2022-11-12 21:00:00,-0.2511823,0,0,0,0,-13.675
2022-11-12 22:00:00,-0.2090905,0,0,0,0,-13.6685
2022-11-12 23:00:00,-0.2223068,0,0,0,0,-13.70383
2022-11-13 00:00:00,-0.2606287,0,0,0,0,-13.6525
2022-11-13 01:00:00,-0.1841572,0,0,0,0,-13.65105
2022-11-13 02:00:00,-0.2459228,0,0,0,0,-13.6305
2022-11-13 03:00:00,-0.2113843,0,0,0,0,-13.6055
2022-11-13 04:00:00,-0.2166173,0,0,0,0,-13.69516
2022-11-13 05:00:00,-0.198653,0,0,0,0,-13.63783
2022-11-13 06:00:00,1.11291,0,0,0,0,-5.071
2022-11-13 07:00:00,305.5912,569.48,592.7316,604.4501,605.2151,2391.067
2022-11-13 08:00:00,701.983,1995.897,2017.697,2044.428,2043.74,8100.911
2022-11-13 09:00:00,767.7903,2036.718,2047.339,2091.622,2084.085,8215.586
2022-11-13 10:00:00,678.8581,1802.748,1809.273,1848.033,1843.49,7256.58
2022-11-13 11:00:00,578.0287,1685.803,1683.495,1720.562,1718.65,6765.286
2022-11-13 12:00:00,573.8868,1736.325,1729.812,1767.105,1767.266,6951.244
2022-11-13 13:00:00,634.4268,1919.455,1909.555,1964.447,1962.868,7682.788
2022-11-13 14:00:00,672.0122,2074.83,2069.405,2120.058,2120.408,8295.255
2022-11-13 15:00:00,539.5085,1733.62,1748.708,1793.937,1794.005,6989.824
2022-11-13 16:00:00,70.21784,184.8467,193.1667,199.2717,181.69,766.5023
2022-11-13 17:00:00,-0.08123985,0,0,0,0,-13.47283
2022-11-13 18:00:00,-0.2337964,0,0,0,0,-13.5455
2022-11-13 19:00:00,-0.2220079,0,0,0,0,-13.66817
2022-11-13 20:00:00,-0.2348329,0,0,0,0,-13.664
2022-11-13 21:00:00,-0.2345836,0,0,0,0,-13.7515
2022-11-13 22:00:00,-0.2509825,0,0,0,0,-13.71383
2022-11-13 23:00:00,-0.2177932,0,0,0,0,-13.76317
2022-11-14 00:00:00,-0.2365723,0,0,0,0,-13.75667
2022-11-14 01:00:00,-0.1507007,0,0,0,0,-13.63284
2022-11-14 02:00:00,-0.2724197,0,0,0,0,-13.55067
2022-11-14 03:00:00,-0.2476586,0,0,0,0,-13.56567
2022-11-14 04:00:00,-0.2455034,0,0,0,0,-13.54933
2022-11-14 05:00:00,-0.2637833,0,0,0,0,-13.656
2022-11-14 06:00:00,1.185496,0,0,0,0,-5.2225
2022-11-14 07:00:00,291.9952,527.63,550.7968,551.1849,547.3118,2201.083
2022-11-14 08:00:00,848.7562,2016.737,2044.385,2074.8,2074.775,8200.763
2022-11-14 09:00:00,822.1955,2040.313,2053.965,2097.905,2093.242,8238.849
2022-11-14 10:00:00,664.0062,1811.448,1818.553,1856.113,1851.53,7284.482
2022-11-14 11:00:00,576.9431,1693.91,1693.01,1727.663,1724.97,6795.694
2022-11-14 12:00:00,574.3502,1733.278,1727.922,1765.927,1764.223,6938.745
2022-11-14 13:00:00,634.9372,1906.984,1897.797,1948.322,1946.255,7626.03
2022-11-14 14:00:00,675.9424,2086.44,2081.265,2125.292,2124.123,8323.609
2022-11-14 15:00:00,540.9826,1738.011,1752.484,1796.935,1796.818,6997.52
2022-11-14 16:00:00,68.36191,179.8367,187.45,193.7267,174.7933,756.6131
2022-11-14 17:00:00,-0.07427695,0,0,0,0,-13.54267
2022-11-14 18:00:00,-0.2082914,0,0,0,0,-13.5615
2022-11-14 19:00:00,-0.238337,0,0,0,0,-13.73833
2022-11-14 20:00:00,-0.2077949,0,0,0,0,-13.84883
2022-11-14 21:00:00,-0.2551658,0,0,0,0,-13.77767
2022-11-14 22:00:00,-0.2520199,0,0,0,0,-13.646
2022-11-14 23:00:00,-0.2378437,0,0,0,0,-13.78583
2022-11-15 00:00:00,-0.2264947,0,0,0,0,-13.622
2022-11-15 01:00:00,-0.2561455,0,0,0,0,-13.62516
2022-11-15 02:00:00,-0.2832409,0,0,0,0,-13.59383
2022-11-15 03:00:00,-0.1300636,0,0,0,0,-13.71966
2022-11-15 04:00:00,-0.2271529,0,0,0,0,-13.64167
2022-11-15 05:00:00,-0.2031926,0,0,0,0,-13.70517
2022-11-15 06:00:00,1.011781,0,0,0,0,-8.7755
2022-11-15 07:00:00,276.5768,511.2634,541.72,541.8184,544.1099,2178.167
2022-11-15 08:00:00,765.5579,2015.978,2049.045,2070.972,2067.485,8196.596
2022-11-15 09:00:00,723.4014,2025.292,2044.901,2082.785,2074.135,8187.208
2022-11-15 10:00:00,616.1214,1780.872,1796.603,1828.131,1823.672,7181.279
2022-11-15 11:00:00,559.7579,1661.872,1669.593,1693.565,1689.267,6674.505
2022-11-15 12:00:00,567.1138,1680.1,1681.437,1710.915,1705.886,6733.071
2022-11-15 13:00:00,630.183,1865.885,1863.635,1906.818,1900.494,7464.07
2022-11-15 14:00:00,672.3231,2054.49,2054.85,2097.902,2090.603,8205.022
2022-11-15 15:00:00,540.0339,1726.798,1742.712,1782.97,1770.073,6931.622
2022-11-15 16:00:00,62.33909,167.3067,171.615,180.56,158.68,685.8838
2022-11-15 17:00:00,-0.04686372,0,0,0,0,-13.50933
2022-11-15 18:00:00,-0.2314435,0,0,0,0,-13.60816
2022-11-15 19:00:00,-0.2461699,0,0,0,0,-13.80233
2022-11-15 20:00:00,-0.2472438,0,0,0,0,-13.79317
2022-11-15 21:00:00,-0.2087999,0,0,0,0,-13.69787
2022-11-15 22:00:00,-0.2232992,0,0,0,0,-13.76183
2022-11-15 23:00:00,-0.2150321,0,0,0,0,-13.7215
2022-11-16 00:00:00,-0.2198099,0,0,0,0,-13.6965
2022-11-16 01:00:00,-0.1402804,0,0,0,0,-13.76333
2022-11-16 02:00:00,-0.196964,0,0,0,0,-13.7075
2022-11-16 03:00:00,-0.2358292,0,0,0,0,-13.60783
2022-11-16 04:00:00,-0.2223833,0,0,0,0,-13.67917
2022-11-16 05:00:00,-0.20978,0,0,0,0,-13.696
2022-11-16 06:00:00,0.7683703,0,0,0,0,-9.966001
2022-11-16 07:00:00,260.1441,479.1201,504.1767,509.5834,507.4117,2028.494
2022-11-16 08:00:00,750.2128,1949.116,1979.717,2003.685,2000.645,7938.628
2022-11-16 09:00:00,763.1907,1999.99,2021.305,2060.23,2057.336,8104.904
2022-11-16 10:00:00,659.1816,1764.628,1783.097,1815.043,1811.327,7129.701
2022-11-16 11:00:00,557.6419,1636.337,1646.244,1672.745,1673.907,6590.625
2022-11-16 12:00:00,563.1631,1669.065,1671.165,1700.035,1697.468,6691.745
2022-11-16 13:00:00,625.2305,1851.095,1849.188,1894.558,1893.016,7420.335
2022-11-16 14:00:00,669.2753,2041.507,2043.468,2088.145,2086.677,8170.307
2022-11-16 15:00:00,532.9059,1687.522,1707.259,1749.02,1747.685,6808.869
2022-11-16 16:00:00,57.44475,145.5117,155.9767,158.175,146.4633,618.8522
2022-11-16 17:00:00,-0.1808612,0,0,0,0,-13.46117
2022-11-16 18:00:00,-0.2397998,0,0,0,0,-13.50434
2022-11-16 19:00:00,-0.2239086,0,0,0,0,-13.808
2022-11-16 20:00:00,-0.2114976,0,0,0,0,-13.84533
2022-11-16 21:00:00,-0.2069109,0,0,0,0,-13.76833
2022-11-16 22:00:00,-0.1746802,0,0,0,0,-13.77267
2022-11-16 23:00:00,-0.2475402,0,0,0,0,-13.72266
2022-11-17 00:00:00,-0.1967081,0,0,0,0,-13.78583
2022-11-17 01:00:00,-0.2243305,0,0,0,0,-13.7635
2022-11-17 02:00:00,-0.22752,0,0,0,0,-13.73633
2022-11-17 03:00:00,-0.1535272,0,0,0,0,-13.638
2022-11-17 04:00:00,-0.1917317,0,0,0,0,-13.73033
2022-11-17 05:00:00,-0.2596329,0,0,0,0,-13.7995
2022-11-17 06:00:00,1.479324,0,0,0,0,-0.2935
2022-11-17 07:00:00,82.09117,119.8183,114.7967,129.4233,123.55,510.9113
2022-11-17 08:00:00,215.2337,560.6183,568.9117,577.6083,587.8583,2301.607
2022-11-17 09:00:00,290.248,827.1099,834.5182,834.0132,842.1699,3333.648
2022-11-17 10:00:00,400.8454,1219.052,1233.177,1259.555,1259.405,4995.603
2022-11-17 11:00:00,349.0433,1103.503,1091.392,1118.947,1115.553,4395.514
2022-11-17 12:00:00,260.6383,800.6068,804.1733,822.0751,815.4716,3197.516
2022-11-17 13:00:00,224.8064,611.9267,613.1483,629.255,627.7417,2470.817
2022-11-17 14:00:00,152.2557,335.48,331.6233,343.0967,340,1332.976
2022-11-17 15:00:00,45.00471,97.81332,96.98336,102.3434,101.4266,381.8958
2022-11-17 16:00:00,6.259295,6.45,6.356668,7.676668,7.723332,41.233
2022-11-17 17:00:00,-0.1685076,0,0,0,0,-13.66967
2022-11-17 18:00:00,-0.1498696,0,0,0,0,-13.64417
2022-11-17 19:00:00,-0.196073,0,0,0,0,-13.73267
2022-11-17 20:00:00,-0.1678292,0,0,0,0,-13.87383
2022-11-17 21:00:00,-0.1975152,0,0,0,0,-13.67767
2022-11-17 22:00:00,-0.1666243,0,0,0,0,-13.72417
2022-11-17 23:00:00,-0.2428165,0,0,0,0,-13.67667
2022-11-18 00:00:00,-0.284505,0,0,0,0,-13.70617
2022-11-18 01:00:00,0.007325815,0,0,0,0,-13.7405
2022-11-18 02:00:00,-0.3133061,0,0,0,0,-13.75634
2022-11-18 03:00:00,-0.2499396,0,0,0,0,-13.62617
2022-11-18 04:00:00,-0.287585,0,0,0,0,-13.6815
2022-11-18 05:00:00,-0.1060786,0,0,0,0,-13.80233
2022-11-18 06:00:00,0.2671033,0,0,0,0,-13.48033
2022-11-18 07:00:00,49.85748,53.33334,55.235,64.66167,69.50001,256.3669
2022-11-18 08:00:00,121.0719,235.425,235.1683,250.1067,251.9067,962.1018
2022-11-18 09:00:00,171.3536,426.1317,411.2917,416.9217,421.3017,1670.175
2022-11-18 10:00:00,300.644,823.7383,920.1168,1082.152,1162.868,4001.231
2022-11-18 11:00:00,545.188,1629.56,1645.97,1675.047,1678.89,6616.126
2022-11-18 12:00:00,553.5443,1666.783,1670.964,1703.695,1704.29,6722.36
2022-11-18 13:00:00,612.5131,1849.96,1844.03,1888.663,1889.445,7425.919
2022-11-18 14:00:00,652.2579,2026.268,2022.707,2067.05,2064.082,8115.883
2022-11-18 15:00:00,511.092,1635.614,1651.187,1687.205,1681.868,6594.694
2022-11-18 16:00:00,47.62447,127.7883,130.4267,138.21,122.1333,538.94
2022-11-18 17:00:00,-0.1501331,0,0,0,0,-13.55517
2022-11-18 18:00:00,-0.1992715,0,0,0,0,-13.66217
2022-11-18 19:00:00,-0.3018875,0,0,0,0,-13.75183
2022-11-18 20:00:00,-0.1815361,0,0,0,0,-13.72017
2022-11-18 21:00:00,-0.2648595,0,0,0,0,-13.75117
2022-11-18 22:00:00,-0.1783783,0,0,0,0,-13.70517
2022-11-18 23:00:00,-0.252163,0,0,0,0,-13.82017
2022-11-19 00:00:00,-0.1457696,0,0,0,0,-13.668
2022-11-19 01:00:00,-0.2092629,0,0,0,0,-13.696
2022-11-19 02:00:00,-0.139079,0,0,0,0,-13.65583
2022-11-19 03:00:00,-0.2183335,0,0,0,0,-13.83633
2022-11-19 04:00:00,-0.1591779,0,0,0,0,-13.8585
2022-11-19 05:00:00,-0.2490647,0,0,0,0,-13.80583
2022-11-19 06:00:00,0.4551268,0,0,0,0,-12.80917
2022-11-19 07:00:00,217.8215,339.4933,350.2767,350.0317,348.585,1428.141
2022-11-19 08:00:00,663.6381,1873.315,1891.272,1939.703,1907.712,7656.179
2022-11-19 09:00:00,715.4596,2004.027,2022.21,2060.667,2057.418,8117.291
2022-11-19 10:00:00,671.0016,1765.52,1782.418,1641.867,1605.698,6730.795
2022-11-19 11:00:00,590.9749,1615.752,1625.755,1653.847,1654.121,6519.225
2022-11-19 12:00:00,559.1625,1655.447,1656.082,1686.545,1685.167,6646.606
2022-11-19 13:00:00,617.7918,1844.379,1841.275,1885.668,1883.756,7400.026
2022-11-19 14:00:00,658.2056,2010.837,2011.06,2057.028,2057.128,8056.948
2022-11-19 15:00:00,513.8016,1628.925,1649.475,1686.355,1686.907,6575.537
2022-11-19 16:00:00,46.08933,120.9283,121.2217,131.0217,113.47,488.6686
2022-11-19 17:00:00,-0.1684058,0,0,0,0,-13.51834
2022-11-19 18:00:00,-0.151478,0,0,0,0,-13.84167
2022-11-19 19:00:00,-0.2065168,0,0,0,0,-13.876
2022-11-19 20:00:00,-0.1739952,0,0,0,0,-13.87083
2022-11-19 21:00:00,-0.2378888,0,0,0,0,-13.79967
2022-11-19 22:00:00,-0.166161,0,0,0,0,-13.87866
2022-11-19 23:00:00,-0.1764689,0,0,0,0,-13.859
2022-11-20 00:00:00,-0.2410219,0,0,0,0,-13.64367
2022-11-20 01:00:00,-0.1691253,0,0,0,0,-13.5765
2022-11-20 02:00:00,-0.1877039,0,0,0,0,-13.7505
2022-11-20 03:00:00,-0.1762196,0,0,0,0,-13.739
2022-11-20 04:00:00,-0.1890889,0,0,0,0,-13.752
2022-11-20 05:00:00,-0.1355622,0,0,0,0,-13.7295
2022-11-20 06:00:00,1.673976,0,0,0,0,5.117165
2022-11-20 07:00:00,198.6445,361.9684,347.7617,364.995,346.945,1440.376
2022-11-20 08:00:00,607.9462,1539.33,1570.722,1573.698,1584.144,6297.717
2022-11-20 09:00:00,544.6093,1546.777,1551.175,1595.981,1581.837,6225.658
2022-11-20 10:00:00,527.4929,1529.707,1538.536,1571.423,1562.22,6175.539
2022-11-20 11:00:00,593.915,1562.913,1575.337,1603.7,1604.688,6323.329
2022-11-20 12:00:00,497.0122,1481.42,1485.592,1517.81,1521.065,5959.977
2022-11-20 13:00:00,642.3304,1921.163,1924.39,1963.82,1963.358,7711.872
2022-11-20 14:00:00,654.7474,1935.237,1947.401,1993.135,1992.915,7791.978
2022-11-20 15:00:00,306.0051,898.5583,917.08,931.5283,937.7266,3611.396
2022-11-20 16:00:00,46.80624,131.8917,137.0483,140.6583,129.67,531.7311
2022-11-20 17:00:00,-0.120896,0,0,0,0,-13.52217
2022-11-20 18:00:00,-0.1799,0,0,0,0,-13.74783
2022-11-20 19:00:00,-0.1876701,0,0,0,0,-13.7975
2022-11-20 20:00:00,-0.2217445,0,0,0,0,-13.8135
2022-11-20 21:00:00,-0.1714921,0,0,0,0,-13.80667
2022-11-20 22:00:00,-0.2900046,0,0,0,0,-13.7615
2022-11-20 23:00:00,-0.1672695,0,0,0,0,-13.73367
2022-11-21 00:00:00,-0.1497135,0,0,0,0,-13.64466
2022-11-21 01:00:00,-0.1953857,0,0,0,0,-13.69767
2022-11-21 02:00:00,-0.2196504,0,0,0,0,-13.62567
2022-11-21 03:00:00,-0.2169639,0,0,0,0,-13.63333
2022-11-21 04:00:00,-0.1422193,0,0,0,0,-13.62934
2022-11-21 05:00:00,-0.2497581,0,0,0,0,-13.72283
2022-11-21 06:00:00,0.6734023,0,0,0,0,-11.70983
2022-11-21 07:00:00,78.4101,97.01334,97.61667,102.505,102.495,414.6928
2022-11-21 08:00:00,334.2361,790.1199,796.5,805.7933,809.065,3212.142
2022-11-21 09:00:00,467.1878,1260.998,1257.867,1290.938,1281.967,5064.758
2022-11-21 10:00:00,457.5302,1229.773,1222.825,1259.604,1250.832,4942.146
2022-11-21 11:00:00,510.2722,1480.158,1491.208,1512.083,1523.43,5976.988
2022-11-21 12:00:00,523.0773,1556.115,1560.497,1588.597,1585.281,6256.354
2022-11-21 13:00:00,602.9854,1759.645,1752.572,1798.44,1801.988,7068.258
2022-11-21 14:00:00,567.0286,1701.408,1705.662,1763.943,1752.342,6877.177
2022-11-21 15:00:00,349.874,1107.417,1103.377,1119.838,1121.315,4365.384
2022-11-21 16:00:00,13.87086,26.92167,24.87333,29.75667,27.085,110.9028
2022-11-21 17:00:00,-0.1800357,0,0,0,0,-13.54783
2022-11-21 18:00:00,-0.156431,0,0,0,0,-13.642
2022-11-21 19:00:00,-0.2691983,0,0,0,0,-13.74467
2022-11-21 20:00:00,-0.2085693,0,0,0,0,-13.72383
2022-11-21 21:00:00,-0.1981901,0,0,0,0,-13.81133
2022-11-21 22:00:00,-0.1842608,0,0,0,0,-13.78067
2022-11-21 23:00:00,-0.2072665,0,0,0,0,-13.7625
2022-11-22 00:00:00,-0.2197065,0,0,0,0,-13.61217
2022-11-22 01:00:00,-0.1513192,0,0,0,0,-13.65967
2022-11-22 02:00:00,-0.2327974,0,0,0,0,-13.673
2022-11-22 03:00:00,-0.2468349,0,0,0,0,-13.69633
2022-11-22 04:00:00,-0.1657395,0,0,0,0,-13.6555
2022-11-22 05:00:00,-0.193664,0,0,0,0,-13.684
2022-11-22 06:00:00,1.135985,0.3983333,0.2983333,1.418333,0.5466667,-2.207833
2022-11-22 07:00:00,72.80597,76.60499,75.57833,81.555,79.40166,328.1764
2022-11-22 08:00:00,105.9888,226.0133,226.56,234.5967,236.3033,918.0897
2022-11-22 09:00:00,155.1481,420.5684,416.3383,428.6783,426.765,1684.805
2022-11-22 10:00:00,294.0555,812.7066,828.2001,836.5182,837.1918,3312.553
2022-11-22 11:00:00,299.0947,917.4033,922.2816,934.6582,947.1834,3702.405
2022-11-22 12:00:00,416.0425,1252.07,1255.142,1285.15,1280.748,5052.609
2022-11-22 13:00:00,458.2528,1380.746,1379.028,1415.394,1414.479,5569.426
2022-11-22 14:00:00,548.6226,1639.102,1630.545,1680.588,1664.131,6556.988
2022-11-22 15:00:00,169.9967,350.36,343.7083,349.755,347.7383,1372.849
2022-11-22 16:00:00,24.17138,40.55333,38.92167,42.73333,42.09333,165.0425
2022-11-22 17:00:00,-0.1671275,0,0,0,0,-13.64233
2022-11-22 18:00:00,-0.2101226,0,0,0,0,-13.58667
2022-11-22 19:00:00,-0.1975829,0,0,0,0,-13.612
2022-11-22 20:00:00,-0.2945229,0,0,0,0,-13.72133
2022-11-22 21:00:00,-0.2237365,0,0,0,0,-13.57167
2022-11-22 22:00:00,-0.2220969,0,0,0,0,-13.643
2022-11-22 23:00:00,-0.2532384,0,0,0,0,-13.72367
2022-11-23 00:00:00,-0.204155,0,0,0,0,-13.67033
2022-11-23 01:00:00,-0.2543113,0,0,0,0,-13.62533
2022-11-23 02:00:00,-0.2689927,0,0,0,0,-13.6875
2022-11-23 03:00:00,-0.2141927,0,0,0,0,-13.7185
2022-11-23 04:00:00,-0.2202792,0,0,0,0,-13.65083
2022-11-23 05:00:00,-0.2164603,0,0,0,0,-13.614
2022-11-23 06:00:00,-0.1520678,0,0,0,0,-13.67083
2022-11-23 07:00:00,31.85606,48.77167,46.55167,49.47499,49.14668,202.897
2022-11-23 08:00:00,74.57053,177.1983,177.145,187.4017,188.4716,719.0542
2022-11-23 09:00:00,135.2257,362.335,363.13,373.1133,370.165,1460.99
2022-11-23 10:00:00,147.0695,454.0684,454.6234,486.0467,506.4883,1893.428
2022-11-23 11:00:00,182.9456,635.505,644.7083,670.0084,662.0167,2606.052
2022-11-23 12:00:00,385.8008,1209.339,1188.362,1193.2,1191.402,4768.148
2022-11-23 13:00:00,574.4901,1734.4,1730.259,1773.274,1771.259,6966.953
2022-11-23 14:00:00,602.1138,1860.565,1862.622,1909.93,1909.974,7487.744
2022-11-23 15:00:00,469.895,1474.823,1495.047,1529.893,1526.782,5974.016
2022-11-23 16:00:00,32.42679,70.47334,73.04333,77.16666,66.45,298.4284
2022-11-23 17:00:00,-0.1028472,0,0,0,0,-13.48517
2022-11-23 18:00:00,-0.211825,0,0,0,0,-13.653
2022-11-23 19:00:00,-0.2561846,0,0,0,0,-13.69516
2022-11-23 20:00:00,-0.2072143,0,0,0,0,-13.80167
2022-11-23 21:00:00,-0.1565377,0,0,0,0,-13.62333
2022-11-23 22:00:00,-0.3276744,0,0,0,0,-13.7465
2022-11-23 23:00:00,-0.2857637,0,0,0,0,-13.7815
2022-11-24 00:00:00,-0.2153264,0,0,0,0,-13.69116
2022-11-24 01:00:00,-0.1773528,0,0,0,0,-13.69367
2022-11-24 02:00:00,-0.2459566,0,0,0,0,-13.6165
2022-11-24 03:00:00,-0.2074523,0,0,0,0,-13.62411
2022-11-24 04:00:00,-0.2036845,0,0,0,0,-13.60334
2022-11-24 05:00:00,-0.2339655,0,0,0,0,-13.6425
2022-11-24 06:00:00,0.06563625,0,0,0,0,-13.692
2022-11-24 07:00:00,152.6619,234.115,234.025,207.0133,237.24,942.5361
2022-11-24 08:00:00,645.381,1714.712,1741.922,1760.771,1772.21,6991.565
2022-11-24 09:00:00,638.6221,1878.024,1893.223,1926.738,1925.443,7590.98
2022-11-24 10:00:00,614.8962,1647.038,1662.065,1692.142,1689,6651.223
2022-11-24 11:00:00,514.2679,1494.025,1502.655,1528.058,1526.192,6016.152
2022-11-24 12:00:00,520.8002,1529.701,1531.626,1559.542,1558.038,6138.707
2022-11-24 13:00:00,579.4611,1722.6,1722.388,1764.479,1760.042,6907.063
2022-11-24 14:00:00,620.1886,1898.6,1897.55,1944.522,1939.953,7600.45
2022-11-24 15:00:00,468.9384,1464.532,1486.293,1517.939,1512.785,5896.715
2022-11-24 16:00:00,32.65544,68.33668,72.97668,75.09167,63.555,296.0248
2022-11-24 17:00:00,-0.05377555,0,0,0,0,-13.3085
2022-11-24 18:00:00,-0.1743971,0,0,0,0,-13.4455
2022-11-24 19:00:00,-0.2218277,0,0,0,0,-13.562
2022-11-24 20:00:00,-0.1596507,0,0,0,0,-13.56734
2022-11-24 21:00:00,-0.2894607,0,0,0,0,-13.47983
2022-11-24 22:00:00,-0.1863466,0,0,0,0,-13.585
2022-11-24 23:00:00,-0.1861659,0,0,0,0,-13.735
2022-11-25 00:00:00,-0.2685173,0,0,0,0,-13.83567
2022-11-25 01:00:00,-0.2192505,0,0,0,0,-13.825
2022-11-25 02:00:00,-0.1786031,0,0,0,0,-13.74467
2022-11-25 03:00:00,-0.3141348,0,0,0,0,-13.69717
2022-11-25 04:00:00,-0.2270212,0,0,0,0,-13.6075
2022-11-25 05:00:00,-0.1914791,0,0,0,0,-13.62283
2022-11-25 06:00:00,0.4241611,0,0,0,0,-10.04533
2022-11-25 07:00:00,79.4371,84.92,86.01668,89.67667,89.45167,376.5228
2022-11-25 08:00:00,326.2911,894.1884,898.4269,914.325,915.7984,3594.818
2022-11-25 09:00:00,390.9109,1078.552,1086.973,1112.885,1115.19,4415.677
2022-11-25 10:00:00,301.152,803.8983,804.3549,819.8433,816.5767,3283.517
2022-11-25 11:00:00,264.2882,853.4066,861.0567,888.565,893.7084,3501.306
2022-11-25 12:00:00,490.8177,1411.35,1414.223,1441.774,1443.115,5739.273
2022-11-25 13:00:00,410.1154,1255.382,1267.672,1299.233,1281.063,5074.794
2022-11-25 14:00:00,437.8702,1303.613,1300.135,1329.388,1330.318,5277.77
2022-11-25 15:00:00,169.7077,326.925,326.8,339.98,340.2133,1307.941
2022-11-25 16:00:00,17.57219,23.56833,23.45833,25.65667,25.56333,106.8365
2022-11-25 17:00:00,-0.108823,0,0,0,0,-13.51134
2022-11-25 18:00:00,-0.1812648,0,0,0,0,-13.72766
2022-11-25 19:00:00,-0.259084,0,0,0,0,-13.66166
2022-11-25 20:00:00,-0.3401011,0,0,0,0,-13.71616
2022-11-25 21:00:00,-0.1899897,0,0,0,0,-13.64184
2022-11-25 22:00:00,-0.2465705,0,0,0,0,-13.74233
2022-11-25 23:00:00,-0.2935149,0,0,0,0,-13.68317
2022-11-26 00:00:00,-0.1040443,0,0,0,0,-13.453
2022-11-26 01:00:00,-0.153257,0,0,0,0,-13.44384
2022-11-26 02:00:00,-0.3666651,0,0,0,0,-13.46978
2022-11-26 03:00:00,-0.2417773,0,0,0,0,-13.52933
2022-11-26 04:00:00,-0.1973638,0,0,0,0,-13.466
2022-11-26 05:00:00,-0.267242,0,0,0,0,-13.4825
2022-11-26 06:00:00,0.03410092,0,0,0,0,-13.55833
2022-11-26 07:00:00,74.67244,79.63999,81.12334,86.94167,88.33333,357.3317
2022-11-26 08:00:00,214.6503,531.7933,490.785,494.5183,505.11,2015.424
2022-11-26 09:00:00,525.3095,1521.282,1531.542,1563.947,1595.62,6198.801
2022-11-26 10:00:00,565.5989,1621.242,1636.268,1667.067,1664.878,6552.726
2022-11-26 11:00:00,512.3213,1479.443,1488.695,1513.7,1512.553,5959.128
2022-11-26 12:00:00,516.6631,1530.06,1532.175,1561.597,1560.97,6140.545
2022-11-26 13:00:00,571.6592,1715.492,1714.248,1759.453,1759.272,6887.486
2022-11-26 14:00:00,603.4257,1867.783,1866.036,1913.637,1912.342,7481.514
2022-11-26 15:00:00,443.2993,1377.785,1397.55,1428.275,1423.763,5562.963
2022-11-26 16:00:00,27.83946,62.12834,64.58333,68.51166,59.20168,273.4873
2022-11-26 17:00:00,-0.1735228,0,0,0,0,-13.3535
2022-11-26 18:00:00,-0.1876069,0,0,0,0,-13.40283
2022-11-26 19:00:00,-0.2093226,0,0,0,0,-13.78167
2022-11-26 20:00:00,-0.2514994,0,0,0,0,-13.77383
2022-11-26 21:00:00,-0.2868761,0,0,0,0,-13.8035
2022-11-26 22:00:00,-0.1981115,0,0,0,0,-13.78383
2022-11-26 23:00:00,-0.2431525,0,0,0,0,-13.7595
2022-11-27 00:00:00,-0.2665296,0,0,0,0,-13.68333
2022-11-27 01:00:00,-0.2223478,0,0,0,0,-13.61717
2022-11-27 02:00:00,-0.2591358,0,0,0,0,-13.55917
2022-11-27 03:00:00,-0.1887113,0,0,0,0,-13.6085
2022-11-27 04:00:00,-0.2689453,0,0,0,0,-13.7165
2022-11-27 05:00:00,-0.1894081,0,0,0,0,-13.62733
2022-11-27 06:00:00,-0.0500598,0,0,0,0,-13.64533
2022-11-27 07:00:00,125.3899,191.3133,204.5717,205.2617,205.1467,833.722
2022-11-27 08:00:00,674.2736,1652.61,1667.448,1699.754,1701.423,6727.982
2022-11-27 09:00:00,308.5169,892.24,897.2568,917.2231,914.7084,3533.433
2022-11-27 10:00:00,339.7943,1055.07,1055.453,1076.837,1075.755,4222.667
2022-11-27 11:00:00,456.546,1314.57,1357.005,1425.068,1470.053,5537.981
2022-11-27 12:00:00,480.2079,1471.327,1503.77,1551.515,1571.528,6106.856
2022-11-27 13:00:00,696.3964,1897.29,1935.764,2015.468,2043.927,7778.534
2022-11-27 14:00:00,310.6721,742.5049,737.5817,741.3783,708.8334,2917.865
2022-11-27 15:00:00,68.69163,127.005,128.3867,136.6216,137.8667,512.4225
2022-11-27 16:00:00,15.85487,19.34333,19.65833,21.45833,22.15333,92.74966
2022-11-27 17:00:00,-0.1947795,0,0,0,0,-13.59417
2022-11-27 18:00:00,-0.253896,0,0,0,0,-13.67233
2022-11-27 19:00:00,-0.1891355,0,0,0,0,-13.77267
2022-11-27 20:00:00,-0.2598703,0,0,0,0,-13.62416
2022-11-27 21:00:00,-0.2430528,0,0,0,0,-13.647
2022-11-27 22:00:00,-0.2905625,0,0,0,0,-13.68333
2022-11-27 23:00:00,-0.1752147,0,0,0,0,-13.57633
2022-11-28 00:00:00,-0.1817324,0,0,0,0,-13.61283
2022-11-28 01:00:00,-0.1570809,0,0,0,0,-13.58767
2022-11-28 02:00:00,-0.1404029,0,0,0,0,-13.4805
2022-11-28 03:00:00,-0.1303961,0,0,0,0,-13.46033
2022-11-28 04:00:00,-0.2372506,0,0,0,0,-13.49517
2022-11-28 05:00:00,-0.1667273,0,0,0,0,-13.61433
2022-11-28 06:00:00,-0.1455168,0,0,0,0,-13.64744
2022-11-28 07:00:00,49.13589,47.10667,46.78499,50.255,48.40001,192.716
2022-11-28 08:00:00,211.5243,378.5255,390.93,407.4033,395.3017,1505.387
2022-11-28 09:00:00,125.7304,306.8467,301.3666,309.0566,299.315,1190.582
2022-11-28 10:00:00,162.797,465.9,458.515,445.3217,458.4217,1766.365
2022-11-28 11:00:00,178.0903,564.4917,570.2783,578.9584,613.2433,2301.222
2022-11-28 12:00:00,311.8867,902.8167,896.7933,925.3483,905.6483,3647.534
2022-11-28 13:00:00,344.9402,916.0433,949.4964,1025.822,1024.982,3836.742
2022-11-28 14:00:00,74.39276,174.9434,168.0116,176.7984,180.9767,723.918
2022-11-28 15:00:00,146.5435,270.7533,267.7584,283.8217,283.5667,1093.926
2022-11-28 16:00:00,17.95535,30.11167,30.665,34.36667,34.95667,120.8242
2022-11-28 17:00:00,-0.055939,0,0,0,0,-13.74934
2022-11-28 18:00:00,-0.1906764,0,0,0,0,-13.86648
2022-11-28 19:00:00,-0.181922,0,0,0,0,-13.84966
2022-11-28 20:00:00,-0.3733363,0,0,0,0,-13.8405
2022-11-28 21:00:00,0.0968824,0,0,0,0,-13.78333
2022-11-28 22:00:00,-0.2883304,0,0,0,0,-13.83733
2022-11-28 23:00:00,-0.05216985,0,0,0,0,-13.7295
2022-11-29 00:00:00,-0.1832354,0,0,0,0,-13.6735
2022-11-29 01:00:00,-0.3454084,0,0,0,0,-13.81
2022-11-29 02:00:00,-0.2825427,0,0,0,0,-13.82517
2022-11-29 03:00:00,-0.1656663,0,0,0,0,-13.73
2022-11-29 04:00:00,-0.3373359,0,0,0,0,-13.70383
2022-11-29 05:00:00,-0.1421007,0,0,0,0,-13.71783
2022-11-29 06:00:00,-0.1333044,0,0,0,0,-13.76816
2022-11-29 07:00:00,43.28751,28.455,28.775,29.515,26.97,136.0763
2022-11-29 08:00:00,173.4547,268.49,277.1584,287.0383,285.91,1108.569
2022-11-29 09:00:00,258.9597,614.8734,619.9417,642.8483,662.5133,2534.414
2022-11-29 10:00:00,429.0017,1201.203,1292.307,1346.037,1370.693,5184.212
2022-11-29 11:00:00,436.8377,1355.12,1338.565,1349.141,1390.112,5385.452
2022-11-29 12:00:00,450.7101,1351.897,1364.02,1390.905,1379.745,5436.102
2022-11-29 13:00:00,251.1463,695.475,691.8583,710.8718,714.4183,2791.693
2022-11-29 14:00:00,213.1431,478.84,481.71,495.1534,488.45,1929.288
2022-11-29 15:00:00,130.2476,248.4267,245.745,256.2817,258.38,989.236
2022-11-29 16:00:00,12.01696,12.57667,12.46667,13.83167,14.05333,65.69112
2022-11-29 17:00:00,-0.2339152,0,0,0,0,-13.57317
2022-11-29 18:00:00,-0.2573029,0,0,0,0,-13.57683
2022-11-29 19:00:00,-0.1020904,0,0,0,0,-13.7085
2022-11-29 20:00:00,-0.3983848,0,0,0,0,-13.794
2022-11-29 21:00:00,-0.2051518,0,0,0,0,-13.838
2022-11-29 22:00:00,-0.211816,0,0,0,0,-13.82166
2022-11-29 23:00:00,-0.2327356,0,0,0,0,-13.83267
2022-11-30 00:00:00,-0.2843654,0,0,0,0,-13.73483
2022-11-30 01:00:00,-0.2709132,0,0,0,0,-13.63066
2022-11-30 02:00:00,-0.1677878,0,0,0,0,-13.59333
2022-11-30 03:00:00,-0.0673782,0,0,0,0,-13.4915
2022-11-30 04:00:00,-0.1015588,0,0,0,0,-13.63383
2022-11-30 05:00:00,-0.1560713,0,0,0,0,-13.5915
2022-11-30 06:00:00,-0.3781396,0,0,0,0,-13.648
2022-11-30 07:00:00,4.499876,0.1166667,0.4966668,3.583333,3.031667,18.17484
2022-11-30 08:00:00,52.12352,101.415,101.365,107.65,107.895,403.2713
2022-11-30 09:00:00,150.2177,329.4933,326.8066,338.3983,341.4616,1329.052
2022-11-30 10:00:00,456.594,1294.522,1318.943,1354.795,1334.467,5254.064
2022-11-30 11:00:00,193.1537,502.6617,497.8867,492.3417,467.3066,1923.992
2022-11-30 12:00:00,360.2024,1061.423,1075.12,1096.518,1116.26,4370.065
2022-11-30 13:00:00,128.5784,349.6584,347.2834,360.2067,363.33,1404.302
2022-11-30 14:00:00,121.3462,282.68,289.4333,311.8933,341.0367,1208.86
2022-11-30 15:00:00,74.41461,119.015,116.6317,121.5234,119.2,468.3577
2022-11-30 16:00:00,9.521129,7.046668,4.875,11.17333,9.961667,44.23317
2022-11-30 17:00:00,-0.02007223,0,0,0,0,-13.84433
2022-11-30 18:00:00,0.08937645,0,0,0,0,-13.80433
2022-11-30 19:00:00,0.1796429,0,0,0,0,-13.73717
2022-11-30 20:00:00,0.2920896,0,0,0,0,-13.63817
2022-11-30 21:00:00,-0.08853364,0,0,0,0,-13.75283
2022-11-30 22:00:00,-0.0557057,0,0,0,0,-13.542
2022-11-30 23:00:00,-0.3067034,0,0,0,0,-13.5725
