Monroe Moore Farm,Unnamed: 1,Unnamed: 2,Unnamed: 3,Unnamed: 4,Unnamed: 5,Unnamed: 6,Unnamed: 7
,,,,,,,
Timestamp,POA*,"SMA 800 CP-US - A1, Pac","SMA 800 CP-US - A2, Pac","SMA 800 CP-US - B1, Pac","SMA 800 CP-US - B2, Pac","SMA 800 CP-US - C1, Pac","SMA 800 CP-US - C2, Pac"
,W/mÂ²,kW,kW,kW,kW,kW,kW
2022-10-01 00:00:00,0,0,0,0,0,0,0
2022-10-01 01:00:00,0,0,0,0,0,0,0
2022-10-01 02:00:00,0,0,0,0,0,0,0
2022-10-01 03:00:00,0,0,0,0,0,0,0
2022-10-01 04:00:00,0,0,0,0,0,0,0
2022-10-01 05:00:00,0,0,0,0,0,0,0
2022-10-01 06:00:00,0,0,0,0,0,0,0
2022-10-01 07:00:00,5.238956,0.4631628,2.515923,0.477459,0.564979,0.587767,1.730933
2022-10-01 08:00:00,77.76207,66.17429,67.6871,66.90023,64.77061,67.28459,73.20441
2022-10-01 09:00:00,164.2805,145.57,148.7124,145.1606,139.6963,144.3315,155.3718
2022-10-01 10:00:00,285.9056,251.4854,257.2541,269.116,255.6059,265.9429,282.6509
2022-10-01 11:00:00,374.714,264.1416,243.687,324.1603,193.6635,324.0886,223.455
2022-10-01 12:00:00,534.7194,432.647,428.4701,254.0521,407.8497,258.2947,436.8749
2022-10-01 13:00:00,561.347,471.7122,480.4879,471.3031,453.4467,462.6013,490.108
2022-10-01 14:00:00,312.4299,284.3434,287.8669,282.8105,265.5651,278.8338,291.741
2022-10-01 15:00:00,230.1028,204.2948,202.9789,206.2702,199.1651,206.2038,222.0166
2022-10-01 16:00:00,154.5777,140.2404,143.5867,140.2081,131.702,133.0008,144.6468
2022-10-01 17:00:00,102.2746,92.16196,93.62751,92.67363,87.99612,84.03774,97.32909
2022-10-01 18:00:00,15.28049,13.76621,13.90957,14.41276,13.71921,12.91004,15.54245
2022-10-01 19:00:00,0.07345351,0,0.0892477,0.08881855,0.07844038,0.07597248,0.0992212
2022-10-01 20:00:00,0,0,0,0,0,0,0
2022-10-01 21:00:00,0,0,0,0,0,0,0
2022-10-01 22:00:00,0,0,0,0,0,0,0
2022-10-01 23:00:00,0,0,0,0,0,0,0
2022-10-02 00:00:00,0,0,0,0,0,0,0
2022-10-02 01:00:00,0,0,0,0,0,0,0
2022-10-02 02:00:00,0,0,0,0,0,0,0
2022-10-02 03:00:00,0,0,0,0,0,0,0
2022-10-02 04:00:00,0,0,0,0,0,0,0
2022-10-02 05:00:00,0,0,0,0,0,0,0
2022-10-02 06:00:00,0,0,0,0,0,0,0
2022-10-02 07:00:00,9.389958,3.720087,4.900631,1.691173,3.341827,3.218837,5.012799
2022-10-02 08:00:00,33.6398,31.21612,31.55895,31.43746,29.84878,31.14034,33.15137
2022-10-02 09:00:00,245.3801,227.798,224.764,226.5357,213.4324,218.3292,236.9732
2022-10-02 10:00:00,718.586,661.0371,667.0966,650.396,609.5917,634.4594,680.38
2022-10-02 11:00:00,762.25,653.2102,671.6454,653.2051,638.5413,662.5317,667.0507
2022-10-02 12:00:00,525.9603,318.6134,336.1832,408.7231,259.2617,290.1664,279.2224
2022-10-02 13:00:00,414.9471,349.2144,352.4298,354.7508,337.5135,348.4056,363.5018
2022-10-02 14:00:00,649.957,560.254,545.9933,582.4869,572.861,600.5132,603.6534
2022-10-02 15:00:00,429.7499,385.2015,388.2644,440.0981,459.1863,464.9859,516.5619
2022-10-02 16:00:00,250.8611,227.7694,223.9345,241.0833,221.3281,238.3153,247.3925
2022-10-02 17:00:00,75.13326,70.39384,71.25703,70.25198,65.33104,68.96116,71.48481
2022-10-02 18:00:00,18.5794,17.78104,18.06917,17.77582,16.64178,17.56255,18.53218
2022-10-02 19:00:00,0.1496532,0.1977884,0.1975521,0.282804,0.2664445,0.2859587,0.3139578
2022-10-02 20:00:00,0,0,0,0,0,0,0
2022-10-02 21:00:00,0,0,0,0,0,0,0
2022-10-02 22:00:00,0,0,0,0,0,0,0
2022-10-02 23:00:00,0,0,0,0,0,0,0
2022-10-03 00:00:00,0,0,0,0,0,0,0
2022-10-03 01:00:00,0,0,0,0,0,0,0
2022-10-03 02:00:00,0,0,0,0,0,0,0
2022-10-03 03:00:00,0,0,0,0,0,0,0
2022-10-03 04:00:00,0,0,0,0,0,0,0
2022-10-03 05:00:00,0,0,0,0,0,0,0
2022-10-03 06:00:00,0,0,0,0,0,0,0
2022-10-03 07:00:00,12.50513,7.008958,8.735015,6.705081,6.631425,6.240061,9.120482
2022-10-03 08:00:00,187.9048,163.2128,147.4422,157.4589,152.0211,154.4667,161.0713
2022-10-03 09:00:00,163.3026,145.5888,144.4485,147.0349,137.3706,142.863,147.6624
2022-10-03 10:00:00,152.0531,137.9404,139.6249,138.3669,132.3909,137.4034,146.6752
2022-10-03 11:00:00,267.3214,238.1651,241.4701,238.5939,225.4957,235.3224,248.082
2022-10-03 12:00:00,374.4713,250.7881,255.0264,252.4848,237.744,251.4297,227.1471
2022-10-03 13:00:00,677.0587,560.7224,556.7116,564.6271,547.2668,556.1978,597.6292
2022-10-03 14:00:00,908.0746,773.9259,726.8566,753.1893,694.0735,740.9243,695.8236
2022-10-03 15:00:00,756.9144,643.4124,659.9495,682.8844,608.7045,674.075,662.1135
2022-10-03 16:00:00,421.0506,343.3258,345.082,394.0481,367.9986,397.3189,444.8629
2022-10-03 17:00:00,279.3439,203.1883,188.1127,254.7425,245.6407,262.9933,268.136
2022-10-03 18:00:00,61.72461,38.41861,27.40474,45.55495,53.19778,55.01399,57.36285
2022-10-03 19:00:00,0.0003170228,0.111849,0.1045043,0.1096533,0.1736592,0.1205228,0.2154795
2022-10-03 20:00:00,0,0,0,0,0,0,0
2022-10-03 21:00:00,0,0,0,0,0,0,0
2022-10-03 22:00:00,0,0,0,0,0,0,0
2022-10-03 23:00:00,0,0,0,0,0,0,0
2022-10-04 00:00:00,0,0,0,0,0,0,0
2022-10-04 01:00:00,0,0,0,0,0,0,0
2022-10-04 02:00:00,0,0,0,0,0,0,0
2022-10-04 03:00:00,0,0,0,0,0,0,0
2022-10-04 04:00:00,0,0,0,0,0,0,0
2022-10-04 05:00:00,0,0,0,0,0,0,0
2022-10-04 06:00:00,0,0,0,0,0,0,0
2022-10-04 07:00:00,31.60257,9.782172,3.10274,9.64143,8.877368,8.910505,9.384728
2022-10-04 08:00:00,262.739,214.5578,178.5212,206.9001,192.115,190.2639,176.5341
2022-10-04 09:00:00,499.6433,476.2941,461.8957,467.1888,434.9822,446.0856,468.093
2022-10-04 10:00:00,734.7396,667.0195,673.715,655.6857,613.6077,638.6671,687.7557
2022-10-04 11:00:00,894.7341,795.3589,806.7649,784.5539,736.759,772.0892,816.6913
2022-10-04 12:00:00,984.3447,832.9395,833.0231,832.2429,801.48,816.3434,832.9382
2022-10-04 13:00:00,996.4318,832.3896,832.9454,832.9001,812.6881,828.3002,832.9098
2022-10-04 14:00:00,874.3167,754.2877,776.0481,786.2565,756.4465,748.0975,805.7753
2022-10-04 15:00:00,775.8098,655.3124,678.0718,689.685,650.9123,688.7343,719.6274
2022-10-04 16:00:00,566.4068,461.5948,465.023,512.727,482.1689,513.2528,539.9156
2022-10-04 17:00:00,304.9589,218.3457,198.9834,275.9221,261.5667,279.8333,292.2908
2022-10-04 18:00:00,48.89608,35.72826,24.07869,42.27742,50.56457,51.98977,54.38626
2022-10-04 19:00:00,0,0.009081545,0.08709172,0.09394743,0.13067,0.0970037,0.1072493
2022-10-04 20:00:00,0,0,0,0,0,0,0
2022-10-04 21:00:00,0,0,0,0,0,0,0
2022-10-04 22:00:00,0,0,0,0,0,0,0
2022-10-04 23:00:00,0,0,0,0,0,0,0
2022-10-05 00:00:00,0,0,0,0,0,0,0
2022-10-05 01:00:00,0,0,0,0,0,0,0
2022-10-05 02:00:00,0,0,0,0,0,0,0
2022-10-05 03:00:00,0,0,0,0,0,0,0
2022-10-05 04:00:00,0,0,0,0,0,0,0
2022-10-05 05:00:00,0,0,0,0,0,0,0
2022-10-05 06:00:00,0,0,0,0,0,0,0
2022-10-05 07:00:00,29.35068,13.48477,12.26935,8.620647,3.887548,7.93069,2.848903
2022-10-05 08:00:00,251.1148,209.604,172.0096,200.8697,186.528,184.2999,168.6924
2022-10-05 09:00:00,502.4142,462.5956,446.7691,454.4541,423.1426,433.7292,454.8053
2022-10-05 10:00:00,720.1282,656.0946,664.5379,645.0131,602.6257,627.4865,673.6119
2022-10-05 11:00:00,874.5429,785.7226,800.9799,776.1851,728.7619,764.3743,807.7925
2022-10-05 12:00:00,959.7496,832.8939,832.956,830.6162,787.0425,826.7432,832.7783
2022-10-05 13:00:00,965.9288,825.863,832.9771,830.176,786.6434,828.4234,829.324
2022-10-05 14:00:00,892.9182,755.5634,797.4522,777.9667,732.2526,757.5973,777.1701
2022-10-05 15:00:00,747.676,631.1573,650.9307,663.4932,623.4233,660.3804,661.1905
2022-10-05 16:00:00,535.8229,439.5184,441.0232,488.3685,458.2015,488.5911,486.2343
2022-10-05 17:00:00,286.4044,203.4214,184.124,258.0238,244.583,256.8585,258.7816
2022-10-05 18:00:00,44.51181,32.20811,21.4269,37.88079,45.45927,46.95253,45.99821
2022-10-05 19:00:00,0,0,0.03837385,0.0878945,0.0415014,0.0440367,0.09000687
2022-10-05 20:00:00,0,0,0,0,0,0,0
2022-10-05 21:00:00,0,0,0,0,0,0,0
2022-10-05 22:00:00,0,0,0,0,0,0,0
2022-10-05 23:00:00,0,0,0,0,0,0,0
2022-10-06 00:00:00,0,0,0,0,0,0,0
2022-10-06 01:00:00,0,0,0,0,0,0,0
2022-10-06 02:00:00,0,0,0,0,0,0,0
2022-10-06 03:00:00,0,0,0,0,0,0,0
2022-10-06 04:00:00,0,0,0,0,0,0,0
2022-10-06 05:00:00,0,0,0,0,0,0,0
2022-10-06 06:00:00,0,0,0,0,0,0,0
2022-10-06 07:00:00,27.63791,1.735667,10.79353,9.438783,1.528751,9.910787,7.76644
2022-10-06 08:00:00,235.9608,196.2408,164.1887,192.7761,176.0814,177.1054,163.6736
2022-10-06 09:00:00,487.5797,449.1572,432.2729,440.834,410.6972,420.375,442.0344
2022-10-06 10:00:00,704.2827,635.4339,639.3477,623.0083,581.7252,604.9227,651.8469
2022-10-06 11:00:00,856.7267,753.5675,767.2318,741.7857,695.7227,728.61,779.7746
2022-10-06 12:00:00,944.4529,813.5692,825.8364,804.1823,756.5372,794.6234,831.8386
2022-10-06 13:00:00,956.6691,809.6725,830.1189,813.5694,765.3696,807.4259,832.9489
2022-10-06 14:00:00,887.7278,739.8218,778.4134,762.0725,717.5529,758.4031,802.8396
2022-10-06 15:00:00,742.7355,617.5428,632.348,649.63,610.3121,648.1017,685.2059
2022-10-06 16:00:00,535.4902,430.4731,430.6816,479.4393,450.5122,479.7049,505.1281
2022-10-06 17:00:00,289.5638,199.8957,179.5018,253.9292,240.7384,257.7971,269.7523
2022-10-06 18:00:00,41.43066,30.32168,19.69234,35.91957,43.152,44.33748,46.08381
2022-10-06 19:00:00,0,0.0001181818,0.0002020202,0,0.07102413,0.0904242,0.04911112
2022-10-06 20:00:00,0,0,0,0,0,0,0
2022-10-06 21:00:00,0,0,0,0,0,0,0
2022-10-06 22:00:00,0,0,0,0,0,0,0
2022-10-06 23:00:00,0,0,0,0,0,0,0
2022-10-07 00:00:00,0,0,0,0,0,0,0
2022-10-07 01:00:00,0,0,0,0,0,0,0
2022-10-07 02:00:00,0,0,0,0,0,0,0
2022-10-07 03:00:00,0,0,0,0,0,0,0
2022-10-07 04:00:00,0,0,0,0,0,0,0
2022-10-07 05:00:00,0,0,0,0,0,0,0
2022-10-07 06:00:00,0,0,0,0,0,0,0
2022-10-07 07:00:00,26.15335,1.694297,11.02056,9.304528,9.779046,1.319291,8.367648
2022-10-07 08:00:00,228.0278,188.3423,157.8861,185.2907,172.7985,167.7097,158.9927
2022-10-07 09:00:00,478.398,439.3314,421.584,430.991,401.7678,410.8935,432.529
2022-10-07 10:00:00,702.0563,628.5543,631.5435,616.2891,575.1979,597.9741,643.2902
2022-10-07 11:00:00,858.7492,748.9681,762.2337,737.3499,691.1289,724.7094,772.3162
2022-10-07 12:00:00,945.0541,809.4142,825.6952,798.3757,749.6808,789.8416,830.7682
2022-10-07 13:00:00,955.7673,799.8544,825.6572,800.957,750.6899,757.9926,832.5932
2022-10-07 14:00:00,887.2963,733.4305,768.0888,754.8241,709.0917,688.0689,794.3766
2022-10-07 15:00:00,716.5596,593.4452,607.4662,628.1261,589.3137,573.1896,661.7752
2022-10-07 16:00:00,505.928,405.8626,404.595,449.8991,425.8321,412.2256,475.9388
2022-10-07 17:00:00,244.6362,182.4274,171.5813,219.7711,206.6371,202.2937,231.9182
2022-10-07 18:00:00,49.26013,40.02264,32.41037,43.27362,49.00022,45.93948,53.18948
2022-10-07 19:00:00,0,0,0,0,0.001304791,0,0.001767584
2022-10-07 20:00:00,0,0,0,0,0,0,0
2022-10-07 21:00:00,0,0,0,0,0,0,0
2022-10-07 22:00:00,0,0,0,0,0,0,0
2022-10-07 23:00:00,0,0,0,0,0,0,0
2022-10-08 00:00:00,0,0,0,0,0,0,0
2022-10-08 01:00:00,0,0,0,0,0,0,0
2022-10-08 02:00:00,0,0,0,0,0,0,0
2022-10-08 03:00:00,0,0,0,0,0,0,0
2022-10-08 04:00:00,0,0,0,0,0,0,0
2022-10-08 05:00:00,0,0,0,0,0,0,0
2022-10-08 06:00:00,0,0,0,0,0,0,0
2022-10-08 07:00:00,17.88211,9.617467,12.09707,3.468775,10.00067,10.27659,11.81099
2022-10-08 08:00:00,148.1805,126.3008,113.4699,123.2504,116.3242,117.4744,119.441
2022-10-08 09:00:00,366.5851,333.5423,328.231,320.7149,301.3634,307.5152,328.1339
2022-10-08 10:00:00,656.979,603.3528,608.0941,595.6046,557.1017,576.0146,619.3398
2022-10-08 11:00:00,791.326,719.0899,748.4771,707.0236,657.8328,699.8513,729.8909
2022-10-08 12:00:00,896.6388,761.4524,757.004,771.7363,754.0391,764.0709,782.2348
2022-10-08 13:00:00,888.4192,742.0864,751.6133,756.1721,731.9753,749.8752,771.8616
2022-10-08 14:00:00,781.0408,675.6974,696.1084,700.1044,659.3307,694.2894,733.6911
2022-10-08 15:00:00,726.8652,616.509,629.9362,648.2835,606.9803,645.1113,677.2236
2022-10-08 16:00:00,446.2303,361.3581,369.9835,378.2388,367.4631,378.6807,412.1394
2022-10-08 17:00:00,271.7022,194.7372,177.5038,240.383,235.8988,248.2919,266.027
2022-10-08 18:00:00,31.12753,25.12972,19.21394,26.57082,30.2946,31.49522,32.83282
2022-10-08 19:00:00,0,0,0,0,0.02238851,0,0.02630755
2022-10-08 20:00:00,0,0,0,0,0,0,0
2022-10-08 21:00:00,0,0,0,0,0,0,0
2022-10-08 22:00:00,0,0,0,0,0,0,0
2022-10-08 23:00:00,0,0,0,0,0,0,0
2022-10-09 00:00:00,0,0,0,0,0,0,0
2022-10-09 01:00:00,0,0,0,0,0,0,0
2022-10-09 02:00:00,0,0,0,0,0,0,0
2022-10-09 03:00:00,0,0,0,0,0,0,0
2022-10-09 04:00:00,0,0,0,0,0,0,0
2022-10-09 05:00:00,0,0,0,0,0,0,0
2022-10-09 06:00:00,0,0,0,0,0,0,0
2022-10-09 07:00:00,21.42323,5.438995,10.49589,5.480072,5.017512,5.23227,8.696959
2022-10-09 08:00:00,224.9718,184.1016,152.8158,177.6159,165.4798,164.9169,156.9844
2022-10-09 09:00:00,454.7816,399.2776,385.5294,372.2582,361.8195,359.5491,391.9057
2022-10-09 10:00:00,613.5942,532.6317,476.6876,591.0539,553.2601,597.571,586.6563
2022-10-09 11:00:00,813.8086,732.7377,728.181,729.0471,700.2485,713.1021,785.5195
2022-10-09 12:00:00,887.1948,776.5417,782.5252,772.8494,714.4764,760.9884,775.9986
2022-10-09 13:00:00,789.4482,652.8367,676.5212,611.377,602.6755,609.2791,664.261
2022-10-09 14:00:00,622.6054,510.2635,512.3609,525.562,515.3054,526.5665,569.7703
2022-10-09 15:00:00,342.1266,295.9039,295.6811,320.1771,306.3281,321.3721,340.8882
2022-10-09 16:00:00,421.2684,343.7325,346.0124,360.7325,345.766,360.358,387.8792
2022-10-09 17:00:00,171.6452,133.8481,130.1819,150.7659,143.8577,150.74,161.4265
2022-10-09 18:00:00,19.51023,18.82712,19.06606,19.21,18.38042,19.25263,20.47121
2022-10-09 19:00:00,0,0,0,0,0,0,0
2022-10-09 20:00:00,0,0,0,0,0,0,0
2022-10-09 21:00:00,0,0,0,0,0,0,0
2022-10-09 22:00:00,0,0,0,0,0,0,0
2022-10-09 23:00:00,0,0,0,0,0,0,0
2022-10-10 00:00:00,0,0,0,0,0,0,0
2022-10-10 01:00:00,0,0,0,0,0,0,0
2022-10-10 02:00:00,0,0,0,0,0,0,0
2022-10-10 03:00:00,0,0,0,0,0,0,0
2022-10-10 04:00:00,0,0,0,0,0,0,0
2022-10-10 05:00:00,0,0,0,0,0,0,0
2022-10-10 06:00:00,0,0,0,0,0,0,0
2022-10-10 07:00:00,11.09148,5.211788,0,3.072551,4.934388,4.122564,7.36703
2022-10-10 08:00:00,79.49681,68.49667,60.86644,70.01083,63.00969,66.00537,70.96996
2022-10-10 09:00:00,184.6473,161.1463,160.5587,165.5753,156.1331,164.461,170.1112
2022-10-10 10:00:00,201.2858,176.174,178.0443,176.4082,167.1017,174.1998,184.4452
2022-10-10 11:00:00,275.2113,238.555,237.6083,237.4588,215.2855,230.8282,235.1548
2022-10-10 12:00:00,583.1807,483.7852,502.4566,484.4457,460.2762,479.28,522.1456
2022-10-10 13:00:00,621.5342,532.3508,524.387,528.3895,510.2237,519.959,552.4381
2022-10-10 14:00:00,546.8137,464.1099,464.2838,487.4378,469.3897,487.5001,526.989
2022-10-10 15:00:00,480.4141,400.8737,401.4105,399.6267,371.0112,381.4253,433.2556
2022-10-10 16:00:00,284.5033,229.4074,215.6503,259.5963,227.6481,255.4808,246.7513
2022-10-10 17:00:00,142.4966,114.8063,113.5667,121.9882,110.4461,121.5812,121.7546
2022-10-10 18:00:00,20.37584,16.87464,16.769,17.3292,17.07564,17.55631,19.03947
2022-10-10 19:00:00,0,0,0,0,0,0,0
2022-10-10 20:00:00,0,0,0,0,0,0,0
2022-10-10 21:00:00,0,0,0,0,0,0,0
2022-10-10 22:00:00,0,0,0,0,0,0,0
2022-10-10 23:00:00,0,0,0,0,0,0,0
2022-10-11 00:00:00,0,0,0,0,0,0,0
2022-10-11 01:00:00,0,0,0,0,0,0,0
2022-10-11 02:00:00,0,0,0,0,0,0,0
2022-10-11 03:00:00,0,0,0,0,0,0,0
2022-10-11 04:00:00,0,0,0,0,0,0,0
2022-10-11 05:00:00,0,0,0,0,0,0,0
2022-10-11 06:00:00,0,0,0,0,0,0,0
2022-10-11 07:00:00,17.08341,6.874158,8.610128,5.740653,6.506392,6.165248,7.814699
2022-10-11 08:00:00,215.6432,173.4932,149.4704,170.5982,161.6955,161.4613,156.2526
2022-10-11 09:00:00,437.829,397.0334,376.9146,388.5049,363.1434,370.8695,391.3949
2022-10-11 10:00:00,687.5115,619.5722,617.0719,607.2279,566.3738,589.3783,632.5502
2022-10-11 11:00:00,832.3148,740.6373,759.4142,733.379,687.3536,721.3129,767.3459
2022-10-11 12:00:00,928.5729,813.6817,828.0753,804.3176,753.0859,794.9994,831.0897
2022-10-11 13:00:00,751.2625,656.1636,663.9929,666.535,633.7348,654.623,699.0513
2022-10-11 14:00:00,526.6317,449.8729,458.6709,463.846,483.1628,495.4597,512.2207
2022-10-11 15:00:00,525.1491,437.9609,419.9313,442.874,394.5682,427.0751,426.0523
2022-10-11 16:00:00,326.8421,257.2219,259.0402,277.4355,253.6792,272.3589,280.7229
2022-10-11 17:00:00,188.6445,137.7562,130.7063,169.4589,162.1025,173.2251,181.0135
2022-10-11 18:00:00,24.48589,20.49685,20.08645,22.75664,23.20187,23.9186,25.35649
2022-10-11 19:00:00,0,0,0,0,0,0,0
2022-10-11 20:00:00,0,0,0,0,0,0,0
2022-10-11 21:00:00,0,0,0,0,0,0,0
2022-10-11 22:00:00,0,0,0,0,0,0,0
2022-10-11 23:00:00,0,0,0,0,0,0,0
2022-10-12 00:00:00,0,0,0,0,0,0,0
2022-10-12 01:00:00,0,0,0,0,0,0,0
2022-10-12 02:00:00,0,0,0,0,0,0,0
2022-10-12 03:00:00,0,0,0,0,0,0,0
2022-10-12 04:00:00,0,0,0,0,0,0,0
2022-10-12 05:00:00,0,0,0,0,0,0,0
2022-10-12 06:00:00,0,0,0,0,0,0,0
2022-10-12 07:00:00,6.685705,1.010854,2.494285,0.6600792,1.542899,0.646328,2.586488
2022-10-12 08:00:00,150.3327,123.8647,119.1679,119.5813,113.4578,114.3908,117.6976
2022-10-12 09:00:00,316.492,273.065,264.0289,283.0451,257.8884,272.4216,285.0313
2022-10-12 10:00:00,239.9208,216.5667,215.4999,216.468,207.2521,213.887,230.6367
2022-10-12 11:00:00,440.6493,326.9193,332.4338,326.8922,359.3702,380.5141,344.2693
2022-10-12 12:00:00,362.7614,258.7724,281.4133,254.8685,293.2166,305.555,269.1305
2022-10-12 13:00:00,305.9267,275.9598,266.7609,284.9522,256.184,277.1404,287.4552
2022-10-12 14:00:00,316.1656,255.2845,270.6125,266.7526,151.2292,159.9256,294.1786
2022-10-12 15:00:00,331.2053,271.9539,274.987,272.9474,240.5496,257.7141,252.888
2022-10-12 16:00:00,307.4789,248.1521,257.515,271.9651,276.1946,275.7752,315.377
2022-10-12 17:00:00,92.81451,81.17613,82.43426,82.01508,77.5826,81.22703,85.82307
2022-10-12 18:00:00,4.749763,4.690771,4.872524,4.863518,4.588926,4.760119,5.134649
2022-10-12 19:00:00,0,0,0,0,0,0,0
2022-10-12 20:00:00,0,0,0,0,0,0,0
2022-10-12 21:00:00,0,0,0,0,0,0,0
2022-10-12 22:00:00,0,0,0,0,0,0,0
2022-10-12 23:00:00,0,0,0,0,0,0,0
2022-10-13 00:00:00,0,0,0,0,0,0,0
2022-10-13 01:00:00,0,0,0,0,0,0,0
2022-10-13 02:00:00,0,0,0,0,0,0,0
2022-10-13 03:00:00,0,0,0,0,0,0,0
2022-10-13 04:00:00,0,0,0,0,0,0,0
2022-10-13 05:00:00,0,0,0,0,0,0,0
2022-10-13 06:00:00,0,0,0,0,0,0,0
2022-10-13 07:00:00,0.8345201,0,0,0,0,0,0
2022-10-13 08:00:00,48.90282,33.27765,39.105,32.46154,33.54457,32.53461,41.46366
2022-10-13 09:00:00,101.3144,86.71867,89.08164,88.11238,84.9269,89.17513,93.4287
2022-10-13 10:00:00,375.3522,336.0245,336.5804,345.973,316.7404,328.9222,339.2598
2022-10-13 11:00:00,174.8226,155.4281,157.8071,155.9857,148.7329,154.6599,164.8983
2022-10-13 12:00:00,412.2141,216.9891,224.3924,216.3966,201.3282,213.7293,223.8751
2022-10-13 13:00:00,616.6287,472.5631,482.4959,420.6544,386.411,404.5244,421.1206
2022-10-13 14:00:00,657.2764,535.3452,572.185,529.2556,482.7448,510.6937,549.2915
2022-10-13 15:00:00,549.5526,452.1636,441.3166,481.101,442.8086,466.6816,494.9602
2022-10-13 16:00:00,330.499,278.1095,270.7425,297.7949,278.5714,278.6902,306.6278
2022-10-13 17:00:00,176.957,130.2521,118.3846,145.3474,146.0221,139.1854,170.9753
2022-10-13 18:00:00,28.58817,24.15346,18.02464,25.84858,29.08015,28.07628,32.4595
2022-10-13 19:00:00,0,0,0,0,0,0,0
2022-10-13 20:00:00,0,0,0,0,0,0,0
2022-10-13 21:00:00,0,0,0,0,0,0,0
2022-10-13 22:00:00,0,0,0,0,0,0,0
2022-10-13 23:00:00,0,0,0,0,0,0,0
2022-10-14 00:00:00,0,0,0,0,0,0,0
2022-10-14 01:00:00,0,0,0,0,0,0,0
2022-10-14 02:00:00,0,0,0,0,0,0,0
2022-10-14 03:00:00,0,0,0,0,0,0,0
2022-10-14 04:00:00,0,0,0,0,0,0,0
2022-10-14 05:00:00,0,0,0,0,0,0,0
2022-10-14 06:00:00,0,0,0,0,0,0,0
2022-10-14 07:00:00,18.24244,1.795946,6.485154,0.0139972,1.420326,1.502023,1.839584
2022-10-14 08:00:00,235.8484,190.7829,147.6028,179.8288,169.9802,168.0001,151.7978
2022-10-14 09:00:00,494.5981,451.9121,421.6812,445.7242,412.7684,421.2439,446.3203
2022-10-14 10:00:00,720.6794,650.1179,644.2721,637.9106,594.315,617.6771,665.3829
2022-10-14 11:00:00,878.2863,780.7012,792.4663,767.3156,717.325,753.8268,799.7457
2022-10-14 12:00:00,962.412,830.6114,832.9411,825.8363,775.6348,816.3404,832.958
2022-10-14 13:00:00,962.7919,817.7599,832.4374,824.153,772.2567,816.3828,832.8839
2022-10-14 14:00:00,886.2265,746.1953,783.731,768.1889,719.8652,764.1401,807.2271
2022-10-14 15:00:00,734.6347,613.7715,626.0988,648.5312,606.0894,644.9973,683.6547
2022-10-14 16:00:00,518.7828,414.3502,408.1308,467.6442,436.9255,467.6111,493.5637
2022-10-14 17:00:00,263.2654,179.8875,148.3024,229.3244,219.0904,237.1539,247.9978
2022-10-14 18:00:00,21.45889,19.85687,12.13081,21.94005,28.82616,30.34926,31.11411
2022-10-14 19:00:00,0,0,0,0,0,0,0
2022-10-14 20:00:00,0,0,0,0,0,0,0
2022-10-14 21:00:00,0,0,0,0,0,0,0
2022-10-14 22:00:00,0,0,0,0,0,0,0
2022-10-14 23:00:00,0,0,0,0,0,0,0
2022-10-15 00:00:00,0,0,0,0,0,0,0
2022-10-15 01:00:00,0,0,0,0,0,0,0
2022-10-15 02:00:00,0,0,0,0,0,0,0
2022-10-15 03:00:00,0,0,0,0,0,0,0
2022-10-15 04:00:00,0,0,0,0,0,0,0
2022-10-15 05:00:00,0,0,0,0,0,0,0
2022-10-15 06:00:00,0,0,0,0,0,0,0
2022-10-15 07:00:00,16.68833,1.362083,6.08444,2.040922,1.913544,2.027687,5.284298
2022-10-15 08:00:00,219.1239,167.5668,136.8637,168.1506,156.9789,155.273,144.1929
2022-10-15 09:00:00,467.9726,427.7846,397.3304,422.7778,391.4919,399.6646,421.9634
2022-10-15 10:00:00,685.1839,616.845,607.3064,607.9016,567.0346,588.4282,636.2523
2022-10-15 11:00:00,843.4188,749.3505,755.2933,738.467,691.6849,725.6768,775.7513
2022-10-15 12:00:00,928.3494,812.1151,821.9816,802.8827,752.8811,794.061,832.2303
2022-10-15 13:00:00,932.1006,794.5004,821.8026,803.5625,752.8995,796.4623,832.4332
2022-10-15 14:00:00,837.0416,706.903,738.4489,726.5217,678.8847,721.1929,763.627
2022-10-15 15:00:00,667.8865,558.0072,567.7447,587.6318,545.3788,585.0074,613.9547
2022-10-15 16:00:00,489.8035,388.514,381.0097,438.8068,410.2296,439.1306,455.4085
2022-10-15 17:00:00,242.1942,163.4605,135.4504,206.1842,197.3946,213.6124,211.2254
2022-10-15 18:00:00,22.48326,17.2709,11.89829,18.96908,23.95634,25.21044,23.89636
2022-10-15 19:00:00,0,0,0,0,0,0,0
2022-10-15 20:00:00,0,0,0,0,0,0,0
2022-10-15 21:00:00,0,0,0,0,0,0,0
2022-10-15 22:00:00,0,0,0,0,0,0,0
2022-10-15 23:00:00,0,0,0,0,0,0,0
2022-10-16 00:00:00,0,0,0,0,0,0,0
2022-10-16 01:00:00,0,0,0,0,0,0,0
2022-10-16 02:00:00,0,0,0,0,0,0,0
2022-10-16 03:00:00,0,0,0,0,0,0,0
2022-10-16 04:00:00,0,0,0,0,0,0,0
2022-10-16 05:00:00,0,0,0,0,0,0,0
2022-10-16 06:00:00,0,0,0,0,0,0,0
2022-10-16 07:00:00,18.56244,2.09769,11.18208,2.046022,1.978385,1.992126,10.67101
2022-10-16 08:00:00,186.1101,146.9041,123.3915,141.8847,132.8849,133.2385,131.4728
2022-10-16 09:00:00,446.3525,394.0457,362.9576,393.8052,365.8763,373.7952,397.04
2022-10-16 10:00:00,630.0166,556.7729,546.2603,547.6122,511.4534,531.8604,575.2699
2022-10-16 11:00:00,712.6633,621.0052,627.1038,617.8113,574.7307,602.6259,642.863
2022-10-16 12:00:00,900.2896,773.9614,785.2067,765.8612,719.636,757.6343,807.7325
2022-10-16 13:00:00,881.981,738.7256,765.3146,748.1876,704.462,743.2751,788.0698
2022-10-16 14:00:00,687.286,572.1089,590.0568,586.4536,551.1734,580.9661,610.6388
2022-10-16 15:00:00,440.7987,371.8769,376.5414,381.4682,358.7545,378.4436,397.5228
2022-10-16 16:00:00,413.5948,326.945,321.4114,359.8475,338.3551,359.4413,378.7491
2022-10-16 17:00:00,221.3031,156.2971,138.6642,186.9258,178.9704,191.8175,200.7522
2022-10-16 18:00:00,17.88479,13.84839,11.04167,14.67965,16.44909,17.77585,18.82704
2022-10-16 19:00:00,0,0,0,0,0,0,0
2022-10-16 20:00:00,0,0,0,0,0,0,0
2022-10-16 21:00:00,0,0,0,0,0,0,0
2022-10-16 22:00:00,0,0,0,0,0,0,0
2022-10-16 23:00:00,0,0,0,0,0,0,0
2022-10-17 00:00:00,0,0,0,0,0,0,0
2022-10-17 01:00:00,0,0,0,0,0,0,0
2022-10-17 02:00:00,0,0,0,0,0,0,0
2022-10-17 03:00:00,0,0,0,0,0,0,0
2022-10-17 04:00:00,0,0,0,0,0,0,0
2022-10-17 05:00:00,0,0,0,0,0,0,0
2022-10-17 06:00:00,0,0,0,0,0,0,0
2022-10-17 07:00:00,6.245132,0.9412107,3.036722,0.7907975,1.415614,1.078427,3.156137
2022-10-17 08:00:00,87.50046,71.28068,66.38824,70.13022,66.98389,67.73531,72.1805
2022-10-17 09:00:00,371.9181,324.2091,308.2284,320.2215,298.1414,305.2051,322.6738
2022-10-17 10:00:00,472.6176,432.226,421.7614,427.5509,399.9417,415.5883,448.7957
2022-10-17 11:00:00,771.6066,688.1323,702.0798,673.9911,632.0574,660.0582,708.2924
2022-10-17 12:00:00,901.4838,782.9238,792.2665,776.4808,727.9012,767.5797,817.0818
2022-10-17 13:00:00,857.0608,725.8854,762.2531,762.9987,706.3277,761.5292,779.4048
2022-10-17 14:00:00,608.9152,493.8436,515.504,490.6689,512.3488,516.2894,568.7618
2022-10-17 15:00:00,623.2014,504.8067,533.7625,497.7333,439.5954,482.9757,497.122
2022-10-17 16:00:00,387.2837,304.2069,290.4379,376.4218,353.251,378.4865,397.0544
2022-10-17 17:00:00,248.2927,163.5149,132.1816,203.7794,194.9414,211.8416,222.0696
2022-10-17 18:00:00,22.41987,14.38309,10.31072,16.14683,20.88267,22.14019,22.25046
2022-10-17 19:00:00,0,0,0,0,0,0,0
2022-10-17 20:00:00,0,0,0,0,0,0,0
2022-10-17 21:00:00,0,0,0,0,0,0,0
2022-10-17 22:00:00,0,0,0,0,0,0,0
2022-10-17 23:00:00,0,0,0,0,0,0,0
2022-10-18 00:00:00,0,0,0,0,0,0,0
2022-10-18 01:00:00,0,0,0,0,0,0,0
2022-10-18 02:00:00,0,0,0,0,0,0,0
2022-10-18 03:00:00,0,0,0,0,0,0,0
2022-10-18 04:00:00,0,0,0,0,0,0,0
2022-10-18 05:00:00,0,0,0,0,0,0,0
2022-10-18 06:00:00,0,0,0,0,0,0,0
2022-10-18 07:00:00,12.95198,0,3.823136,0,0,0,3.555637
2022-10-18 08:00:00,229.6748,175.815,134.815,166.0951,155.2334,153.6193,144.3783
2022-10-18 09:00:00,488.1602,452.0949,415.6963,445.8451,411.2467,420.6279,444.1716
2022-10-18 10:00:00,715.0489,669.886,659.1309,659.5434,613.2762,637.3276,688.808
2022-10-18 11:00:00,875.3195,805.5547,811.5208,796.6887,742.3607,780.4362,819.5936
2022-10-18 12:00:00,961.9957,832.9503,833.0243,832.9379,808.5834,832.52,832.9824
2022-10-18 13:00:00,966.4304,832.2844,832.9704,832.9636,810.0013,832.9078,832.9344
2022-10-18 14:00:00,894.8999,780.2847,808.014,803.6253,752.9591,799.2217,825.6121
2022-10-18 15:00:00,738.3054,635.4859,648.1422,677.4684,630.3208,671.8182,709.8615
2022-10-18 16:00:00,523.5673,422.1693,414.9794,484.8451,451.385,482.6564,511.781
2022-10-18 17:00:00,257.1277,175.7574,144.1115,219.3233,206.5173,226.4317,227.6644
2022-10-18 18:00:00,14.26367,11.41407,8.715753,12.79817,14.42984,15.26842,15.80233
2022-10-18 19:00:00,0,0,0,0,0,0,0
2022-10-18 20:00:00,0,0,0,0,0,0,0
2022-10-18 21:00:00,0,0,0,0,0,0,0
2022-10-18 22:00:00,0,0,0,0,0,0,0
2022-10-18 23:00:00,0,0,0,0,0,0,0
2022-10-19 00:00:00,0,0,0,0,0,0,0
2022-10-19 01:00:00,0,0,0,0,0,0,0
2022-10-19 02:00:00,0,0,0,0,0,0,0
2022-10-19 03:00:00,0,0,0,0,0,0,0
2022-10-19 04:00:00,0,0,0,0,0,0,0
2022-10-19 05:00:00,0,0,0,0,0,0,0
2022-10-19 06:00:00,0,0,0,0,0,0,0
2022-10-19 07:00:00,13.49726,0,1.919244,0,0,0,1.61823
2022-10-19 08:00:00,232.8304,182.7812,135.9068,171.1814,161.6642,159.6337,146.7626
2022-10-19 09:00:00,489.0498,447.6291,409.0573,443.9128,411.3988,417.8819,445.1724
2022-10-19 10:00:00,707.3048,654.8502,640.2411,645.2131,601.3229,622.9507,676.8842
2022-10-19 11:00:00,861.53,792.2266,797.0036,782.8492,732.1106,767.7521,814.1993
2022-10-19 12:00:00,946.6592,832.9564,832.8472,832.8313,797.3073,831.0082,832.9444
2022-10-19 13:00:00,950.3539,825.2104,832.9505,832.241,794.0031,831.3173,832.9658
2022-10-19 14:00:00,875.2007,758.9206,793.8945,784.6509,732.9739,778.1654,816.0147
2022-10-19 15:00:00,723.3947,617.59,628.8922,658.5569,613.4732,653.4348,692.037
2022-10-19 16:00:00,506.5162,408.0894,395.6577,465.7886,433.5003,464.8055,490.3683
2022-10-19 17:00:00,244.8033,166.7895,128.4985,211.5584,205.1846,222.877,232.8895
2022-10-19 18:00:00,15.44291,12.75572,9.265086,14.36475,20.04237,21.32368,21.06553
2022-10-19 19:00:00,0,0,0,0,0,0,0
2022-10-19 20:00:00,0,0,0,0,0,0,0
2022-10-19 21:00:00,0,0,0,0,0,0,0
2022-10-19 22:00:00,0,0,0,0,0,0,0
2022-10-19 23:00:00,0,0,0,0,0,0,0
2022-10-20 00:00:00,0,0,0,0,0,0,0
2022-10-20 01:00:00,0,0,0,0,0,0,0
2022-10-20 02:00:00,0,0,0,0,0,0,0
2022-10-20 03:00:00,0,0,0,0,0,0,0
2022-10-20 04:00:00,0,0,0,0,0,0,0
2022-10-20 05:00:00,0,0,0,0,0,0,0
2022-10-20 06:00:00,0,0,0,0,0,0,0
2022-10-20 07:00:00,10.41636,0.0810274,3.623454,0.1276747,0.1202936,0.1137562,2.023564
2022-10-20 08:00:00,240.3044,175.2388,106.4712,165.5513,154.9045,153.5843,141.6901
2022-10-20 09:00:00,461.9409,433.5959,395.9246,428.3843,396.2028,402.6437,430.4696
2022-10-20 10:00:00,698.9089,639.1213,624.1182,629.6274,584.6213,605.9128,659.7652
2022-10-20 11:00:00,852.3016,768.541,769.5366,758.3002,708.4823,741.1225,796.9137
2022-10-20 12:00:00,941.3887,831.181,832.6735,828.2038,777.7454,820.4358,832.9612
2022-10-20 13:00:00,948.0657,819.8785,832.8508,830.302,780.816,826.6977,832.9975
2022-10-20 14:00:00,860.0419,739.6143,771.2795,764.2519,712.7549,758.4546,798.7941
2022-10-20 15:00:00,718.1193,603.1273,609.9956,645.1683,603.9504,641.4408,681.542
2022-10-20 16:00:00,488.4942,391.4609,378.2131,444.9846,415.2644,444.7656,469.313
2022-10-20 17:00:00,234.9108,164.9948,130.1957,199.5739,191.0672,209.5193,216.8725
2022-10-20 18:00:00,11.81341,10.33802,8.12985,12.09933,16.45203,17.58062,17.69609
2022-10-20 19:00:00,0,0,0,0,0,0,0
2022-10-20 20:00:00,0,0,0,0,0,0,0
2022-10-20 21:00:00,0,0,0,0,0,0,0
2022-10-20 22:00:00,0,0,0,0,0,0,0
2022-10-20 23:00:00,0,0,0,0,0,0,0
2022-10-21 00:00:00,0,0,0,0,0,0,0
2022-10-21 01:00:00,0,0,0,0,0,0,0
2022-10-21 02:00:00,0,0,0,0,0,0,0
2022-10-21 03:00:00,0,0,0,0,0,0,0
2022-10-21 04:00:00,0,0,0,0,0,0,0
2022-10-21 05:00:00,0,0,0,0,0,0,0
2022-10-21 06:00:00,0,0,0,0,0,0,0
2022-10-21 07:00:00,8.768329,0,0.7000975,0,0,0,1.899491
2022-10-21 08:00:00,220.1284,165.256,123.7895,155.8909,148.4272,146.9821,135.8311
2022-10-21 09:00:00,468.2776,432.0016,392.9074,427.6581,395.6182,402.028,428.7142
2022-10-21 10:00:00,698.1858,633.3689,619.0314,623.3083,579.9973,601.2272,651.3383
2022-10-21 11:00:00,851.3334,758.4055,764.86,747.0769,697.6039,730.1904,781.3131
2022-10-21 12:00:00,932.2806,814.7795,828.9276,806.1398,754.7559,794.5115,832.3936
2022-10-21 13:00:00,932.8948,795.198,827.4532,806.4656,755.8647,798.3862,831.3392
2022-10-21 14:00:00,854.4861,721.9414,754.114,744.6623,695.7617,738.2096,784.1425
2022-10-21 15:00:00,706.0317,586.15,596.5997,624.6837,583.207,620.808,650.2054
2022-10-21 16:00:00,490.0377,387.6882,374.3677,443.1984,413.2534,442.2771,465.1464
2022-10-21 17:00:00,209.5493,155.4013,117.5027,195.2477,190.1241,207.2331,214.9215
2022-10-21 18:00:00,9.873127,10.68759,8.799058,12.11414,16.47252,17.43584,17.40627
2022-10-21 19:00:00,0,0,0,0,0,0,0
2022-10-21 20:00:00,0,0,0,0,0,0,0
2022-10-21 21:00:00,0,0,0,0,0,0,0
2022-10-21 22:00:00,0,0,0,0,0,0,0
2022-10-21 23:00:00,0,0,0,0,0,0,0
2022-10-22 00:00:00,0,0,0,0,0,0,0
2022-10-22 01:00:00,0,0,0,0,0,0,0
2022-10-22 02:00:00,0,0,0,0,0,0,0
2022-10-22 03:00:00,0,0,0,0,0,0,0
2022-10-22 04:00:00,0,0,0,0,0,0,0
2022-10-22 05:00:00,0,0,0,0,0,0,0
2022-10-22 06:00:00,0,0,0,0,0,0,0
2022-10-22 07:00:00,7.836512,0,3.10901,0,0,0,0.655116
2022-10-22 08:00:00,212.1234,161.434,120.1964,151.8547,142.3401,140.827,132.7197
2022-10-22 09:00:00,470.0124,426.4193,385.029,424.4893,392.2817,398.1067,425.0204
2022-10-22 10:00:00,700.8799,630.3044,615.8386,620.9544,576.794,598.5741,647.8998
2022-10-22 11:00:00,859.0757,760.3729,765.839,749.1365,698.1766,731.9967,784.1613
2022-10-22 12:00:00,942.6348,822.2042,830.9996,814.1389,761.389,802.2789,832.7517
2022-10-22 13:00:00,939.3417,794.6879,828.3188,806.7971,756.1086,799.1475,832.3429
2022-10-22 14:00:00,860.0766,723.9915,756.7288,746.0317,695.6092,734.8914,782.7771
2022-10-22 15:00:00,707.2524,582.6631,591.1398,623.3327,581.1601,606.8721,655.694
2022-10-22 16:00:00,488.3238,382.3763,367.0616,439.718,409.7155,438.9267,462.7122
2022-10-22 17:00:00,213.1861,151.5669,110.2891,191.8761,188.8195,206.8493,212.8368
2022-10-22 18:00:00,9.297174,9.210076,7.373249,10.59474,15.03637,15.89055,16.07497
2022-10-22 19:00:00,0,0,0,0,0,0,0
2022-10-22 20:00:00,0,0,0,0,0,0,0
2022-10-22 21:00:00,0,0,0,0,0,0,0
2022-10-22 22:00:00,0,0,0,0,0,0,0
2022-10-22 23:00:00,0,0,0,0,0,0,0
2022-10-23 00:00:00,0,0,0,0,0,0,0
2022-10-23 01:00:00,0,0,0,0,0,0,0
2022-10-23 02:00:00,0,0,0,0,0,0,0
2022-10-23 03:00:00,0,0,0,0,0,0,0
2022-10-23 04:00:00,0,0,0,0,0,0,0
2022-10-23 05:00:00,0,0,0,0,0,0,0
2022-10-23 06:00:00,0,0,0,0,0,0,0
2022-10-23 07:00:00,3.897183,0,1.178138,0,0.5179567,0,1.173784
2022-10-23 08:00:00,203.4232,144.7984,109.6637,118.8065,131.4834,109.9443,120.9368
2022-10-23 09:00:00,463.3647,412.1952,370.5966,410.5048,379.319,384.6389,410.6449
2022-10-23 10:00:00,684.6213,617.7601,601.6539,607.372,564.0434,584.8938,633.6307
2022-10-23 11:00:00,840.0093,752.8804,755.755,740.8628,689.3915,723.3307,771.3409
2022-10-23 12:00:00,929.9097,818.7889,829.5616,810.0737,758.4787,799.6925,832.3751
2022-10-23 13:00:00,929.7471,794.6343,827.4458,808.6821,755.8351,801.199,832.5886
2022-10-23 14:00:00,853.3132,723.1531,754.2652,745.7947,695.1578,739.7199,782.581
2022-10-23 15:00:00,696.4872,576.1111,585.0125,617.4467,575.6411,612.3105,648.3538
2022-10-23 16:00:00,481.1747,376.2339,360.8029,433.3819,403.1155,432.1083,455.0312
2022-10-23 17:00:00,210.4578,145.8528,105.7013,183.8951,181.3855,193.5093,204.2056
2022-10-23 18:00:00,7.796562,8.081327,6.742674,9.519069,13.00391,13.53428,14.18355
2022-10-23 19:00:00,0,0,0,0,0,0,0
2022-10-23 20:00:00,0,0,0,0,0,0,0
2022-10-23 21:00:00,0,0,0,0,0,0,0
2022-10-23 22:00:00,0,0,0,0,0,0,0
2022-10-23 23:00:00,0,0,0,0,0,0,0
2022-10-24 00:00:00,0,0,0,0,0,0,0
2022-10-24 01:00:00,0,0,0,0,0,0,0
2022-10-24 02:00:00,0,0,0,0,0,0,0
2022-10-24 03:00:00,0,0,0,0,0,0,0
2022-10-24 04:00:00,0,0,0,0,0,0,0
2022-10-24 05:00:00,0,0,0,0,0,0,0
2022-10-24 06:00:00,0.04656893,0,0,0,0,0,0
2022-10-24 07:00:00,2.960038,0,0.7849575,0,0,0,0.7561895
2022-10-24 08:00:00,48.93052,35.59386,39.56345,35.44607,34.7822,30.61948,43.34118
2022-10-24 09:00:00,171.2097,139.9135,139.9387,140.8452,135.0665,139.5065,150.1427
2022-10-24 10:00:00,212.0558,180.1606,185.4946,179.3946,168.9043,176.4883,187.3618
2022-10-24 11:00:00,357.4959,307.7961,303.7643,311.8191,295.6967,305.487,335.4891
2022-10-24 12:00:00,923.1337,792.0274,806.0339,783.2252,748.6318,771.5505,829.0381
2022-10-24 13:00:00,913.7877,773.916,813.7959,788.217,738.4062,780.4373,827.075
2022-10-24 14:00:00,838.0669,706.8272,735.9884,729.0729,678.7848,721.1092,756.5942
2022-10-24 15:00:00,685.8407,564.4991,573.0201,606.3929,564.7067,602.2314,637.5105
2022-10-24 16:00:00,469.2144,366.316,350.1418,421.8456,392.741,421.459,444.3088
2022-10-24 17:00:00,200.4758,139.6062,101.0599,175.3151,173.9794,190.8291,195.8861
2022-10-24 18:00:00,5.176588,7.283121,6.137704,8.691189,11.40619,11.87903,12.44498
2022-10-24 19:00:00,0,0,0,0,0,0,0
2022-10-24 20:00:00,0,0,0,0,0,0,0
2022-10-24 21:00:00,0,0,0,0,0,0,0
2022-10-24 22:00:00,0,0,0,0,0,0,0
2022-10-24 23:00:00,0,0,0,0,0,0,0
2022-10-25 00:00:00,0,0,0,0,0,0,0
2022-10-25 01:00:00,0,0,0,0,0,0,0
2022-10-25 02:00:00,0,0,0,0,0,0,0
2022-10-25 03:00:00,0,0,0,0,0,0,0
2022-10-25 04:00:00,0,0,0,0,0,0,0
2022-10-25 05:00:00,0,0,0,0,0,0,0
2022-10-25 06:00:00,0,0,0,0,0,0,0
2022-10-25 07:00:00,4.480821,0,1.922034,0,0,0,2.052236
2022-10-25 08:00:00,174.5611,142.9091,104.8839,131.292,126.0675,124.8753,117.2432
2022-10-25 09:00:00,432.8456,401.3419,356.705,400.0793,369.8787,374.4917,400.3882
2022-10-25 10:00:00,664.1365,594.0836,578.0282,586.5256,545.2673,565.2262,614.5073
2022-10-25 11:00:00,814.8297,717.2079,720.3877,705.9588,657.513,687.9088,741.3929
2022-10-25 12:00:00,912.7828,786.738,802.3776,778.7526,725.2435,766.0807,814.1967
2022-10-25 13:00:00,891.9995,751.6332,787.407,763.5735,712.06,755.5606,800.4474
2022-10-25 14:00:00,785.4091,660.1263,686.8431,681.9816,637.2028,675.6085,718.6406
2022-10-25 15:00:00,539.2363,447.2562,453.3922,475.1738,445.5324,473.2923,501.2674
2022-10-25 16:00:00,518.2697,401.4119,384.2721,452.7573,423.2903,451.7896,477.3077
2022-10-25 17:00:00,79.05672,63.51339,54.11366,74.61048,72.83434,78.00904,81.69553
2022-10-25 18:00:00,6.689742,7.198774,6.965834,7.740928,7.70029,8.220129,8.617069
2022-10-25 19:00:00,0,0,0,0,0,0,0
2022-10-25 20:00:00,0,0,0,0,0,0,0
2022-10-25 21:00:00,0,0,0,0,0,0,0
2022-10-25 22:00:00,0,0,0,0,0,0,0
2022-10-25 23:00:00,0,0,0,0,0,0,0
2022-10-26 00:00:00,0,0,0,0,0,0,0
2022-10-26 01:00:00,0,0,0,0,0,0,0
2022-10-26 02:00:00,0,0,0,0,0,0,0
2022-10-26 03:00:00,0,0,0,0,0,0,0
2022-10-26 04:00:00,0,0,0,0,0,0,0
2022-10-26 05:00:00,0,0,0,0,0,0,0
2022-10-26 06:00:00,0,0,0,0,0,0,0
2022-10-26 07:00:00,0.6078128,0,0,0,0,0,0
2022-10-26 08:00:00,44.67928,31.57115,34.26907,33.05043,30.13876,31.54317,35.45103
2022-10-26 09:00:00,106.9531,92.32571,92.44411,91.29617,86.90176,90.28959,96.14381
2022-10-26 10:00:00,177.6779,152.0408,153.9115,152.6165,146.0148,151.2894,162.2657
2022-10-26 11:00:00,153.3024,132.5351,134.0871,133.7545,127.808,132.1238,142.6715
2022-10-26 12:00:00,141.1135,124.1877,127.9005,123.9635,116.5174,121.7908,129.2851
2022-10-26 13:00:00,180.451,132.7193,154.1347,133.8579,149.0116,132.1719,139.8698
2022-10-26 14:00:00,348.6555,174.4618,317.5654,234.3958,331.0373,235.5504,258.3893
2022-10-26 15:00:00,459.1096,369.8717,380.3749,397.4742,381.6879,401.5657,412.9058
2022-10-26 16:00:00,426.0562,328.6551,307.3917,368.8576,326.3069,354.1216,353.3624
2022-10-26 17:00:00,192.7961,138.2857,106.0408,169.3463,169.2137,186.1656,191.9226
2022-10-26 18:00:00,7.452959,6.445431,5.870427,7.480801,8.827644,9.102448,9.923694
2022-10-26 19:00:00,0,0,0,0,0,0,0
2022-10-26 20:00:00,0,0,0,0,0,0,0
2022-10-26 21:00:00,0,0,0,0,0,0,0
2022-10-26 22:00:00,0,0,0,0,0,0,0
2022-10-26 23:00:00,0,0,0,0,0,0,0
2022-10-27 00:00:00,0,0,0,0,0,0,0
2022-10-27 01:00:00,0,0,0,0,0,0,0
2022-10-27 02:00:00,0,0,0,0,0,0,0
2022-10-27 03:00:00,0,0,0,0,0,0,0
2022-10-27 04:00:00,0,0,0,0,0,0,0
2022-10-27 05:00:00,0,0,0,0,0,0,0
2022-10-27 06:00:00,0,0,0,0,0,0,0
2022-10-27 07:00:00,2.778185,0.4672605,1.808033,0,0.9181153,0,1.761175
2022-10-27 08:00:00,196.5287,129.7664,94.13117,118.1019,115.1756,111.1876,106.0251
2022-10-27 09:00:00,447.5284,396.1815,350.0357,394.0706,365.0688,368.6899,394.4081
2022-10-27 10:00:00,671.3302,613.7241,593.7611,604.5908,560.3735,581.0344,628.3396
2022-10-27 11:00:00,827.9144,759.0123,762.7384,747.1424,695.4622,728.9707,777.7625
2022-10-27 12:00:00,911.2986,775.5156,786.5078,767.0613,699.1847,735.2565,705.8009
2022-10-27 13:00:00,804.8151,682.091,685.9297,707.2783,679.8745,709.7231,734.7521
2022-10-27 14:00:00,540.3179,491.2117,474.7841,494.7467,457.028,494.8063,483.7639
2022-10-27 15:00:00,306.2649,254.725,257.8162,260.6389,247.2812,255.967,272.06
2022-10-27 16:00:00,195.416,160.6006,162.9216,162.8438,154.0763,161.287,171.0605
2022-10-27 17:00:00,99.13321,79.37912,69.95139,85.22208,85.32008,92.99056,93.53287
2022-10-27 18:00:00,6.655715,6.085417,5.655349,6.833491,7.062185,7.391957,7.757187
2022-10-27 19:00:00,0,0,0,0,0,0,0
2022-10-27 20:00:00,0,0,0,0,0,0,0
2022-10-27 21:00:00,0,0,0,0,0,0,0
2022-10-27 22:00:00,0,0,0,0,0,0,0
2022-10-27 23:00:00,0,0,0,0,0,0,0
2022-10-28 00:00:00,0,0,0,0,0,0,0
2022-10-28 01:00:00,0,0,0,0,0,0,0
2022-10-28 02:00:00,0,0,0,0,0,0,0
2022-10-28 03:00:00,0,0,0,0,0,0,0
2022-10-28 04:00:00,0,0,0,0,0,0,0
2022-10-28 05:00:00,0,0,0,0,0,0,0
2022-10-28 06:00:00,0,0,0,0,0,0,0
2022-10-28 07:00:00,3.890218,0.510726,1.606358,0.3667848,0.6803485,0,1.528384
2022-10-28 08:00:00,175.737,119.2938,88.42592,110.0867,98.23246,103.2333,99.78708
2022-10-28 09:00:00,446.6112,395.2019,346.4203,392.8959,364.295,367.5808,393.4398
2022-10-28 10:00:00,660.7527,606.5728,585.0818,597.6481,553.4647,573.2455,622.8665
2022-10-28 11:00:00,814.5486,740.9994,743.886,729.7179,681.4604,710.7831,763.6838
2022-10-28 12:00:00,847.8783,759.2944,776.6624,751.7625,703.3606,739.8575,778.6316
2022-10-28 13:00:00,837.0184,728.2125,762.4205,726.41,677.1664,718.6788,745.9748
2022-10-28 14:00:00,781.8276,671.8925,693.7727,686.4325,640.7859,681.666,716.3181
2022-10-28 15:00:00,639.6874,538.1275,542.303,578.0647,536.401,573.0323,600.9173
2022-10-28 16:00:00,369.7326,299.0754,291.2726,333.6313,314.4969,334.7574,352.8821
2022-10-28 17:00:00,138.073,104.6115,94.55911,118.1585,113.7734,121.5822,126.8321
2022-10-28 18:00:00,9.904459,7.372295,7.35912,7.730196,7.511282,7.886414,8.332681
2022-10-28 19:00:00,0,0,0,0,0,0,0
2022-10-28 20:00:00,0,0,0,0,0,0,0
2022-10-28 21:00:00,0,0,0,0,0,0,0
2022-10-28 22:00:00,0,0,0,0,0,0,0
2022-10-28 23:00:00,0,0,0,0,0,0,0
2022-10-29 00:00:00,0,0,0,0,0,0,0
2022-10-29 01:00:00,0,0,0,0,0,0,0
2022-10-29 02:00:00,0,0,0,0,0,0,0
2022-10-29 03:00:00,0,0,0,0,0,0,0
2022-10-29 04:00:00,0,0,0,0,0,0,0
2022-10-29 05:00:00,0,0,0,0,0,0,0
2022-10-29 06:00:00,0,0,0,0,0,0,0
2022-10-29 07:00:00,0.415111,0,0,0,0,0,0
2022-10-29 08:00:00,16.92901,11.38098,13.20041,10.7844,10.88238,10.94766,14.2012
2022-10-29 09:00:00,92.29791,81.10601,82.12378,80.92278,77.02904,80.29648,85.86723
2022-10-29 10:00:00,116.6249,105.1107,106.3943,105.7882,100.4074,104.5622,110.5524
2022-10-29 11:00:00,120.7393,110.1215,111.9515,110.908,104.7412,109.2084,115.7341
2022-10-29 12:00:00,199.3385,177.3849,179.7493,178.0085,168.3905,175.9482,185.2553
2022-10-29 13:00:00,306.1447,269.933,269.9616,274.7229,273.6721,280.7894,303.9147
2022-10-29 14:00:00,257.1787,217.4075,219.9462,218.4971,208.1628,216.6924,230.3025
2022-10-29 15:00:00,255.3313,213.3495,216.4259,214.6192,203.2679,212.2768,224.5005
2022-10-29 16:00:00,136.4669,114.1974,115.5073,114.5746,108.914,113.6034,120.623
2022-10-29 17:00:00,44.07512,37.0674,37.4573,37.09024,35.08493,36.80997,38.96045
2022-10-29 18:00:00,6.080241,4.091443,4.09573,4.058156,3.935482,4.155878,4.431479
2022-10-29 19:00:00,0,0,0,0,0,0,0
2022-10-29 20:00:00,0,0,0,0,0,0,0
2022-10-29 21:00:00,0,0,0,0,0,0,0
2022-10-29 22:00:00,0,0,0,0,0,0,0
2022-10-29 23:00:00,0,0,0,0,0,0,0
2022-10-30 00:00:00,0,0,0,0,0,0,0
2022-10-30 01:00:00,0,0,0,0,0,0,0
2022-10-30 02:00:00,0,0,0,0,0,0,0
2022-10-30 03:00:00,0,0,0,0,0,0,0
2022-10-30 04:00:00,0,0,0,0,0,0,0
2022-10-30 05:00:00,0,0,0,0,0,0,0
2022-10-30 06:00:00,0,0,0,0,0,0,0
2022-10-30 07:00:00,0.3683259,0,0,0,0,0,0
2022-10-30 08:00:00,24.27379,18.11034,20.44957,18.29654,14.9246,15.25067,23.02707
2022-10-30 09:00:00,88.55782,77.70374,79.43884,79.57112,74.19689,77.14088,82.35761
2022-10-30 10:00:00,127.5727,110.2095,112.0843,110.5931,104.8537,109.1524,116.279
2022-10-30 11:00:00,189.0149,164.4769,166.5892,165.095,156.1978,163.0877,172.608
2022-10-30 12:00:00,180.0671,159.5923,161.9637,157.8662,149.1673,156.7527,165.5021
2022-10-30 13:00:00,223.7421,194.6738,197.157,195.3466,185.8322,193.434,205.9636
2022-10-30 14:00:00,195.5387,172.5013,174.8167,173.1153,165.0318,171.7216,182.6207
2022-10-30 15:00:00,178.7545,154.554,156.2847,155.0078,147.9823,154.0018,164.0033
2022-10-30 16:00:00,82.05174,74.58656,75.93049,75.34325,71.42202,73.54018,77.94196
2022-10-30 17:00:00,40.92198,37.4253,37.99216,38.70464,36.3912,37.83577,40.32778
2022-10-30 18:00:00,3.197742,2.104898,2.140855,2.245947,2.067843,2.154729,2.257926
2022-10-30 19:00:00,0,0,0,0,0,0,0
2022-10-30 20:00:00,0,0,0,0,0,0,0
2022-10-30 21:00:00,0,0,0,0,0,0,0
2022-10-30 22:00:00,0,0,0,0,0,0,0
2022-10-30 23:00:00,0,0,0,0,0,0,0
2022-10-31 00:00:00,0,0,0,0,0,0,0
2022-10-31 01:00:00,0,0,0,0,0,0,0
2022-10-31 02:00:00,0,0,0,0,0,0,0
2022-10-31 03:00:00,0,0,0,0,0,0,0
2022-10-31 04:00:00,0,0,0,0,0,0,0
2022-10-31 05:00:00,0,0,0,0,0,0,0
2022-10-31 06:00:00,0,0,0,0,0,0,0
2022-10-31 07:00:00,0.7339756,0,0,0,0,0,0
2022-10-31 08:00:00,125.4557,62.40395,80.13521,66.18375,74.39217,58.61329,83.48428
2022-10-31 09:00:00,135.6243,110.5147,111.3996,111.5797,105.7157,109.7544,116.2427
2022-10-31 10:00:00,202.802,169.1965,174.1883,168.0181,160.0215,165.5139,176.6718
2022-10-31 11:00:00,136.1389,120.109,121.1129,121.9208,116.6534,120.1558,130.2777
2022-10-31 12:00:00,315.2522,265.9306,261.881,275.9851,272.1856,275.6187,306.8599
2022-10-31 13:00:00,242.4977,203.6436,208.2009,201.888,192.7946,200.151,215.4889
2022-10-31 14:00:00,251.5524,209.8938,213.8542,214.77,206.8062,214.5344,237.098
2022-10-31 15:00:00,343.82,290.8494,296.8558,307.3311,287.1487,303.0057,315.8631
2022-10-31 16:00:00,62.38343,55.36395,54.08133,55.54297,53.76628,55.50689,60.49511
2022-10-31 17:00:00,103.3323,75.12154,73.5542,78.58428,74.87574,80.2252,82.26513
2022-10-31 18:00:00,10.38807,7.172276,7.163956,7.355143,6.850026,7.330044,7.600177
2022-10-31 19:00:00,0,0,0,0,0,0,0
2022-10-31 20:00:00,0,0,0,0,0,0,0
2022-10-31 21:00:00,0,0,0,0,0,0,0
2022-10-31 22:00:00,0,0,0,0,0,0,0
2022-10-31 23:00:00,0,0,0,0,0,0,0
