Lakeview Solar,Unnamed: 1,Unnamed: 2,Unnamed: 3,Unnamed: 4,Unnamed: 5
,,,,,
Timestamp,POA*,"TMEIC 2.7MW Inverter 1.1.1, Active Power P","TMEIC 2.7MW Inverter 1.2.1, Active Power P","TMEIC 2.7MW Inverter 1.3.1, Active Power P","TMEIC 2.7MW Inverter 1.4.1, Active Power P"
,W/mÂ²,kW,kW,kW,kW
2022-10-01 00:00:00,0,0,0,0,0
2022-10-01 01:00:00,0,0,0,0,0
2022-10-01 02:00:00,0,0,0,0,0
2022-10-01 03:00:00,0,0,0,0,0
2022-10-01 04:00:00,0,0,0,0,0
2022-10-01 05:00:00,0,0,0,0,0
2022-10-01 06:00:00,0.6707941,0,0,0,0
2022-10-01 07:00:00,128.9948,107.97,152.1033,196.7675,211.9258
2022-10-01 08:00:00,626.9492,1424.784,1631.197,1782.14,1740.258
2022-10-01 09:00:00,746.8862,2519.549,2534.57,2536.216,2482.665
2022-10-01 10:00:00,767.1765,2445.046,2495.869,2521.106,2420.027
2022-10-01 11:00:00,761.1664,2306.014,2350.377,2359.514,2262.888
2022-10-01 12:00:00,755.3469,2197.83,2246.294,2260.899,2166.203
2022-10-01 13:00:00,755.0543,2219.418,2260.288,2267.381,2172.906
2022-10-01 14:00:00,760.4899,2286.585,2328.937,2329.549,2231.833
2022-10-01 15:00:00,760.2442,2368.557,2409.785,2425.398,2326.538
2022-10-01 16:00:00,697.1403,2414.589,2458.213,2472.462,2369.74
2022-10-01 17:00:00,514.5172,,,,
2022-10-01 18:00:00,105.8432,,,,
2022-10-01 19:00:00,0,,,,
2022-10-01 20:00:00,0,,,,
2022-10-01 21:00:00,0,,,,
2022-10-01 22:00:00,0,,,,
2022-10-01 23:00:00,0,,,,
2022-10-02 00:00:00,0,,,,
2022-10-02 01:00:00,0,,,,
2022-10-02 02:00:00,0,,,,
2022-10-02 03:00:00,0,,,,
2022-10-02 04:00:00,0,,,,
2022-10-02 05:00:00,0,,,,
2022-10-02 06:00:00,0.3941722,0,0,0,0
2022-10-02 07:00:00,126.4505,99.77249,142.5275,183.4167,197.63
2022-10-02 08:00:00,614.2989,1357.716,1564.862,1712.215,1672.976
2022-10-02 09:00:00,747.8149,2425.767,2476.264,2485.365,2381.731
2022-10-02 10:00:00,767.2711,2364.698,2413.808,2425.117,2324.89
2022-10-02 11:00:00,759.8703,2226.376,2273.686,2281.769,2193.026
2022-10-02 12:00:00,751.5037,2138.387,2180.077,2193.88,2102.133
2022-10-02 13:00:00,750.0419,2128.959,2175.574,2188.945,2098.194
2022-10-02 14:00:00,757.1747,2227.676,2267.029,2278.397,2188.448
2022-10-02 15:00:00,761.1042,2336.049,2377.562,2383.294,2287.536
2022-10-02 16:00:00,722.2359,2282.639,2322.648,2329.587,2236.165
2022-10-02 17:00:00,492.0037,1216.128,1240.648,1248.016,1199.269
2022-10-02 18:00:00,92.85358,59.80334,62.44001,63.74334,61.845
2022-10-02 19:00:00,0,0,0,0,0
2022-10-02 20:00:00,0.07751218,0,0,0,0
2022-10-02 21:00:00,0.02280485,0,0,0,0
2022-10-02 22:00:00,0,0,0,0,0
2022-10-02 23:00:00,0,0,0,0,0
2022-10-03 00:00:00,0,0,0,0,0
2022-10-03 01:00:00,0,0,0,0,0
2022-10-03 02:00:00,0,0,0,0,0
2022-10-03 03:00:00,0,0,0,0,0
2022-10-03 04:00:00,0,0,0,0,0
2022-10-03 05:00:00,0,0,0,0,0
2022-10-03 06:00:00,0.5026793,0,0,0,0
2022-10-03 07:00:00,108.5575,93.9225,132.545,167.4825,178.8492
2022-10-03 08:00:00,613.538,1299.546,1513.066,1665.936,1627.997
2022-10-03 09:00:00,747.6235,2422.417,2472.463,2480.768,2377.001
2022-10-03 10:00:00,765.8231,2328.656,2374.972,2383.57,2286.393
2022-10-03 11:00:00,758.9465,2207.378,2254.095,2263.968,2172.116
2022-10-03 12:00:00,750.3787,2124.251,2160.93,2169.289,2079.304
2022-10-03 13:00:00,752.1375,2144.633,2187.14,2197.722,2107.062
2022-10-03 14:00:00,764.6884,2242.558,2283.795,2292.892,2198.428
2022-10-03 15:00:00,769.519,2359.386,2398.174,2406.253,2308.345
2022-10-03 16:00:00,737.6367,2303.43,2347.522,2354.651,2256.696
2022-10-03 17:00:00,505.2521,1223.772,1250.564,1257.941,1209.769
2022-10-03 18:00:00,85.57359,52.19834,54.29499,55.86917,54.13499
2022-10-03 19:00:00,0,0,0,0,0
2022-10-03 20:00:00,0.04018528,0,0,0,0
2022-10-03 21:00:00,0.02012048,0,0,0,0
2022-10-03 22:00:00,0,0,0,0,0
2022-10-03 23:00:00,0,0,0,0,0
2022-10-04 00:00:00,0.050842,0,0,0,0
2022-10-04 01:00:00,0,0,0,0,0
2022-10-04 02:00:00,0,0,0,0,0
2022-10-04 03:00:00,0,0,0,0,0
2022-10-04 04:00:00,0,0,0,0,0
2022-10-04 05:00:00,0,0,0,0,0
2022-10-04 06:00:00,0.4229934,0,0,0,0
2022-10-04 07:00:00,113.4168,89.94167,130.3883,160.7567,173.7475
2022-10-04 08:00:00,606.7383,1272.382,1491.097,1649.265,1612.518
2022-10-04 09:00:00,743.4657,2405.403,2454.521,2461.18,2356.115
2022-10-04 10:00:00,762.1629,2317.552,2366.433,2376.573,2282.501
2022-10-04 11:00:00,755.4186,2192.58,2240.236,2254.239,2163.168
2022-10-04 12:00:00,748.5533,2113.68,2157.347,2169.8,2084.41
2022-10-04 13:00:00,749.6025,2119.224,2162.238,2173.861,2089.271
2022-10-04 14:00:00,757.7913,2205.357,2247.438,2256.31,2168.143
2022-10-04 15:00:00,773.9802,2371.434,2417.708,2423,2324.187
2022-10-04 16:00:00,710.6197,2235.57,2282.642,2294.738,2205.969
2022-10-04 17:00:00,463.7862,1065.159,1088.803,1083.592,1043.001
2022-10-04 18:00:00,61.48333,29.89584,31.74501,33.3425,32.71667
2022-10-04 19:00:00,0,0,0,0,0
2022-10-04 20:00:00,0.09662725,0,0,0,0
2022-10-04 21:00:00,0.04696585,0,0,0,0
2022-10-04 22:00:00,0,0,0,0,0
2022-10-04 23:00:00,0,0,0,0,0
2022-10-05 00:00:00,0,0,0,0,0
2022-10-05 01:00:00,0,0,0,0,0
2022-10-05 02:00:00,0.0236734,0,0,0,0
2022-10-05 03:00:00,0,0,0,0,0
2022-10-05 04:00:00,0.0531518,0,0,0,0
2022-10-05 05:00:00,0,0,0,0,0
2022-10-05 06:00:00,0.3467569,0,0,0,0
2022-10-05 07:00:00,103.2406,70.98166,104.9117,130.2308,142.4692
2022-10-05 08:00:00,597.0499,1241.443,1465.723,1621.475,1589.026
2022-10-05 09:00:00,735.6365,2374.071,2428.677,2436.109,2336.51
2022-10-05 10:00:00,752.0795,2290.858,2339.663,2349.649,2259.545
2022-10-05 11:00:00,745.8902,2154.649,2204.787,2215.533,2122.702
2022-10-05 12:00:00,740.1857,2083.97,2125.599,2134.937,2044.056
2022-10-05 13:00:00,740.2665,2091.966,2131.854,2137.219,2048.989
2022-10-05 14:00:00,748.9731,2183.965,2225.844,2233.72,2142.721
2022-10-05 15:00:00,755.319,2311.275,2352.134,2355.88,2258.681
2022-10-05 16:00:00,715.415,2247.085,2285.291,2293.677,2200.707
2022-10-05 17:00:00,486.0857,1148.91,1174.392,1186.097,1143.775
2022-10-05 18:00:00,62.60461,25.92084,27.65333,28.67833,27.7875
2022-10-05 19:00:00,0,0,0,0,0
2022-10-05 20:00:00,0,0,0,0,0
2022-10-05 21:00:00,0,0,0,0,0
2022-10-05 22:00:00,0,0,0,0,0
2022-10-05 23:00:00,0,0,0,0,0
2022-10-06 00:00:00,0,0,0,0,0
2022-10-06 01:00:00,0,0,0,0,0
2022-10-06 02:00:00,0.04863362,0,0,0,0
2022-10-06 03:00:00,0,0,0,0,0
2022-10-06 04:00:00,0,0,0,0,0
2022-10-06 05:00:00,0,0,0,0,0
2022-10-06 06:00:00,0.2645813,0,0,0,0
2022-10-06 07:00:00,100.0911,67.05,100.5775,124.3958,136.6533
2022-10-06 08:00:00,603.7037,1184.142,1413.435,1580.696,1550.851
2022-10-06 09:00:00,743.8945,2394.878,2448.92,2458.051,2358.775
2022-10-06 10:00:00,759.8676,2309.017,2356.728,2366.252,2271.4
2022-10-06 11:00:00,749.5887,2153.521,2199.222,2206.793,2117.628
2022-10-06 12:00:00,739.0954,2063.863,2109.82,2117.302,2026.715
2022-10-06 13:00:00,741.6263,1941.853,1981.57,1992.771,1913.674
2022-10-06 14:00:00,752.0606,2132.099,2177.46,2182.404,2095.437
2022-10-06 15:00:00,761.4448,2317.557,2359.381,2363.365,2267.249
2022-10-06 16:00:00,722.3867,2240.624,2283.806,2287.739,2194.303
2022-10-06 17:00:00,480.0485,1076.634,1102.915,1109.65,1067.091
2022-10-06 18:00:00,50.66693,18.8275,20.14,21.25083,20.83
2022-10-06 19:00:00,0,0,0,0,0
2022-10-06 20:00:00,0,0,0,0,0
2022-10-06 21:00:00,0.0327431,0,0,0,0
2022-10-06 22:00:00,0.00544622,0,0,0,0
2022-10-06 23:00:00,0,0,0,0,0
2022-10-07 00:00:00,0,0,0,0,0
2022-10-07 01:00:00,0,0,0,0,0
2022-10-07 02:00:00,0,0,0,0,0
2022-10-07 03:00:00,0,0,0,0,0
2022-10-07 04:00:00,0,0,0,0,0
2022-10-07 05:00:00,0,0,0,0,0
2022-10-07 06:00:00,0.252212,0,0,0,0
2022-10-07 07:00:00,91.13559,62.39916,90.84749,110.0892,119.3833
2022-10-07 08:00:00,590.2398,1133.63,1360.043,1526.382,1499.461
2022-10-07 09:00:00,732.7108,2389.311,2441.408,2450.623,2348.507
2022-10-07 10:00:00,749.4141,2300.916,2349.481,2362.374,2261.94
2022-10-07 11:00:00,740.0654,2142.752,2187.24,2195.858,2104.831
2022-10-07 12:00:00,728.5242,2039.996,2086.971,2105.013,2018.632
2022-10-07 13:00:00,731.5685,2063.887,2102.96,2114.907,2027.443
2022-10-07 14:00:00,744.2646,2174.988,2213.196,2224.588,2134.36
2022-10-07 15:00:00,749.4561,2289.904,2330.248,2337.753,2243.38
2022-10-07 16:00:00,706.7422,2227.514,2262.776,2273.255,2182.278
2022-10-07 17:00:00,460.2562,1027.583,1051.318,1059.322,1019.911
2022-10-07 18:00:00,45.70982,16.39333,17.49,18.505,18.25
2022-10-07 19:00:00,0,0,0,0,0
2022-10-07 20:00:00,0,0,0,0,0
2022-10-07 21:00:00,0,0,0,0,0
2022-10-07 22:00:00,0,0,0,0,0
2022-10-07 23:00:00,0.02212965,0,0,0,0
2022-10-08 00:00:00,0,0,0,0,0
2022-10-08 01:00:00,0.0007134395,0,0,0,0
2022-10-08 02:00:00,0,0,0,0,0
2022-10-08 03:00:00,0.0223407,0,0,0,0
2022-10-08 04:00:00,0,0,0,0,0
2022-10-08 05:00:00,0,0,0,0,0
2022-10-08 06:00:00,0.1719445,0,0,0,0
2022-10-08 07:00:00,85.32372,63.62499,88.66166,102.8667,110.7467
2022-10-08 08:00:00,566.7648,1051.312,1268.974,1429.469,1406.431
2022-10-08 09:00:00,718.0668,2317.74,2368.681,2376.464,2279.576
2022-10-08 10:00:00,736.6641,2255.542,2302.595,2309.479,2218.744
2022-10-08 11:00:00,730.4166,2111.87,2155.3,2166.068,2082.031
2022-10-08 12:00:00,722.3098,2029.036,2071.897,2082.424,1995.938
2022-10-08 13:00:00,722.5026,2053.12,2096.11,2103.598,2015.057
2022-10-08 14:00:00,729.2352,2153.741,2194.795,2203.986,2117.858
2022-10-08 15:00:00,731.561,2277.303,2316.862,2326.559,2236.428
2022-10-08 16:00:00,681.8868,2150.62,2188.347,2196.326,2108.614
2022-10-08 17:00:00,440.1427,947.3018,969.9993,977.3766,941.5334
2022-10-08 18:00:00,41.03641,16.39167,17.5775,18.29583,17.86917
2022-10-08 19:00:00,0,0,0,0,0
2022-10-08 20:00:00,0,0,0,0,0
2022-10-08 21:00:00,0.05527515,0,0,0,0
2022-10-08 22:00:00,0,0,0,0,0
2022-10-08 23:00:00,0,0,0,0,0
2022-10-09 00:00:00,0,0,0,0,0
2022-10-09 01:00:00,0,0,0,0,0
2022-10-09 02:00:00,0.08926945,0,0,0,0
2022-10-09 03:00:00,0,0,0,0,0
2022-10-09 04:00:00,0,0,0,0,0
2022-10-09 05:00:00,0,0,0,0,0
2022-10-09 06:00:00,0.1078565,0,0,0,0
2022-10-09 07:00:00,81.61079,63.08249,82.86999,92.14501,97.93168
2022-10-09 08:00:00,533.5947,967.649,1172.323,1322.895,1300.351
2022-10-09 09:00:00,691.3165,2251.495,2304.17,2313.85,2219.341
2022-10-09 10:00:00,717.6524,2217.579,2268.425,2279.32,2191.878
2022-10-09 11:00:00,714.4323,2089.107,2132.785,2141.286,2053.758
2022-10-09 12:00:00,708.4103,1991.063,2040.844,2047.693,1962.417
2022-10-09 13:00:00,714.1719,2010.011,2051.6,2057.969,1974.427
2022-10-09 14:00:00,728.697,2133.698,2180.377,2192.199,2107.337
2022-10-09 15:00:00,728.9581,2240.786,2282.431,2288.688,2194.724
2022-10-09 16:00:00,652.646,2026.518,2063.509,2067.241,1991.009
2022-10-09 17:00:00,328.5224,693.8376,701.8658,696.7717,669.8276
2022-10-09 18:00:00,35.57533,13.31417,14.31667,14.65917,14.235
2022-10-09 19:00:00,0,0,0,0,0
2022-10-09 20:00:00,0,0,0,0,0
2022-10-09 21:00:00,0,0,0,0,0
2022-10-09 22:00:00,0,0,0,0,0
2022-10-09 23:00:00,0,0,0,0,0
2022-10-10 00:00:00,0.06127295,0,0,0,0
2022-10-10 01:00:00,0,0,0,0,0
2022-10-10 02:00:00,0,0,0,0,0
2022-10-10 03:00:00,0,0,0,0,0
2022-10-10 04:00:00,0,0,0,0,0
2022-10-10 05:00:00,0,0,0,0,0
2022-10-10 06:00:00,0.166151,0,0,0,0
2022-10-10 07:00:00,75.91785,64.74082,82.03666,90.02834,94.88584
2022-10-10 08:00:00,527.8479,933.206,1131.736,1285.73,1265.219
2022-10-10 09:00:00,694.8452,2284.345,2324.561,2344.986,2248.899
2022-10-10 10:00:00,726.3608,2259.396,2294.874,2317.881,2226.766
2022-10-10 11:00:00,721.2495,2116.036,2151.2,2176.379,2086.893
2022-10-10 12:00:00,711.419,2022.937,2055.516,2076.444,1988.489
2022-10-10 13:00:00,712.4752,2024.248,2055.287,2070.507,1984.433
2022-10-10 14:00:00,721.024,2150.145,2175.782,2184.397,2095.531
2022-10-10 15:00:00,720.9166,2239.094,2267.308,2286.296,2196.82
2022-10-10 16:00:00,650.7936,2022.729,2049.802,2068.208,1988.293
2022-10-10 17:00:00,384.2853,764.2375,778.9691,789.7201,761.2532
2022-10-10 18:00:00,27.18821,7.02,7.19,7.604167,7.188333
2022-10-10 19:00:00,0,0,0,0,0
2022-10-10 20:00:00,0.03680303,0,0,0,0
2022-10-10 21:00:00,0,0,0,0,0
2022-10-10 22:00:00,0,0,0,0,0
2022-10-10 23:00:00,0,0,0,0,0
2022-10-11 00:00:00,0.0930666,0,0,0,0
2022-10-11 01:00:00,0.1092859,0,0,0,0
2022-10-11 02:00:00,0,0,0,0,0
2022-10-11 03:00:00,0,0,0,0,0
2022-10-11 04:00:00,0.1719936,0,0,0,0
2022-10-11 05:00:00,0,0,0,0,0
2022-10-11 06:00:00,0.03376504,0,0,0,0
2022-10-11 07:00:00,78.50314,93.77248,100.1733,97.84915,95.3875
2022-10-11 08:00:00,412.5255,824.4432,933.7243,1012.113,974.8893
2022-10-11 09:00:00,640.7592,2052.561,2081.501,2100.322,2007.577
2022-10-11 10:00:00,695.0821,2151.694,2192.256,2223.37,2137.42
2022-10-11 11:00:00,690.9066,2087.901,2122.299,2145.485,2059.157
2022-10-11 12:00:00,687.3474,1995.963,2027.58,2049.347,1963.264
2022-10-11 13:00:00,685.6717,1959.248,1990.018,2011.623,1928.339
2022-10-11 14:00:00,697.7432,2074.026,2107.542,2126.73,2043.313
2022-10-11 15:00:00,696.0289,2192.912,2221.808,2245.478,2158.384
2022-10-11 16:00:00,648.5347,2079.102,2103.078,2123.297,2041.43
2022-10-11 17:00:00,403.3467,806.4243,821.3916,831.1307,800.59
2022-10-11 18:00:00,22.21596,7.838333,8.255,8.9,8.135
2022-10-11 19:00:00,0,0,0,0,0
2022-10-11 20:00:00,0,0,0,0,0
2022-10-11 21:00:00,0,0,0,0,0
2022-10-11 22:00:00,0.03415734,0,0,0,0
2022-10-11 23:00:00,0,0,0,0,0
2022-10-12 00:00:00,0,0,0,0,0
2022-10-12 01:00:00,0,0,0,0,0
2022-10-12 02:00:00,0,0,0,0,0
2022-10-12 03:00:00,0,0,0,0,0
2022-10-12 04:00:00,0,0,0,0,0
2022-10-12 05:00:00,0,0,0,0,0
2022-10-12 06:00:00,0.07352109,0,0,0,0
2022-10-12 07:00:00,67.01479,40.73833,58.59333,66.59917,73.545
2022-10-12 08:00:00,557.2787,894.5635,1126.771,1316.925,1301.055
2022-10-12 09:00:00,717.0414,2354.183,2393.067,2413.298,2315.62
2022-10-12 10:00:00,733.4748,2278.287,2315.515,2336.316,2242.165
2022-10-12 11:00:00,722.4847,2096.582,2127.17,2150.538,2063.94
2022-10-12 12:00:00,710.0663,1991.329,2023.158,2045.36,1960.767
2022-10-12 13:00:00,713.9465,2000.421,2032.286,2051.527,1966.368
2022-10-12 14:00:00,717.4276,2114.607,2149.429,2171.22,2083.524
2022-10-12 15:00:00,732.413,2245.312,2278.111,2296.328,2204.051
2022-10-12 16:00:00,680.9681,2095.847,2127.351,2144.11,2057.784
2022-10-12 17:00:00,419.4871,800.3792,818.7493,829.7358,798.1241
2022-10-12 18:00:00,18.10914,5.011668,5.550832,6.1025,5.830832
2022-10-12 19:00:00,0.00927264,0,0,0,0
2022-10-12 20:00:00,0,0,0,0,0
2022-10-12 21:00:00,0,0,0,0,0
2022-10-12 22:00:00,0,0,0,0,0
2022-10-12 23:00:00,0,0,0,0,0
2022-10-13 00:00:00,0,0,0,0,0
2022-10-13 01:00:00,0,0,0,0,0
2022-10-13 02:00:00,0,0,0,0,0
2022-10-13 03:00:00,0,0,0,0,0
2022-10-13 04:00:00,0,0,0,0,0
2022-10-13 05:00:00,0,0,0,0,0
2022-10-13 06:00:00,0.007034295,0,0,0,0
2022-10-13 07:00:00,62.22363,37.23001,52.96582,61.91583,70.05
2022-10-13 08:00:00,557.7661,839.6191,1079.175,1269.926,1259.428
2022-10-13 09:00:00,713.235,2336.479,2376.614,2399.644,2301.745
2022-10-13 10:00:00,729.0987,2239.203,2275.758,2295.378,2202.616
2022-10-13 11:00:00,717.2645,2061.588,2093.461,2116.374,2034.466
2022-10-13 12:00:00,706.1957,1955.672,1988.218,2008.766,1925.681
2022-10-13 13:00:00,709.1698,2001.035,2030.17,2057.848,1975.811
2022-10-13 14:00:00,721.4019,2140.597,2170.292,2194.495,2112.024
2022-10-13 15:00:00,728.4022,2314.258,2342.917,2365.646,2274.434
2022-10-13 16:00:00,678.0578,2158.516,2186.314,2205.835,2119.684
2022-10-13 17:00:00,412.4051,786.0776,802.7425,814.5876,785.8799
2022-10-13 18:00:00,13.24716,3.023333,3.430832,4.176668,4.129168
2022-10-13 19:00:00,0.01479929,0,0,0,0
2022-10-13 20:00:00,0,0,0,0,0
2022-10-13 21:00:00,0.00685218,0,0,0,0
2022-10-13 22:00:00,0,0,0,0,0
2022-10-13 23:00:00,0,0,0,0,0
2022-10-14 00:00:00,0,0,0,0,0
2022-10-14 01:00:00,0,0,0,0,0
2022-10-14 02:00:00,0,0,0,0,0
2022-10-14 03:00:00,0,0,0,0,0
2022-10-14 04:00:00,0,0,0,0,0
2022-10-14 05:00:00,0,0,0,0,0
2022-10-14 06:00:00,0,0,0,0,0
2022-10-14 07:00:00,61.8616,28.905,40.78417,47.51167,54.06833
2022-10-14 08:00:00,556.2858,785.0551,1026.894,1220.686,1216.292
2022-10-14 09:00:00,712.9443,2356.219,2393.687,2417.556,2318.53
2022-10-14 10:00:00,726.5168,2215.781,2249.186,2273.067,2188.933
2022-10-14 11:00:00,715.2006,2058.66,2091.608,2117.228,2030.993
2022-10-14 12:00:00,699.6846,1959.36,1992.226,2021.443,1939.493
2022-10-14 13:00:00,706.9771,2022.558,2056.302,2081.33,1997.875
2022-10-14 14:00:00,726.3179,2169.079,2201.026,2221.79,2134.433
2022-10-14 15:00:00,734.8904,2296.769,2329.572,2354.446,2263.431
2022-10-14 16:00:00,684.158,2141.824,2176.038,2196.664,2109.027
2022-10-14 17:00:00,407.1773,754.785,772.1074,783.0625,754.3408
2022-10-14 18:00:00,9.369029,1.741667,2.3475,2.97,2.835833
2022-10-14 19:00:00,0,0,0,0,0
2022-10-14 20:00:00,0,0,0,0,0
2022-10-14 21:00:00,0,0,0,0,0
2022-10-14 22:00:00,0.01952604,0,0,0,0
2022-10-14 23:00:00,0.07341045,0,0,0,0
2022-10-15 00:00:00,0.002270569,0,0,0,0
2022-10-15 01:00:00,0,0,0,0,0
2022-10-15 02:00:00,0,0,0,0,0
2022-10-15 03:00:00,0.04531,0,0,0,0
2022-10-15 04:00:00,0,0,0,0,0
2022-10-15 05:00:00,0,0,0,0,0
2022-10-15 06:00:00,0.08134118,0,0,0,0
2022-10-15 07:00:00,60.62688,28.025,38.40749,43.21167,49.85416
2022-10-15 08:00:00,540.6376,721.7384,961.6316,1155.112,1148.91
2022-10-15 09:00:00,701.579,2320.731,2357.404,2381.848,2283.683
2022-10-15 10:00:00,716.2632,2208.746,2241.242,2259.026,2168.738
2022-10-15 11:00:00,705.0834,2041.086,2069.77,2095.113,2013.172
2022-10-15 12:00:00,694.9067,1936.04,1965.744,1989.533,1906.762
2022-10-15 13:00:00,696.7701,1974.549,2006.161,2024.873,1942.123
2022-10-15 14:00:00,711.0187,2120.329,2152.868,2177.405,2092.138
2022-10-15 15:00:00,718.3328,2273.712,2304.988,2331.797,2244.408
2022-10-15 16:00:00,654.9108,2060.549,2093.495,2114.006,2034.201
2022-10-15 17:00:00,376.5768,681.8109,698.0033,709.5842,685.3209
2022-10-15 18:00:00,5.598635,1.295,1.520833,2.003333,1.733333
2022-10-15 19:00:00,0,0,0,0,0
2022-10-15 20:00:00,0,0,0,0,0
2022-10-15 21:00:00,0,0,0,0,0
2022-10-15 22:00:00,0,0,0,0,0
2022-10-15 23:00:00,0,0,0,0,0
2022-10-16 00:00:00,0.01226437,0,0,0,0
2022-10-16 01:00:00,0,0,0,0,0
2022-10-16 02:00:00,0,0,0,0,0
2022-10-16 03:00:00,0,0,0,0,0
2022-10-16 04:00:00,0,0,0,0,0
2022-10-16 05:00:00,0.03563205,0,0,0,0
2022-10-16 06:00:00,0.0079067,0,0,0,0
2022-10-16 07:00:00,61.80738,31.22333,37.85249,42.8725,47.85333
2022-10-16 08:00:00,523.1555,688.9709,905.1666,1097.265,1092.223
2022-10-16 09:00:00,690.8004,2248.602,2273.607,2313.433,2217.198
2022-10-16 10:00:00,711.5958,2197.629,2225.831,2270.394,2177.697
2022-10-16 11:00:00,700.4344,2056.501,2075.386,2106.595,2020.517
2022-10-16 12:00:00,686.9787,1937.921,1959.076,1992.438,1909.313
2022-10-16 13:00:00,689.6431,1957.856,1977.004,2008.93,1928.154
2022-10-16 14:00:00,705.6489,2079.993,2096.468,2127.802,2044.759
2022-10-16 15:00:00,710.4401,2207.015,2220.458,2254.739,2166.839
2022-10-16 16:00:00,652.0477,2032.921,2048.095,2077.108,1996.071
2022-10-16 17:00:00,366.4662,644.8825,655.2441,668.41,644.9774
2022-10-16 18:00:00,4.281728,0.5691668,0.9283332,1.188334,0.9525
2022-10-16 19:00:00,0.01885715,0,0,0,0
2022-10-16 20:00:00,0,0,0,0,0
2022-10-16 21:00:00,0,0,0,0,0
2022-10-16 22:00:00,0,0,0,0,0
2022-10-16 23:00:00,0.00704659,0,0,0,0
2022-10-17 00:00:00,0.00526965,0,0,0,0
2022-10-17 01:00:00,0,0,0,0,0
2022-10-17 02:00:00,0,0,0,0,0
2022-10-17 03:00:00,0,0,0,0,0
2022-10-17 04:00:00,0,0,0,0,0
2022-10-17 05:00:00,0,0,0,0,0
2022-10-17 06:00:00,0,0,0,0,0
2022-10-17 07:00:00,55.3007,29.07333,36.31083,39.94251,44.8725
2022-10-17 08:00:00,514.9798,636.5126,857.8209,1058.302,1052.293
2022-10-17 09:00:00,688.7504,2285.624,2319.619,2356.761,2262.412
2022-10-17 10:00:00,706.6813,2191.105,2218.838,2253.462,2168.192
2022-10-17 11:00:00,695.924,2021.619,2046.675,2081.132,2003.458
2022-10-17 12:00:00,684.2788,1906.869,1930.436,1965.265,1884.563
2022-10-17 13:00:00,686.3063,1931.254,1954.316,1985.629,1906.601
2022-10-17 14:00:00,699.9158,2058.704,2080.455,2113.899,2031.552
2022-10-17 15:00:00,702.8806,2197.511,2214.539,2246.3,2161.014
2022-10-17 16:00:00,634.4083,1950.042,1962.986,1992.917,1916.818
2022-10-17 17:00:00,353.1479,50.50667,53.03333,55.30999,53.83333
2022-10-17 18:00:00,2.789148,0,0,0,0
2022-10-17 19:00:00,0.1160303,0,0,0,0
2022-10-17 20:00:00,0,0,0,0,0
2022-10-17 21:00:00,0,0,0,0,0
2022-10-17 22:00:00,0,0,0,0,0
2022-10-17 23:00:00,0,0,0,0,0
2022-10-18 00:00:00,0.06022095,0,0,0,0
2022-10-18 01:00:00,0.01277569,0,0,0,0
2022-10-18 02:00:00,0,0,0,0,0
2022-10-18 03:00:00,0.03396561,0,0,0,0
2022-10-18 04:00:00,0,0,0,0,0
2022-10-18 05:00:00,0,0,0,0,0
2022-10-18 06:00:00,0,0,0,0,0
2022-10-18 07:00:00,48.95237,27.99166,33.66249,36.375,39.72749
2022-10-18 08:00:00,492.1505,599.0817,805.8517,986.151,982.6626
2022-10-18 09:00:00,665.1187,2204.426,2239.402,2276.203,2185.533
2022-10-18 10:00:00,689.5408,2135.017,2158.737,2193.312,2109.658
2022-10-18 11:00:00,663.8956,1918.155,1944.788,1984.834,1910.531
2022-10-18 12:00:00,568.2668,1596.786,1650.138,1725.923,1682.684
2022-10-18 13:00:00,614.4894,1757.853,1785.164,1827.943,1764.998
2022-10-18 14:00:00,693.1293,2031.036,2063.561,2108.958,2037.612
2022-10-18 15:00:00,596.6866,1805.93,1826.047,1856.866,1793.026
2022-10-18 16:00:00,388.5049,1062.467,1058.695,1049.452,996.7558
2022-10-18 17:00:00,148.0934,183.9817,186.6283,189.8858,183.1725
2022-10-18 18:00:00,3.287266,0.04833332,0.2841668,0.7558333,0.58
2022-10-18 19:00:00,0.05141885,0,0,0,0
2022-10-18 20:00:00,0.02414435,0,0,0,0
2022-10-18 21:00:00,0,0,0,0,0
2022-10-18 22:00:00,0,0,0,0,0
2022-10-18 23:00:00,0,0,0,0,0
2022-10-19 00:00:00,0,0,0,0,0
2022-10-19 01:00:00,0,0,0,0,0
2022-10-19 02:00:00,0,0,0,0,0
2022-10-19 03:00:00,0,0,0,0,0
2022-10-19 04:00:00,0,0,0,0,0
2022-10-19 05:00:00,0,0,0,0,0
2022-10-19 06:00:00,0.02149999,0,0,0,0
2022-10-19 07:00:00,50.09452,24.10917,29.99167,31.13083,34.97333
2022-10-19 08:00:00,484.8195,540.32,744.6559,922.3541,923.214
2022-10-19 09:00:00,666.7295,2167.365,2205.297,2247.264,2160.002
2022-10-19 10:00:00,685.6372,2108.811,2135.259,2170.773,2087.72
2022-10-19 11:00:00,674.399,1939.966,1962.635,1991.968,1913.486
2022-10-19 12:00:00,664.7656,1841.005,1865.511,1896.91,1818.928
2022-10-19 13:00:00,666.6249,1874.301,1897.061,1927.823,1854.524
2022-10-19 14:00:00,681.0117,2019.212,2036.06,2069.838,1990.525
2022-10-19 15:00:00,684.5588,2150.529,2165.455,2196.096,2111.863
2022-10-19 16:00:00,606.2545,1868.399,1886.129,1917.284,1849.108
2022-10-19 17:00:00,314.0827,502.1517,511.81,524.0283,505.9275
2022-10-19 18:00:00,2.81555,0,0,0,0
2022-10-19 19:00:00,0,0,0,0,0
2022-10-19 20:00:00,0.004223174,0,0,0,0
2022-10-19 21:00:00,0,0,0,0,0
2022-10-19 22:00:00,0,0,0,0,0
2022-10-19 23:00:00,0,0,0,0,0
2022-10-20 00:00:00,0,0,0,0,0
2022-10-20 01:00:00,0,0,0,0,0
2022-10-20 02:00:00,0.04157782,0,0,0,0
2022-10-20 03:00:00,0,0,0,0,0
2022-10-20 04:00:00,0.01614268,0,0,0,0
2022-10-20 05:00:00,0,0,0,0,0
2022-10-20 06:00:00,0.02909555,0,0,0,0
2022-10-20 07:00:00,36.58645,20.65167,24.72833,25.51666,28.98333
2022-10-20 08:00:00,483.2126,521.185,723.1232,902.1232,906.8068
2022-10-20 09:00:00,671.7233,2183.103,2225.712,2270.853,2180.805
2022-10-20 10:00:00,694.1381,2154.961,2178.664,2212.134,2126.399
2022-10-20 11:00:00,682.7245,1993.951,2014.909,2049.641,1973.254
2022-10-20 12:00:00,668.9517,1876.174,1899.573,1932.048,1853.52
2022-10-20 13:00:00,672.0874,1905.608,1925.723,1957.536,1877.323
2022-10-20 14:00:00,686.1914,2029.28,2050.791,2079.163,1992.967
2022-10-20 15:00:00,676.0911,2148.33,2164.812,2202.577,2123.742
2022-10-20 16:00:00,594.4416,1773.841,1791.136,1818.767,1750.448
2022-10-20 17:00:00,380.5638,565.1542,575.0367,587.1984,566.9018
2022-10-20 18:00:00,2.537091,1.75,1.773333,1.808333,1.568334
2022-10-20 19:00:00,0.01307128,0,0,0,0
2022-10-20 20:00:00,0.02481198,0,0,0,0
2022-10-20 21:00:00,0,0,0,0,0
2022-10-20 22:00:00,0,0,0,0,0
2022-10-20 23:00:00,0.01212561,0,0,0,0
2022-10-21 00:00:00,0.172864,0,0,0,0
2022-10-21 01:00:00,0,0,0,0,0
2022-10-21 02:00:00,0.01344464,0,0,0,0
2022-10-21 03:00:00,0,0,0,0,0
2022-10-21 04:00:00,0.01767137,0,0,0,0
2022-10-21 05:00:00,0.0002514822,0,0,0,0
2022-10-21 06:00:00,0,0,0,0,0
2022-10-21 07:00:00,28.41133,25.00417,27.57833,27.44,28.22083
2022-10-21 08:00:00,407.6956,482.3067,631.8293,762.3375,761.6999
2022-10-21 09:00:00,606.163,1941.004,1984.162,2028.258,1945.435
2022-10-21 10:00:00,658.9471,2102.799,2126.29,2163.086,2080.961
2022-10-21 11:00:00,653.6033,1963.871,1983.526,2021.468,1937.791
2022-10-21 12:00:00,657.4859,1913.844,1933.22,1966.072,1884.807
2022-10-21 13:00:00,296.3339,836.2501,844.9642,855.4133,820.5759
2022-10-21 14:00:00,383.861,988.9702,1003.987,1015.35,973.6035
2022-10-21 15:00:00,149.5311,301.3092,301.835,301.54,288.65
2022-10-21 16:00:00,126.8645,320.8167,336.39,350.695,346.6642
2022-10-21 17:00:00,140.5986,208.245,208.095,208.1,197.805
2022-10-21 18:00:00,0.7154658,0,0,0,0
2022-10-21 19:00:00,0,0,0,0,0
2022-10-21 20:00:00,0,0,0,0,0
2022-10-21 21:00:00,0,0,0,0,0
2022-10-21 22:00:00,0.01388959,0,0,0,0
2022-10-21 23:00:00,0,0,0,0,0
2022-10-22 00:00:00,0.01210575,0,0,0,0
2022-10-22 01:00:00,0.03353097,0,0,0,0
2022-10-22 02:00:00,0.149276,0,0,0,0
2022-10-22 03:00:00,0.09273399,0,0,0,0
2022-10-22 04:00:00,0,0,0,0,0
2022-10-22 05:00:00,0,0,0,0,0
2022-10-22 06:00:00,0,0,0,0,0
2022-10-22 07:00:00,4.179681,7.235833,7.49,7.571668,6.855833
2022-10-22 08:00:00,117.4587,244.375,248.3942,246.91,236.605
2022-10-22 09:00:00,173.3738,385.2808,396.0292,407.5342,391.9117
2022-10-22 10:00:00,165.131,405.1108,418.7283,426.0158,414.1567
2022-10-22 11:00:00,405.265,1385.84,1397.004,1399.402,1367.767
2022-10-22 12:00:00,477.5512,1449.528,1491.586,1495.864,1472.672
2022-10-22 13:00:00,628.3508,1951.688,1941.507,1973.053,1877.571
2022-10-22 14:00:00,530.5784,1683.623,1724.021,1696.309,1669.634
2022-10-22 15:00:00,655.6383,1885.367,1925.203,1922.1,1921.667
2022-10-22 16:00:00,531.3824,1577.051,1594.8,1592.241,1553.851
2022-10-22 17:00:00,252.397,409.9467,418.8833,416.8567,401.5267
2022-10-22 18:00:00,1.246559,0,0,0,0
2022-10-22 19:00:00,0,0,0,0,0
2022-10-22 20:00:00,0,0,0,0,0
2022-10-22 21:00:00,0,0,0,0,0
2022-10-22 22:00:00,0,0,0,0,0
2022-10-22 23:00:00,0,0,0,0,0
2022-10-23 00:00:00,0,0,0,0,0
2022-10-23 01:00:00,0,0,0,0,0
2022-10-23 02:00:00,0,0,0,0,0
2022-10-23 03:00:00,0.0663514,0,0,0,0
2022-10-23 04:00:00,0,0,0,0,0
2022-10-23 05:00:00,0,0,0,0,0
2022-10-23 06:00:00,0,0,0,0,0
2022-10-23 07:00:00,28.46903,16.12166,16.91,17.91666,18.0875
2022-10-23 08:00:00,162.3697,256.0025,259.655,269.77,263.7408
2022-10-23 09:00:00,339.0467,971.4075,974.2392,992.8544,969.4577
2022-10-23 10:00:00,484.7758,1518.727,1512.593,1544.363,1498.424
2022-10-23 11:00:00,426.0946,1371.698,1419.72,1489.392,1459.632
2022-10-23 12:00:00,452.4576,1463.954,1504.173,1568.009,1448.934
2022-10-23 13:00:00,681.6871,1986.45,1996.317,2058.353,1990.302
2022-10-23 14:00:00,651.9123,2189.782,2299.81,2340.066,2298.576
2022-10-23 15:00:00,687.9839,2371.374,2336.308,2378.177,2253.938
2022-10-23 16:00:00,607.5281,2004.049,2021.257,2052.183,1976.391
2022-10-23 17:00:00,279.3572,441.4333,449.1916,455.2899,437.88
2022-10-23 18:00:00,1.314558,0,0,0,0
2022-10-23 19:00:00,0,0,0,0,0
2022-10-23 20:00:00,0.01956461,0,0,0,0
2022-10-23 21:00:00,0,0,0,0,0
2022-10-23 22:00:00,0.006045525,0,0,0,0
2022-10-23 23:00:00,0,0,0,0,0
2022-10-24 00:00:00,0,0,0,0,0
2022-10-24 01:00:00,0.01645702,0,0,0,0
2022-10-24 02:00:00,0,0,0,0,0
2022-10-24 03:00:00,0.02630232,0,0,0,0
2022-10-24 04:00:00,0,0,0,0,0
2022-10-24 05:00:00,0,0,0,0,0
2022-10-24 06:00:00,0,0,0,0,0
2022-10-24 07:00:00,34.67279,30.72833,31.36,32.03749,30.64667
2022-10-24 08:00:00,158.6962,282.9658,286.9242,293.2175,280.7692
2022-10-24 09:00:00,232.359,524.97,537.0275,539.055,518.6133
2022-10-24 10:00:00,286.0103,756.1592,774.2424,788.5291,763.8384
2022-10-24 11:00:00,308.0302,914.6625,928.3792,948.945,909.7083
2022-10-24 12:00:00,285.5388,911.8491,913.9425,925.1467,881.5925
2022-10-24 13:00:00,407.9917,1273.204,1278.172,1294.391,1225.686
2022-10-24 14:00:00,187.4223,569.3342,616.5983,631.4866,646.0616
2022-10-24 15:00:00,362.7374,903.0082,1023.909,1090.99,1123.126
2022-10-24 16:00:00,374.0547,902.2491,880.2534,869.5933,820.2576
2022-10-24 17:00:00,64.11965,82.20583,80.67752,80.14583,74.85085
2022-10-24 18:00:00,0.1049009,0,0,0,0
2022-10-24 19:00:00,0,0,0,0,0
2022-10-24 20:00:00,0,0,0,0,0
2022-10-24 21:00:00,0,0,0,0,0
2022-10-24 22:00:00,0,0,0,0,0
2022-10-24 23:00:00,0,0,0,0,0
2022-10-25 00:00:00,0.1136104,0,0,0,0
2022-10-25 01:00:00,0.02429892,0,0,0,0
2022-10-25 02:00:00,0,0,0,0,0
2022-10-25 03:00:00,0,0,0,0,0
2022-10-25 04:00:00,0,0,0,0,0
2022-10-25 05:00:00,0,0,0,0,0
2022-10-25 06:00:00,0,0,0,0,0
2022-10-25 07:00:00,15.19904,13.67833,14.41167,14.705,14.6875
2022-10-25 08:00:00,448.8429,426.36,604.3074,779.5458,775.9809
2022-10-25 09:00:00,658.4297,2138.291,2189.298,2270.626,2167.778
2022-10-25 10:00:00,629.2757,2059.702,2066.948,2112.248,2015.467
2022-10-25 11:00:00,626.3395,1931.77,1951.266,2007.566,1915.637
2022-10-25 12:00:00,652.7792,1948.089,1952.414,1985.415,1889.034
2022-10-25 13:00:00,642.6518,1968.193,1977.221,2020.348,1925.333
2022-10-25 14:00:00,670.2827,2132.009,2131.534,2181.709,2079.781
2022-10-25 15:00:00,675.8394,2307.462,2308.361,2354.674,2248.417
2022-10-25 16:00:00,557.033,1805.566,1811.608,1847.971,1764.852
2022-10-25 17:00:00,116.8645,152.8609,153.8417,157.9534,150.0683
2022-10-25 18:00:00,0.5534986,0,0,0,0
2022-10-25 19:00:00,0,0,0,0,0
2022-10-25 20:00:00,0,0,0,0,0
2022-10-25 21:00:00,0,0,0,0,0
2022-10-25 22:00:00,0,0,0,0,0
2022-10-25 23:00:00,0.003006368,0,0,0,0
2022-10-26 00:00:00,0,0,0,0,0
2022-10-26 01:00:00,0,0,0,0,0
2022-10-26 02:00:00,0,0,0,0,0
2022-10-26 03:00:00,0,0,0,0,0
2022-10-26 04:00:00,0,0,0,0,0
2022-10-26 05:00:00,0,0,0,0,0
2022-10-26 06:00:00,0,0,0,0,0
2022-10-26 07:00:00,15.84731,16.33083,16.50167,16.99833,15.84417
2022-10-26 08:00:00,130.4478,249.8425,300.4641,353.5616,361.4966
2022-10-26 09:00:00,166.1998,421.6267,409.3533,420.0917,390.7842
2022-10-26 10:00:00,331.1519,905.4383,920.5042,952.0041,938.9567
2022-10-26 11:00:00,456.3677,1537.354,1544.452,1575.145,1508.861
2022-10-26 12:00:00,579.7501,1778.237,1738.456,1815.303,1657.239
2022-10-26 13:00:00,647.7643,1952.946,1966.494,2046.81,1920.042
2022-10-26 14:00:00,630.4366,1882.241,1792.014,1827.958,1700.063
2022-10-26 15:00:00,367.8525,1056.172,1046.023,1034.923,980.7458
2022-10-26 16:00:00,166.3404,433.2525,426.81,427.8933,405.1175
2022-10-26 17:00:00,143.361,150.4492,152.675,156.51,149.7283
2022-10-26 18:00:00,0.4963437,0,0,0,0
2022-10-26 19:00:00,0,0,0,0,0
2022-10-26 20:00:00,0,0,0,0,0
2022-10-26 21:00:00,0,0,0,0,0
2022-10-26 22:00:00,0,0,0,0,0
2022-10-26 23:00:00,0.005926995,0,0,0,0
2022-10-27 00:00:00,0.0261887,0,0,0,0
2022-10-27 01:00:00,0.0114565,0,0,0,0
2022-10-27 02:00:00,0,0,0,0,0
2022-10-27 03:00:00,0,0,0,0,0
2022-10-27 04:00:00,0.01550721,0,0,0,0
2022-10-27 05:00:00,0.03304648,0,0,0,0
2022-10-27 06:00:00,0.01919916,0,0,0,0
2022-10-27 07:00:00,45.43901,39.085,39.65168,39.86166,38.2525
2022-10-27 08:00:00,356.3008,440.9025,510.5734,580.595,568.6016
2022-10-27 09:00:00,490.8123,1527.96,1568.007,1624.411,1550.949
2022-10-27 10:00:00,594.8491,1907.139,1901.442,1941.196,1858.308
2022-10-27 11:00:00,605.0185,1891.438,1901.12,1938.926,1848.422
2022-10-27 12:00:00,629.1582,1875.678,1888.621,1926.69,1834.134
2022-10-27 13:00:00,637.0385,1907.69,1918.567,1959.072,1868.162
2022-10-27 14:00:00,653.2059,2029.651,2033.958,2078.1,1978.422
2022-10-27 15:00:00,645.6887,2140.483,2140.746,2183.919,2084.844
2022-10-27 16:00:00,549.355,1727.302,1734.8,1766.543,1686.903
2022-10-27 17:00:00,227.219,312.5283,317.0667,326.3,311.845
2022-10-27 18:00:00,0.7399386,0,0,0,0
2022-10-27 19:00:00,0.04691156,0,0,0,0
2022-10-27 20:00:00,0.01928253,0,0,0,0
2022-10-27 21:00:00,0.0731257,0,0,0,0
2022-10-27 22:00:00,0,0,0,0,0
2022-10-27 23:00:00,0.04228447,0,0,0,0
2022-10-28 00:00:00,0,0,0,0,0
2022-10-28 01:00:00,0,0,0,0,0
2022-10-28 02:00:00,0.0188181,0,0,0,0
2022-10-28 03:00:00,0.06171145,0,0,0,0
2022-10-28 04:00:00,0,0,0,0,0
2022-10-28 05:00:00,0.07929559,0,0,0,0
2022-10-28 06:00:00,0.001603101,0,0,0,0
2022-10-28 07:00:00,14.79458,8.826668,9.54,9.813333,8.985
2022-10-28 08:00:00,149.0885,243.0017,264.3259,280.0567,267.8708
2022-10-28 09:00:00,227.8788,565.5291,570.8483,579.4634,548.6157
2022-10-28 10:00:00,211.2655,522.1675,519.1783,534.7316,510.2834
2022-10-28 11:00:00,516.8912,1608.438,1621.282,1666.228,1595.575
2022-10-28 12:00:00,563.9995,1670.12,1681.997,1731.141,1651.563
2022-10-28 13:00:00,565.2465,1708.51,1719.499,1754.889,1670.222
2022-10-28 14:00:00,498.2901,1516.589,1517.256,1548.256,1476.613
2022-10-28 15:00:00,536.1345,1666.13,1658.345,1659.116,1569.441
2022-10-28 16:00:00,358.3928,914.5624,909.7266,926.1816,879.2042
2022-10-28 17:00:00,115.0089,138.8033,143.0292,148.02,141.5425
2022-10-28 18:00:00,0.5418984,0,0,0,0
2022-10-28 19:00:00,0.0839093,0,0,0,0
2022-10-28 20:00:00,0,0,0,0,0
2022-10-28 21:00:00,0.03090442,0,0,0,0
2022-10-28 22:00:00,0,0,0,0,0
2022-10-28 23:00:00,0,0,0,0,0
2022-10-29 00:00:00,0,0,0,0,0
2022-10-29 01:00:00,0,0,0,0,0
2022-10-29 02:00:00,0,0,0,0,0
2022-10-29 03:00:00,0,0,0,0,0
2022-10-29 04:00:00,0,0,0,0,0
2022-10-29 05:00:00,0,0,0,0,0
2022-10-29 06:00:00,0.0286382,0,0,0,0
2022-10-29 07:00:00,26.65445,14.1075,14.22833,14.18,13.15667
2022-10-29 08:00:00,274.8703,412.1417,440.61,470.6858,451.1025
2022-10-29 09:00:00,254.9224,788.0958,798.9733,815.7991,783.2266
2022-10-29 10:00:00,651.158,2097.852,2105.843,2155.4,2056.096
2022-10-29 11:00:00,616.1524,1895.104,1903.392,1947.216,1855.006
2022-10-29 12:00:00,601.8231,1782.246,1792.796,1829.905,1743.315
2022-10-29 13:00:00,607.3062,1809.667,1823.497,1861.245,1770.783
2022-10-29 14:00:00,623.7714,1934.527,1937.683,1979.028,1882.905
2022-10-29 15:00:00,627.5687,2093.234,2094.937,2139.875,2043.474
2022-10-29 16:00:00,519.0096,1605.642,1614.381,1646.717,1571.762
2022-10-29 17:00:00,204.7917,258.3558,262.3967,270.4825,258.4142
2022-10-29 18:00:00,0.4883265,0,0,0,0
2022-10-29 19:00:00,0.01155727,0,0,0,0
2022-10-29 20:00:00,0.07105095,0,0,0,0
2022-10-29 21:00:00,0,0,0,0,0
2022-10-29 22:00:00,0.000742741,0,0,0,0
2022-10-29 23:00:00,0.02699284,0,0,0,0
2022-10-30 00:00:00,0.02827045,0,0,0,0
2022-10-30 01:00:00,0,0,0,0,0
2022-10-30 02:00:00,0,0,0,0,0
2022-10-30 03:00:00,0,0,0,0,0
2022-10-30 04:00:00,0.05157215,0,0,0,0
2022-10-30 05:00:00,0,0,0,0,0
2022-10-30 06:00:00,0,0,0,0,0
2022-10-30 07:00:00,30.66909,22.86167,22.95667,23.4375,21.93583
2022-10-30 08:00:00,394.7404,512.7525,586.9116,662.3676,647.2758
2022-10-30 09:00:00,424.5793,1163.807,1194.589,1232.724,1174.822
2022-10-30 10:00:00,352.3472,1092.063,1098.952,1127.339,1073.602
2022-10-30 11:00:00,563.8175,1726.495,1731.998,1770.646,1687.587
2022-10-30 12:00:00,545.3818,1646.774,1659.891,1694.392,1613.228
2022-10-30 13:00:00,573.2657,1753.687,1762.726,1802.438,1715.871
2022-10-30 14:00:00,619.2024,1876.417,1870.477,1914.861,1826.478
2022-10-30 15:00:00,530.6002,1703.683,1699.011,1732.277,1650.464
2022-10-30 16:00:00,412.1216,1130.878,1139.498,1174.517,1121.974
2022-10-30 17:00:00,186.6116,203.8008,208.3517,216.1267,207.1542
2022-10-30 18:00:00,0.5728225,0,0,0,0
2022-10-30 19:00:00,0.0765733,0,0,0,0
2022-10-30 20:00:00,0.007094805,0,0,0,0
2022-10-30 21:00:00,0.0843319,0,0,0,0
2022-10-30 22:00:00,0.02297804,0,0,0,0
2022-10-30 23:00:00,0,0,0,0,0
2022-10-31 00:00:00,0.04179276,0,0,0,0
2022-10-31 01:00:00,0,0,0,0,0
2022-10-31 02:00:00,0.04778387,0,0,0,0
2022-10-31 03:00:00,0,0,0,0,0
2022-10-31 04:00:00,0,0,0,0,0
2022-10-31 05:00:00,0,0,0,0,0
2022-10-31 06:00:00,0.02291043,0,0,0,0
2022-10-31 07:00:00,15.24115,4.813333,5.361668,5.7425,5.041667
2022-10-31 08:00:00,305.4532,284.8875,391.81,494.5358,496.2083
2022-10-31 09:00:00,601.531,1826.958,1899.545,1982.552,1896.275
2022-10-31 10:00:00,633.0371,2002.581,2002.184,2048.4,1955.483
2022-10-31 11:00:00,609.9938,1870.812,1876.977,1920.25,1833.278
2022-10-31 12:00:00,596.8171,1777.385,1786.95,1826.033,1739.494
2022-10-31 13:00:00,602.0922,1795.483,1801.545,1841.103,1756.448
2022-10-31 14:00:00,617.7911,1909.846,1903.611,1946.267,1850.933
2022-10-31 15:00:00,622.9892,2078.375,2071.881,2113.484,2013.911
2022-10-31 16:00:00,507.8893,1556.246,1565.129,1595.738,1524.523
2022-10-31 17:00:00,181.8643,206.5642,210.6517,217.5558,208.0617
2022-10-31 18:00:00,0.2035465,0,0,0,0
2022-10-31 19:00:00,0,0,0,0,0
2022-10-31 20:00:00,0,0,0,0,0
2022-10-31 21:00:00,0,0,0,0,0
2022-10-31 22:00:00,0,0,0,0,0
2022-10-31 23:00:00,0,0,0,0,0
