NC Solar II,Unnamed: 1,Unnamed: 2,Unnamed: 3,Unnamed: 4,Unnamed: 5
,,,,,
Timestamp,POA,"SMA Inverter - A, Total AC Active Power","SMA Inverter - B, Total AC Active Power","SMA Inverter - C, Total AC Active Power","SMA Inverter - D, Total AC Active Power"
,W/mÂ²,kW,kW,kW,kW
2022-10-01 00:00:00,0.293125,0,0,0,0
2022-10-01 01:00:00,0,0,0,0,0
2022-10-01 02:00:00,0.1048611,0,0,0,0
2022-10-01 03:00:00,0.3741666,0,0,0,0
2022-10-01 04:00:00,0,0,0,0,0
2022-10-01 05:00:00,0,0,0,0,0
2022-10-01 06:00:00,0.1048611,0,0,0,0
2022-10-01 07:00:00,13.49751,5.219921,4.931448,5.032279,3.618867
2022-10-01 08:00:00,59.29384,29.08377,28.12304,27.97158,22.5404
2022-10-01 09:00:00,109.4836,60.84226,59.05942,58.86142,47.74218
2022-10-01 10:00:00,317.5197,193.9364,173.8846,173.7813,138.8982
2022-10-01 11:00:00,534.4172,239.8181,239.8551,231.4664,199.0752
2022-10-01 12:00:00,416.8794,225.1479,213.9567,221.4967,190.2684
2022-10-01 13:00:00,587.6177,318.4307,313.6808,318.896,271.1007
2022-10-01 14:00:00,564.5456,300.1295,287.9755,282.7876,235.4897
2022-10-01 15:00:00,162.8058,89.03747,85.72311,85.65324,69.22968
2022-10-01 16:00:00,88.58619,46.23375,43.67652,44.3774,35.5677
2022-10-01 17:00:00,42.19629,18.45374,17.56945,17.82457,14.08921
2022-10-01 18:00:00,9.434917,1.084088,0.9369126,0.98197,0.6898321
2022-10-01 19:00:00,0.4423411,0,5.235627e-05,1.60576e-05,0
2022-10-01 20:00:00,0.2504166,0,0,0,0
2022-10-01 21:00:00,0,0,0,0,0
2022-10-01 22:00:00,0.3349277,0,0,0,0
2022-10-01 23:00:00,0.603547,0,0,0,0
2022-10-02 00:00:00,0.4790282,0,0,0,0
2022-10-02 01:00:00,0.1258305,0,0,0,0
2022-10-02 02:00:00,0.4583333,0,0,0,0
2022-10-02 03:00:00,0.1677742,0,0,0,0
2022-10-02 04:00:00,3.703703e-06,0,0,0,0
2022-10-02 05:00:00,0.2887628,0,0,0,0
2022-10-02 06:00:00,0.1472788,0,0,0,0
2022-10-02 07:00:00,9.612434,11.92443,11.67464,4.084663,4.558005
2022-10-02 08:00:00,232.1187,124.3884,120.7336,104.2517,90.81667
2022-10-02 09:00:00,488.8033,263.3943,252.4714,259.5181,214.4981
2022-10-02 10:00:00,683.9376,375.7719,357.1673,367.2886,304.1704
2022-10-02 11:00:00,831.6691,444.5484,417.6943,422.5594,354.3953
2022-10-02 12:00:00,649.969,402.7135,394.7313,365.2148,319.2694
2022-10-02 13:00:00,311.8823,181.9153,173.9973,177.2301,142.7621
2022-10-02 14:00:00,247.1525,139.0132,134.6456,133.9554,107.9054
2022-10-02 15:00:00,88.19852,43.90349,44.25753,43.31528,34.73095
2022-10-02 16:00:00,132.8627,72.40968,68.92154,69.48161,55.74242
2022-10-02 17:00:00,135.8801,75.79964,72.61115,72.73144,58.82317
2022-10-02 18:00:00,17.91303,5.457374,4.607595,4.847505,3.583997
2022-10-02 19:00:00,1.203704e-05,0,1.939863e-05,0,0
2022-10-02 20:00:00,0.6977805,0,0,0,0
2022-10-02 21:00:00,0.7284695,0,0,0,0
2022-10-02 22:00:00,0.25,0,0,0,0
2022-10-02 23:00:00,0.4975032,0,0,0,0
2022-10-03 00:00:00,0.353749,0,0,0,0
2022-10-03 01:00:00,1.163414,0,0,0,0
2022-10-03 02:00:00,0.999779,0,0,0,0
2022-10-03 03:00:00,0,0,0,0,0
2022-10-03 04:00:00,0.25,0,0,0,0
2022-10-03 05:00:00,0.8733335,0,0,0,0
2022-10-03 06:00:00,0.4138913,0,0,0,0
2022-10-03 07:00:00,11.44422,4.516295,4.173608,3.98086,2.833667
2022-10-03 08:00:00,76.93324,39.92431,38.19541,37.8871,30.65951
2022-10-03 09:00:00,103.4564,56.84703,55.27865,55.07835,44.48137
2022-10-03 10:00:00,111.7991,59.7314,57.36134,57.49306,46.36132
2022-10-03 11:00:00,150.4678,81.99842,79.50132,79.03036,63.86377
2022-10-03 12:00:00,258.6353,146.5558,140.0887,141.3446,113.7827
2022-10-03 13:00:00,305.7434,174.1756,164.3636,169.253,138.0899
2022-10-03 14:00:00,417.9679,231.2241,223.9629,225.624,188.6625
2022-10-03 15:00:00,358.3369,183.8221,172.691,176.2007,148.2337
2022-10-03 16:00:00,285.4655,159.8772,117.398,154.0478,121.7762
2022-10-03 17:00:00,124.2968,72.83083,68.10052,69.14597,53.92167
2022-10-03 18:00:00,51.84634,19.60413,19.74904,18.62951,14.27425
2022-10-03 19:00:00,0.2304515,0.01780605,0.0129223,0.01450012,0.005487377
2022-10-03 20:00:00,0.4370162,0,0,0,0
2022-10-03 21:00:00,0.1055555,0,0,0,0
2022-10-03 22:00:00,0.1048611,0,0,0,0
2022-10-03 23:00:00,0,0,0,0,0
2022-10-04 00:00:00,0.6047915,0,0,0,0
2022-10-04 01:00:00,0.2083333,0,0,0,0
2022-10-04 02:00:00,0.1258332,0,0,0,0
2022-10-04 03:00:00,0.5197915,0,0,0,0
2022-10-04 04:00:00,0.763761,0,0,0,0
2022-10-04 05:00:00,0.3758222,0,0,0,0
2022-10-04 06:00:00,0.4166667,0,0,0,0
2022-10-04 07:00:00,10.39798,11.24576,11.14311,3.877704,4.332833
2022-10-04 08:00:00,230.6429,124.6949,121.3955,103.1465,91.33667
2022-10-04 09:00:00,500.3079,268.3684,258.7243,264.9872,219.6323
2022-10-04 10:00:00,700.1077,382.1269,364.5527,374.4858,310.549
2022-10-04 11:00:00,844.7015,455.1415,429.0497,444.5961,368.4327
2022-10-04 12:00:00,925.5076,490.4367,463.4808,478.6689,437.801
2022-10-04 13:00:00,927.145,494.8198,470.0293,480.5851,444.5314
2022-10-04 14:00:00,846.2532,463.0379,439.6339,447.6668,414.4114
2022-10-04 15:00:00,704.947,392.2497,375.3,377.7342,350.9323
2022-10-04 16:00:00,505.442,286.1143,277.264,275.1354,255.8127
2022-10-04 17:00:00,276.418,146.9306,148.1461,142.1254,132.0809
2022-10-04 18:00:00,70.1467,25.12032,26.3122,23.99768,21.99071
2022-10-04 19:00:00,1.047632,0.01692162,0.01338116,0.01126797,0.01061979
2022-10-04 20:00:00,0.1262473,0,0,0,0
2022-10-04 21:00:00,0.4166667,0,0,0,0
2022-10-04 22:00:00,0,0,0,0,0
2022-10-04 23:00:00,0.770972,0,0,0,0
2022-10-05 00:00:00,0.752014,0,0,0,0
2022-10-05 01:00:00,0.9333335,0,0,0,0
2022-10-05 02:00:00,1.16583,0,0,0,0
2022-10-05 03:00:00,0.1062528,0,0,0,0
2022-10-05 04:00:00,1.097095,0,0,0,0
2022-10-05 05:00:00,0.628461,0,0,0,0
2022-10-05 06:00:00,0.6241695,0,0,0,0
2022-10-05 07:00:00,10.9017,10.60986,10.39961,3.746762,4.831671
2022-10-05 08:00:00,226.5042,122.2007,119.7552,100.5837,101.137
2022-10-05 09:00:00,489.0304,261.8117,254.3082,257.8954,238.5552
2022-10-05 10:00:00,684.2306,370.2844,352.8074,363.948,337.3274
2022-10-05 11:00:00,829.3607,370.893,339.7801,431.0439,399.5018
2022-10-05 12:00:00,902.8323,480.0859,452.6517,466.1177,427.2034
2022-10-05 13:00:00,905.0867,481.4346,455.2701,466.2981,431.4055
2022-10-05 14:00:00,829.7727,450.0591,426.9687,434.7864,403.9374
2022-10-05 15:00:00,688.6554,384.4742,368.0792,369.4805,343.9675
2022-10-05 16:00:00,499.4588,280.1117,271.8838,269.3201,251.4009
2022-10-05 17:00:00,271.1558,142.2367,142.6091,137.356,128.4068
2022-10-05 18:00:00,67.90153,23.70903,23.86784,22.23878,20.00534
2022-10-05 19:00:00,0.3033992,0.01037517,0.007407414,0.003234845,0.00334881
2022-10-05 20:00:00,0,0,0,0,0
2022-10-05 21:00:00,0,0,0,0,0
2022-10-05 22:00:00,0.1468055,0,0,0,0
2022-10-05 23:00:00,0.645975,0,0,0,0
2022-10-06 00:00:00,0.6898555,0,0,0,0
2022-10-06 01:00:00,0.7485445,0,0,0,0
2022-10-06 02:00:00,0.3111111,0,0,0,0
2022-10-06 03:00:00,0.3118055,0,0,0,0
2022-10-06 04:00:00,0.1477779,0,0,0,0
2022-10-06 05:00:00,0.2504166,0,0,0,0
2022-10-06 06:00:00,0.6026415,0,0,0,0
2022-10-06 07:00:00,12.5739,10.3271,9.614531,3.947524,4.62673
2022-10-06 08:00:00,209.14,113.7216,111.9069,94.75296,95.35835
2022-10-06 09:00:00,479.4663,252.4497,243.9671,248.6481,230.7668
2022-10-06 10:00:00,676.4194,356.2541,338.3038,349.1331,323.9262
2022-10-06 11:00:00,818.4177,426.5739,400.9715,415.2793,384.4995
2022-10-06 12:00:00,893.4204,461.6974,432.4591,447.9226,413.8072
2022-10-06 13:00:00,895.5401,462.3826,434.4559,447.8475,414.6088
2022-10-06 14:00:00,821.3691,433.5594,409.2369,419.0524,389.1367
2022-10-06 15:00:00,679.4938,367.7857,349.6369,354.6909,329.2906
2022-10-06 16:00:00,483.9704,265.0577,256.3004,255.455,237.8627
2022-10-06 17:00:00,260.8752,133.1333,133.9021,128.6585,120.6879
2022-10-06 18:00:00,63.68507,20.92255,21.48225,19.84018,17.98311
2022-10-06 19:00:00,0.2345427,0.003431605,0.003059047,0.004136836,0.002182086
2022-10-06 20:00:00,0.2504166,0,0,0,0
2022-10-06 21:00:00,0.25,0,0,0,0
2022-10-06 22:00:00,0,0,0,0,0
2022-10-06 23:00:00,0,0,0,0,0
2022-10-07 00:00:00,0.3118055,0,0,0,0
2022-10-07 01:00:00,0.1266555,0,0,0,0
2022-10-07 02:00:00,1.111111e-05,0,0,0,0
2022-10-07 03:00:00,0.6830665,0,0,0,0
2022-10-07 04:00:00,0.653724,0,0,0,0
2022-10-07 05:00:00,0.3333482,0,0,0,0
2022-10-07 06:00:00,1.869864,0,0,0,0
2022-10-07 07:00:00,12.52946,9.419016,8.640767,3.951378,4.373407
2022-10-07 08:00:00,215.479,114.1942,111.8174,93.75423,95.30849
2022-10-07 09:00:00,475.9229,249.3788,240.0435,244.3871,226.8143
2022-10-07 10:00:00,672.1254,353.0312,333.7097,345.9466,319.5989
2022-10-07 11:00:00,814.7082,424.6039,393.8232,413.344,377.0321
2022-10-07 12:00:00,887.7366,458.0162,423.4521,444.1909,404.3803
2022-10-07 13:00:00,883.1917,458.9382,426.2857,444.8135,405.2978
2022-10-07 14:00:00,807.7936,431.1529,401.7309,416.4102,380.0934
2022-10-07 15:00:00,669.6018,368.0346,344.0268,354.6791,322.5708
2022-10-07 16:00:00,472.5252,261.3424,247.3944,251.5334,227.7845
2022-10-07 17:00:00,248.1062,129.1845,125.1186,125.4876,113.8044
2022-10-07 18:00:00,41.63706,15.52228,14.97989,14.67248,12.69956
2022-10-07 19:00:00,0.7005801,0.002705923,0.001679028,0.001849303,0.001386019
2022-10-07 20:00:00,0.5651915,0,0,0,0
2022-10-07 21:00:00,0.561389,0,0,0,0
2022-10-07 22:00:00,0.542847,0,0,0,0
2022-10-07 23:00:00,0.5243055,0,0,0,0
2022-10-08 00:00:00,0,0,0,0,0
2022-10-08 01:00:00,0.3118078,0,0,0,0
2022-10-08 02:00:00,0.4372194,0,0,0,0
2022-10-08 03:00:00,0.2520112,0,0,0,0
2022-10-08 04:00:00,0.5848615,0,0,0,0
2022-10-08 05:00:00,0.605836,0,0,0,0
2022-10-08 06:00:00,0,0,0,0,0
2022-10-08 07:00:00,13.28203,7.530845,6.874578,4.486482,4.280151
2022-10-08 08:00:00,180.0477,97.39045,91.43126,81.30219,77.49861
2022-10-08 09:00:00,296.6595,157.3894,148.6262,152.0086,136.1532
2022-10-08 10:00:00,444.2434,260.3852,239.131,238.7785,219.2942
2022-10-08 11:00:00,716.1476,402.288,374.4437,385.1485,347.9493
2022-10-08 12:00:00,879.9639,480.1248,447.7418,467.1339,427.6898
2022-10-08 13:00:00,665.0686,396.4914,369.5895,381.7451,357.4933
2022-10-08 14:00:00,663.9503,363.0542,328.1378,341.4341,313.0014
2022-10-08 15:00:00,607.4614,364.7371,342.9395,342.3724,312.5859
2022-10-08 16:00:00,381.8775,231.2794,219.3893,216.6994,194.5128
2022-10-08 17:00:00,252.5632,129.3847,128.1575,126.7246,115.6885
2022-10-08 18:00:00,51.57404,19.92479,19.58533,18.61736,16.60224
2022-10-08 19:00:00,0.0188183,0.001839648,0.001702963,0.001791187,0.001561405
2022-10-08 20:00:00,0.5369575,0,0,0,0
2022-10-08 21:00:00,0.1472788,0,0,0,0
2022-10-08 22:00:00,0.769032,0,0,0,0
2022-10-08 23:00:00,0.7721485,0,0,0,0
2022-10-09 00:00:00,0.37375,0,0,0,0
2022-10-09 01:00:00,0.856864,0,0,0,0
2022-10-09 02:00:00,0.3132056,0,0,0,0
2022-10-09 03:00:00,0,0,0,0,0
2022-10-09 04:00:00,0.125,0,0,0,0
2022-10-09 05:00:00,0.334989,0,0,0,0
2022-10-09 06:00:00,0.688411,0,0,0,0
2022-10-09 07:00:00,12.58665,8.369587,7.485316,4.46942,4.411884
2022-10-09 08:00:00,189.2518,110.6968,103.5027,91.46524,88.03991
2022-10-09 09:00:00,442.4656,251.8773,233.7337,240.393,220.441
2022-10-09 10:00:00,528.9719,308.8768,283.2181,291.8926,273.3997
2022-10-09 11:00:00,711.3945,383.5819,360.4597,368.8365,344.8826
2022-10-09 12:00:00,886.5349,475.1244,439.3687,450.9493,406.7199
2022-10-09 13:00:00,824.437,434.7328,414.6569,424.1249,387.0743
2022-10-09 14:00:00,489.8004,298.4331,282.9509,277.2822,260.3116
2022-10-09 15:00:00,436.6573,223.7885,211.6611,214.318,197.8859
2022-10-09 16:00:00,235.621,126.4317,118.2309,119.4534,107.2896
2022-10-09 17:00:00,117.23,62.39669,58.92374,59.85508,52.83918
2022-10-09 18:00:00,17.60012,5.45996,5.164278,5.045345,4.357075
2022-10-09 19:00:00,0.5743684,0.0002417961,0.0001724551,0.0001119443,0.000146954
2022-10-09 20:00:00,0.622222,0,0,0,0
2022-10-09 21:00:00,0.435172,0,0,0,0
2022-10-09 22:00:00,0.1688558,0,0,0,0
2022-10-09 23:00:00,0.521178,0,0,0,0
2022-10-10 00:00:00,0.107294,0,0,0,0
2022-10-10 01:00:00,0.3111111,0,0,0,0
2022-10-10 02:00:00,0.520139,0,0,0,0
2022-10-10 03:00:00,0.770139,0,0,0,0
2022-10-10 04:00:00,0.3725041,0,0,0,0
2022-10-10 05:00:00,0.565829,0,0,0,0
2022-10-10 06:00:00,0.1463195,0,0,0,0
2022-10-10 07:00:00,6.922344,1.648102,1.385175,1.397442,1.271889
2022-10-10 08:00:00,48.82698,21.53096,20.39671,20.76123,18.68433
2022-10-10 09:00:00,57.88547,28.27907,27.30316,27.48461,24.99797
2022-10-10 10:00:00,73.89903,40.54492,39.22011,38.35521,34.71401
2022-10-10 11:00:00,134.1125,70.05408,67.34045,68.4313,62.38298
2022-10-10 12:00:00,248.4917,133.5842,128.4369,128.5678,116.294
2022-10-10 13:00:00,346.1717,190.1431,181.4841,188.4257,172.8854
2022-10-10 14:00:00,625.9646,337.5202,315.6098,318.8333,291.2676
2022-10-10 15:00:00,648.4071,350.2693,332.4486,339.2284,313.9324
2022-10-10 16:00:00,458.1512,260.7322,248.1648,251.8182,229.7253
2022-10-10 17:00:00,178.419,95.33449,94.76305,92.78227,84.61807
2022-10-10 18:00:00,27.46593,10.30374,9.806792,9.736913,8.529447
2022-10-10 19:00:00,0.797308,0.0008748244,0.00028942,0.000257332,0.0001747634
2022-10-10 20:00:00,0.2083333,0,0,0,0
2022-10-10 21:00:00,0.500486,0,0,0,0
2022-10-10 22:00:00,0.2048819,0,0,0,0
2022-10-10 23:00:00,0.64866,0,0,0,0
2022-10-11 00:00:00,0,0,0,0,0
2022-10-11 01:00:00,0.2083333,0,0,0,0
2022-10-11 02:00:00,0.3111112,0,0,0,0
2022-10-11 03:00:00,0.6241665,0,0,0,0
2022-10-11 04:00:00,0.3135416,0,0,0,0
2022-10-11 05:00:00,0.6666665,0,0,0,0
2022-10-11 06:00:00,0.2504166,0,0,0,0
2022-10-11 07:00:00,12.99074,6.759473,5.960335,4.105764,3.883195
2022-10-11 08:00:00,201.5927,107.2515,99.15483,86.93829,85.3393
2022-10-11 09:00:00,438.789,233.3455,219.7282,231.5999,209.4811
2022-10-11 10:00:00,651.7938,357.4601,334.1105,348.7719,317.8872
2022-10-11 11:00:00,789.4508,421.4469,394.7268,411.9591,379.1707
2022-10-11 12:00:00,820.9531,452.3887,420.8734,439.0053,401.1573
2022-10-11 13:00:00,786.9282,435.7397,416.6476,421.2684,388.0862
2022-10-11 14:00:00,544.6878,298.0901,285.5559,283.0301,262.8547
2022-10-11 15:00:00,429.7107,224.6475,210.1116,218.9198,193.1274
2022-10-11 16:00:00,305.2592,185.6922,177.0378,179.3069,162.2971
2022-10-11 17:00:00,129.3472,71.96679,70.49112,68.369,60.68459
2022-10-11 18:00:00,24.18086,8.748286,8.308791,8.293251,6.785827
2022-10-11 19:00:00,0.4007362,0.0006286002,0.0009722749,0.00060739,0.0004760388
2022-10-11 20:00:00,0,0,0,0,0
2022-10-11 21:00:00,0.2086805,0,0,0,0
2022-10-11 22:00:00,0.3729166,0,0,0,0
2022-10-11 23:00:00,0.2458774,0,0,0,0
2022-10-12 00:00:00,0.2328033,0,0,0,0
2022-10-12 01:00:00,0.5620825,0,0,0,0
2022-10-12 02:00:00,1.104445,0,0,0,0
2022-10-12 03:00:00,0.586235,0,0,0,0
2022-10-12 04:00:00,0.3977927,0,0,0,0
2022-10-12 05:00:00,0.1048611,0,0,0,0
2022-10-12 06:00:00,0.2083333,0,0,0,0
2022-10-12 07:00:00,6.529442,1.762596,1.687202,1.511416,0.9634675
2022-10-12 08:00:00,50.23598,24.8284,23.10595,23.36127,21.25566
2022-10-12 09:00:00,169.5585,97.22139,89.45901,92.53958,81.9806
2022-10-12 10:00:00,357.3027,212.6505,197.6192,198.8166,179.8022
2022-10-12 11:00:00,526.4222,278.6586,263.6581,271.4457,246.0765
2022-10-12 12:00:00,674.6242,330.513,310.8442,318.8699,291.8708
2022-10-12 13:00:00,660.1123,358.7433,334.9996,349.4697,310.5853
2022-10-12 14:00:00,512.0382,289.3883,264.9981,271.123,247.4433
2022-10-12 15:00:00,567.1908,289.5127,264.4283,262.9615,239.838
2022-10-12 16:00:00,262.588,134.5208,128.2689,124.7681,110.2372
2022-10-12 17:00:00,70.60888,36.83739,35.65892,35.26935,31.61433
2022-10-12 18:00:00,13.51255,2.546208,1.962927,2.064651,1.502823
2022-10-12 19:00:00,0.04394444,0.0002891855,0.0001705765,0.0001290027,0.0001796751
2022-10-12 20:00:00,0.5222362,0,0,0,0
2022-10-12 21:00:00,0.415625,0,0,0,0
2022-10-12 22:00:00,0,0,0,0,0
2022-10-12 23:00:00,0.2083333,0,0,0,0
2022-10-13 00:00:00,0.006291665,0,0,0,0
2022-10-13 01:00:00,0,0,0,0,0
2022-10-13 02:00:00,0,0,0,0,0
2022-10-13 03:00:00,0,0,0,0,0
2022-10-13 04:00:00,0.1279167,0,0,0,0
2022-10-13 05:00:00,0.771389,0,0,0,0
2022-10-13 06:00:00,0,0,0,0,0
2022-10-13 07:00:00,9.702534,3.230689,3.044506,3.104404,2.516779
2022-10-13 08:00:00,51.63737,25.39806,24.69446,24.48523,22.47836
2022-10-13 09:00:00,88.61273,45.06769,44.16221,43.69962,39.24477
2022-10-13 10:00:00,214.8357,119.8415,115.962,117.1257,105.8396
2022-10-13 11:00:00,241.008,135.185,127.3428,126.2543,116.5439
2022-10-13 12:00:00,534.2847,308.4311,285.7578,292.7713,269.7562
2022-10-13 13:00:00,442.1984,239.1042,226.6063,233.3647,209.8731
2022-10-13 14:00:00,502.2412,271.197,255.3454,253.736,220.4607
2022-10-13 15:00:00,418.9737,231.2709,213.7068,222.7412,204.2262
2022-10-13 16:00:00,290.4699,171.4816,164.5914,166.0816,151.2794
2022-10-13 17:00:00,164,86.20312,82.46867,81.43996,72.13278
2022-10-13 18:00:00,55.33447,18.77246,19.08623,17.68725,15.60093
2022-10-13 19:00:00,0.01676482,0.001217849,0.0011148,0.0009812815,0.0005975695
2022-10-13 20:00:00,0,0,0,0,0
2022-10-13 21:00:00,0,0,0,0,0
2022-10-13 22:00:00,0.1287058,0,0,0,0
2022-10-13 23:00:00,0.3762942,0,0,0,0
2022-10-14 00:00:00,0.1048611,0,0,0,0
2022-10-14 01:00:00,0.1258332,0,0,0,0
2022-10-14 02:00:00,0.2083333,0,0,0,0
2022-10-14 03:00:00,0.563609,0,0,0,0
2022-10-14 04:00:00,0.498755,0,0,0,0
2022-10-14 05:00:00,0.3758305,0,0,0,0
2022-10-14 06:00:00,0.2916667,0,0,0,0
2022-10-14 07:00:00,6.855529,4.991047,4.771822,2.013929,1.615239
2022-10-14 08:00:00,200.1918,117.1702,107.5233,90.04534,91.76764
2022-10-14 09:00:00,481.654,265.5383,248.3934,258.1227,234.2289
2022-10-14 10:00:00,675.7087,375.9929,350.4265,367.2,335.5133
2022-10-14 11:00:00,815.0454,446.7859,415.9101,434.6719,398.2332
2022-10-14 12:00:00,897.574,483.8971,450.0103,468.7523,430.1099
2022-10-14 13:00:00,887.061,476.4223,442.6993,461.5128,422.803
2022-10-14 14:00:00,807.2675,439.8167,409.9616,426.2409,390.2499
2022-10-14 15:00:00,663.0112,375.2038,351.1197,361.0005,330.5226
2022-10-14 16:00:00,468.8805,267.8035,252.7956,257.891,234.9299
2022-10-14 17:00:00,239.9003,129.4952,124.7415,124.7705,119.6639
2022-10-14 18:00:00,45.00465,11.99904,11.57019,11.02356,9.587565
2022-10-14 19:00:00,0.1303472,0.0009267906,0.0005705995,0.0003785868,0.0004284598
2022-10-14 20:00:00,0,0,0,0,0
2022-10-14 21:00:00,0.520139,0,0,0,0
2022-10-14 22:00:00,0.7447915,0,0,0,0
2022-10-14 23:00:00,0,0,0,0,0
2022-10-15 00:00:00,0.460625,0,0,0,0
2022-10-15 01:00:00,0.1048588,0,0,0,0
2022-10-15 02:00:00,2.314815e-06,0,0,0,0
2022-10-15 03:00:00,0.4138888,0,0,0,0
2022-10-15 04:00:00,0.5640255,0,0,0,0
2022-10-15 05:00:00,1.461947,0,0,0,0
2022-10-15 06:00:00,0.8777775,0,0,0,0
2022-10-15 07:00:00,8.662407,4.830657,4.725156,1.958616,1.624256
2022-10-15 08:00:00,199.2348,115.8097,106.5658,89.40916,91.21178
2022-10-15 09:00:00,471.6046,260.5052,243.8078,253.0947,230.1134
2022-10-15 10:00:00,663.0671,365.8543,340.3005,356.0372,324.0361
2022-10-15 11:00:00,811.4941,434.2032,402.4709,422.0109,385.2162
2022-10-15 12:00:00,877.5742,466.6014,432.0025,452.2245,412.778
2022-10-15 13:00:00,872.0153,467.8317,433.095,451.7698,412.5167
2022-10-15 14:00:00,795.781,434.6156,402.8397,419.0194,382.1298
2022-10-15 15:00:00,637.761,362.5445,337.7694,348.3936,317.9277
2022-10-15 16:00:00,447.4308,252.9761,238.9179,242.5623,219.6093
2022-10-15 17:00:00,231.9175,121.491,117.2571,117.4101,104.9455
2022-10-15 18:00:00,38.768,13.56601,12.93689,12.53377,10.74384
2022-10-15 19:00:00,0.2456528,0.000168853,0.000193812,0.000107037,6.086412e-05
2022-10-15 20:00:00,0.2495834,0,0,0,0
2022-10-15 21:00:00,0.2083333,0,0,0,0
2022-10-15 22:00:00,0.4801351,0,0,0,0
2022-10-15 23:00:00,0.7701425,0,0,0,0
2022-10-16 00:00:00,0.3741666,0,0,0,0
2022-10-16 01:00:00,0.6024305,0,0,0,0
2022-10-16 02:00:00,0.3341667,0,0,0,0
2022-10-16 03:00:00,1.244586,0,0,0,0
2022-10-16 04:00:00,0.2310389,0,0,0,0
2022-10-16 05:00:00,0.1059027,0,0,0,0
2022-10-16 06:00:00,0,0,0,0,0
2022-10-16 07:00:00,10.99459,5.298665,4.880774,3.221778,3.01016
2022-10-16 08:00:00,193.0914,106.8613,97.78996,84.28878,84.42339
2022-10-16 09:00:00,453.6737,245.3172,229.1036,238.5,217.6621
2022-10-16 10:00:00,634.1608,345.3529,320.163,336.0782,305.4585
2022-10-16 11:00:00,705.8417,382.7179,355.1617,370.6719,337.8265
2022-10-16 12:00:00,805.2139,420.6569,390.6943,407.0721,369.9419
2022-10-16 13:00:00,816.222,434.1441,401.8879,419.3741,383.0586
2022-10-16 14:00:00,741.8133,400.5031,371.0681,384.4262,348.5087
2022-10-16 15:00:00,509.4867,286.1585,267.9824,270.803,241.4714
2022-10-16 16:00:00,284.6808,153.2444,145.0576,145.6917,125.3521
2022-10-16 17:00:00,213.8015,105.4169,102.4896,101.6081,90.05478
2022-10-16 18:00:00,29.02461,10.16135,9.643378,9.848264,8.672989
2022-10-16 19:00:00,3.253138e-06,6.251462e-06,3.219495e-05,1.894192e-05,9.15526e-06
2022-10-16 20:00:00,0,0,0,0,0
2022-10-16 21:00:00,0,0,0,0,0
2022-10-16 22:00:00,0.1694445,0,0,0,0
2022-10-16 23:00:00,0.3333333,0,0,0,0
2022-10-17 00:00:00,0.2466778,0,0,0,0
2022-10-17 01:00:00,0.1266555,0,0,0,0
2022-10-17 02:00:00,0,0,0,0,0
2022-10-17 03:00:00,0.2897255,0,0,0,0
2022-10-17 04:00:00,0.773321,0,0,0,0
2022-10-17 05:00:00,0.993759,0,0,0,0
2022-10-17 06:00:00,0.1258305,0,0,0,0
2022-10-17 07:00:00,13.92509,5.098161,4.378951,4.790903,3.80294
2022-10-17 08:00:00,66.47112,33.06265,31.16806,31.6666,27.99445
2022-10-17 09:00:00,214.4435,114.024,108.9076,110.3261,99.51851
2022-10-17 10:00:00,372.8836,202.5766,191.8671,196.7879,177.4052
2022-10-17 11:00:00,737.3574,393.3293,365.3681,383.5443,345.9171
2022-10-17 12:00:00,846.5259,450.9696,417.1278,437.1119,398.7047
2022-10-17 13:00:00,842.0052,456.1466,419.3942,437.9519,397.2956
2022-10-17 14:00:00,786.2462,434.3613,402.2276,417.3068,378.8905
2022-10-17 15:00:00,618.31,356.4613,333.5104,344.6148,312.6415
2022-10-17 16:00:00,425.2685,246.0916,230.9344,236.2478,214.8153
2022-10-17 17:00:00,197.9735,103.0415,99.79789,99.31882,89.38546
2022-10-17 18:00:00,21.37036,6.436152,6.062351,6.187191,5.371663
2022-10-17 19:00:00,0.01254504,0,1.802848e-05,0,0
2022-10-17 20:00:00,0.2083333,0,0,0,0
2022-10-17 21:00:00,0,0,0,0,0
2022-10-17 22:00:00,0.1254139,0,0,0,0
2022-10-17 23:00:00,2.777778e-06,0,0,0,0
2022-10-18 00:00:00,0.1258332,0,0,0,0
2022-10-18 01:00:00,0.5422225,0,0,0,0
2022-10-18 02:00:00,0.585553,0,0,0,0
2022-10-18 03:00:00,0.291669,0,0,0,0
2022-10-18 04:00:00,1.020416,0,0,0,0
2022-10-18 05:00:00,0.895208,0,0,0,0
2022-10-18 06:00:00,0.2083333,0,0,0,0
2022-10-18 07:00:00,7.557611,3.194779,2.634245,1.352223,1.313051
2022-10-18 08:00:00,197.2857,105.8862,95.69841,80.5671,82.14069
2022-10-18 09:00:00,480.956,268.3302,248.6218,260.011,237.3305
2022-10-18 10:00:00,684.5765,390.9091,364.4988,381.1699,348.2269
2022-10-18 11:00:00,817.3523,467.571,435.0536,452.838,416.8463
2022-10-18 12:00:00,887.5897,498.4687,466.597,486.1414,447.4552
2022-10-18 13:00:00,884.4074,499.3571,467.9946,485.7002,447.3728
2022-10-18 14:00:00,810.6915,468.5253,438.2533,452.0351,416.027
2022-10-18 15:00:00,667.6529,395.3332,371.4116,380.4771,350.0705
2022-10-18 16:00:00,465.7913,280.9369,266.291,270.9998,248.1794
2022-10-18 17:00:00,234.0765,126.4136,122.0692,120.5005,108.5467
2022-10-18 18:00:00,37.83693,8.993259,8.436475,8.627859,7.486643
2022-10-18 19:00:00,0.5041943,2.520055e-05,1.814056e-05,6.872778e-06,0
2022-10-18 20:00:00,0.4816667,0,0,0,0
2022-10-18 21:00:00,1.415139,0,0,0,0
2022-10-18 22:00:00,0.6233335,0,0,0,0
2022-10-18 23:00:00,1.270761,0,0,0,0
2022-10-19 00:00:00,0.5647945,0,0,0,0
2022-10-19 01:00:00,0.4809723,0,0,0,0
2022-10-19 02:00:00,0.2035091,0,0,0,0
2022-10-19 03:00:00,0.647947,0,0,0,0
2022-10-19 04:00:00,0.2317986,0,0,0,0
2022-10-19 05:00:00,9.25926e-06,0,0,0,0
2022-10-19 06:00:00,0,0,0,0,0
2022-10-19 07:00:00,6.247482,4.310084,3.583712,1.389429,1.366977
2022-10-19 08:00:00,204.4115,115.6625,104.5843,87.7734,89.46599
2022-10-19 09:00:00,487.4897,272.7069,255.267,264.5158,241.7502
2022-10-19 10:00:00,684.1663,391.0031,364.231,381.1232,348.7219
2022-10-19 11:00:00,816.5454,465.8268,434.1192,451.7912,415.2592
2022-10-19 12:00:00,888.2022,499.0041,468.8895,488.9502,449.1343
2022-10-19 13:00:00,880.731,496.4686,466.0951,483.1821,444.4141
2022-10-19 14:00:00,796.5175,459.4583,429.8531,443.8427,408.5044
2022-10-19 15:00:00,640.7497,376.6906,353.9716,362.0677,332.7368
2022-10-19 16:00:00,443.7322,265.9294,252.018,256.0554,234.345
2022-10-19 17:00:00,220.0721,115.4594,112.7244,111.6182,99.62385
2022-10-19 18:00:00,36.05601,7.947227,7.411193,7.522434,6.636628
2022-10-19 19:00:00,0.5068014,5.595805e-05,0,2.633307e-05,6.652017e-06
2022-10-19 20:00:00,0,0,0,0,0
2022-10-19 21:00:00,0.2090278,0,0,0,0
2022-10-19 22:00:00,0.3704168,0,0,0,0
2022-10-19 23:00:00,0.2495834,0,0,0,0
2022-10-20 00:00:00,0.1262387,0,0,0,0
2022-10-20 01:00:00,0.51359,0,0,0,0
2022-10-20 02:00:00,0.4795461,0,0,0,0
2022-10-20 03:00:00,0.3371527,0,0,0,0
2022-10-20 04:00:00,0.2079861,0,0,0,0
2022-10-20 05:00:00,1.247986,0,0,0,0
2022-10-20 06:00:00,0.2069445,0,0,0,0
2022-10-20 07:00:00,7.50357,3.663647,2.916039,1.353512,1.176082
2022-10-20 08:00:00,209.1327,109.3692,97.17471,82.14616,84.28059
2022-10-20 09:00:00,494.0099,267.925,249.1654,259.5675,238.1141
2022-10-20 10:00:00,681.993,378.5175,350.3912,368.8321,337.796
2022-10-20 11:00:00,819.6568,451.2418,417.8392,437.4079,398.0757
2022-10-20 12:00:00,887.3035,486.1179,449.2424,470.8275,431.8516
2022-10-20 13:00:00,881.1047,486.1607,449.7523,470.832,430.6417
2022-10-20 14:00:00,799.851,449.6466,416.4776,433.8863,396.9218
2022-10-20 15:00:00,656.0217,377.9991,351.7707,364.0458,332.5863
2022-10-20 16:00:00,457.9199,264.5623,249.7274,256.2145,233.4048
2022-10-20 17:00:00,224.2025,112.8877,108.9688,109.2819,97.91711
2022-10-20 18:00:00,34.50802,6.9717,6.96823,7.012133,6.112449
2022-10-20 19:00:00,0.1266669,1.397946e-05,7.82834e-06,0,4.193772e-05
2022-10-20 20:00:00,0.495007,0,0,0,0
2022-10-20 21:00:00,0.858051,0,0,0,0
2022-10-20 22:00:00,0.725932,0,0,0,0
2022-10-20 23:00:00,0.3579571,0,0,0,0
2022-10-21 00:00:00,0.37125,0,0,0,0
2022-10-21 01:00:00,0.4542238,0,0,0,0
2022-10-21 02:00:00,0.3559845,0,0,0,0
2022-10-21 03:00:00,0.2083333,0,0,0,0
2022-10-21 04:00:00,0,0,0,0,0
2022-10-21 05:00:00,0.4186805,0,0,0,0
2022-10-21 06:00:00,0.149642,0,0,0,0
2022-10-21 07:00:00,6.352601,3.178343,2.564122,1.375243,1.003302
2022-10-21 08:00:00,189.3705,104.4634,96.00021,79.84998,81.71385
2022-10-21 09:00:00,479.0898,265.61,247.2826,257.0907,235.2055
2022-10-21 10:00:00,677.6431,376.6147,349.2484,367.6808,335.5284
2022-10-21 11:00:00,817.6021,443.6031,411.0822,431.2503,394.7664
2022-10-21 12:00:00,891.5276,476.3518,441.5562,462.7597,424.8438
2022-10-21 13:00:00,879.8945,474.2766,440.67,459.8077,424.6932
2022-10-21 14:00:00,797.2608,441.343,410.3241,425.2068,390.7873
2022-10-21 15:00:00,647.9022,369.8434,345.4691,356.0724,326.8167
2022-10-21 16:00:00,450.2577,258.2713,243.5245,250.0623,227.957
2022-10-21 17:00:00,216.0663,106.7492,102.6083,102.2748,92.26841
2022-10-21 18:00:00,29.45654,7.138396,6.174238,6.431486,5.552706
2022-10-21 19:00:00,0.4558558,0,2.195867e-05,1.945265e-05,0
2022-10-21 20:00:00,0.5652555,0,0,0,0
2022-10-21 21:00:00,0.6872335,0,0,0,0
2022-10-21 22:00:00,0.4365279,0,0,0,0
2022-10-21 23:00:00,0.645972,0,0,0,0
2022-10-22 00:00:00,0.710139,0,0,0,0
2022-10-22 01:00:00,0.542153,0,0,0,0
2022-10-22 02:00:00,0.7058335,0,0,0,0
2022-10-22 03:00:00,0.3327777,0,0,0,0
2022-10-22 04:00:00,0.646111,0,0,0,0
2022-10-22 05:00:00,0,0,0,0,0
2022-10-22 06:00:00,0.4219238,0,0,0,0
2022-10-22 07:00:00,7.678266,3.13126,2.724869,1.978481,1.387843
2022-10-22 08:00:00,131.4782,75.37434,67.51247,56.9706,54.47555
2022-10-22 09:00:00,346.2621,193.5344,182.1891,186.5361,170.3047
2022-10-22 10:00:00,630.7372,337.1708,314.3081,329.4121,298.3661
2022-10-22 11:00:00,796.1657,440.0129,408.3758,428.5308,392.9512
2022-10-22 12:00:00,866.2601,473.3376,439.2485,459.867,422.2965
2022-10-22 13:00:00,861.3984,473.3617,438.6806,457.5995,419.2057
2022-10-22 14:00:00,771.6999,431.9928,401.4752,417.8527,384.3967
2022-10-22 15:00:00,631.3385,357.3119,332.9064,344.853,316.7004
2022-10-22 16:00:00,433.446,246.6359,232.1122,239.2342,218.9792
2022-10-22 17:00:00,207.6465,99.86807,96.18382,95.18708,85.39131
2022-10-22 18:00:00,27.90047,5.810472,5.24359,5.630582,4.811571
2022-10-22 19:00:00,3.240741e-07,1.299434e-05,0,0,0
2022-10-22 20:00:00,0.2086805,0,0,0,0
2022-10-22 21:00:00,0.2083333,0,0,0,0
2022-10-22 22:00:00,0,0,0,0,0
2022-10-22 23:00:00,0.4356264,0,0,0,0
2022-10-23 00:00:00,0.4799291,0,0,0,0
2022-10-23 01:00:00,0.2504166,0,0,0,0
2022-10-23 02:00:00,0.2083333,0,0,0,0
2022-10-23 03:00:00,1.150069,0,0,0,0
2022-10-23 04:00:00,0,0,0,0,0
2022-10-23 05:00:00,0.7061135,0,0,0,0
2022-10-23 06:00:00,0.3131922,0,0,0,0
2022-10-23 07:00:00,5.412806,0.985457,0.6885744,0.5882469,0.5551037
2022-10-23 08:00:00,63.27763,38.43293,31.73666,28.63474,26.6638
2022-10-23 09:00:00,477.8362,263.0595,243.8711,251.7543,230.9592
2022-10-23 10:00:00,677.2755,380.4591,351.9987,371.7043,339.8925
2022-10-23 11:00:00,815.4528,452.5624,419.4657,441.3098,404.9531
2022-10-23 12:00:00,872.5543,482.1352,447.0335,469.6599,431.8151
2022-10-23 13:00:00,869.1712,479.4179,444.5488,464.2183,426.8702
2022-10-23 14:00:00,787.0515,444.4196,413.0546,429.1543,394.9898
2022-10-23 15:00:00,638.6262,369.5136,344.1417,356.0514,327.0345
2022-10-23 16:00:00,439.0092,255.9834,241.1495,247.773,226.7028
2022-10-23 17:00:00,211.0513,100.2105,97.85401,96.53837,86.66109
2022-10-23 18:00:00,27.35448,5.966733,5.297085,5.544239,4.712787
2022-10-23 19:00:00,1.666666e-06,0,0,1.962045e-05,0
2022-10-23 20:00:00,0.2347129,0,0,0,0
2022-10-23 21:00:00,0.2313953,0,0,0,0
2022-10-23 22:00:00,0.2083361,0,0,0,0
2022-10-23 23:00:00,0.3341638,0,0,0,0
2022-10-24 00:00:00,0.1266667,0,0,0,0
2022-10-24 01:00:00,0.3743778,0,0,0,0
2022-10-24 02:00:00,0.25,0,0,0,0
2022-10-24 03:00:00,0.4177778,0,0,0,0
2022-10-24 04:00:00,0.1048588,0,0,0,0
2022-10-24 05:00:00,2.314815e-06,0,0,0,0
2022-10-24 06:00:00,0.665486,0,0,0,0
2022-10-24 07:00:00,2.6336,0.08436252,0.07746085,0.04165537,0.04053647
2022-10-24 08:00:00,41.84769,20.45051,19.98722,19.50212,17.75488
2022-10-24 09:00:00,99.23245,55.27814,53.65271,52.90013,48.08467
2022-10-24 10:00:00,248.1287,151.2292,143.1991,139.489,121.8008
2022-10-24 11:00:00,786.3185,400.0556,374.1045,401.9508,365.1503
2022-10-24 12:00:00,745.044,450.0997,417.6548,410.4489,383.2831
2022-10-24 13:00:00,825.2212,433.6109,400.472,427.4052,396.903
2022-10-24 14:00:00,775.8059,426.2387,394.5767,411.7191,378.0998
2022-10-24 15:00:00,632.9592,358.3898,333.3522,344.8154,316.9411
2022-10-24 16:00:00,437.0085,247.1248,232.3468,239.2484,218.5907
2022-10-24 17:00:00,206.5322,94.76732,90.24368,90.13933,80.6501
2022-10-24 18:00:00,25.84502,4.759815,4.42683,4.584237,3.743134
2022-10-24 19:00:00,0,9.954175e-06,0,7.963537e-06,0
2022-10-24 20:00:00,0.2921528,0,0,0,0
2022-10-24 21:00:00,0.5208335,0,0,0,0
2022-10-24 22:00:00,0.4572917,0,0,0,0
2022-10-24 23:00:00,0.3733332,0,0,0,0
2022-10-25 00:00:00,0.4384611,0,0,0,0
2022-10-25 01:00:00,0.3118166,0,0,0,0
2022-10-25 02:00:00,0.1045139,0,0,0,0
2022-10-25 03:00:00,0.772765,0,0,0,0
2022-10-25 04:00:00,1.296297e-05,0,0,0,0
2022-10-25 05:00:00,0.50375,0,0,0,0
2022-10-25 06:00:00,0.978611,0,0,0,0
2022-10-25 07:00:00,7.156944,1.493421,1.041186,1.160187,1.001701
2022-10-25 08:00:00,98.14246,50.97046,47.90945,48.21291,43.77848
2022-10-25 09:00:00,240.8142,127.7223,119.1894,130.422,114.9048
2022-10-25 10:00:00,636.3754,344.0241,324.255,346.1323,314.4037
2022-10-25 11:00:00,789.001,424.7291,391.626,414.0002,379.053
2022-10-25 12:00:00,857.2457,455.9029,420.3851,442.0023,405.9785
2022-10-25 13:00:00,848.0674,451.3898,417.5399,437.0821,401.5121
2022-10-25 14:00:00,763.2847,414.9057,384.0521,401.1823,367.8258
2022-10-25 15:00:00,616.0361,344.9247,319.0812,331.3897,303.6532
2022-10-25 16:00:00,410.7314,230.4635,217.347,224.8281,204.8503
2022-10-25 17:00:00,99.88124,51.39065,48.89481,48.81643,43.63268
2022-10-25 18:00:00,14.94946,3.841801,2.900727,3.238211,2.70392
2022-10-25 19:00:00,0.912023,0,0,0,0
2022-10-25 20:00:00,0.605199,0,0,0,0
2022-10-25 21:00:00,0.2083333,0,0,0,0
2022-10-25 22:00:00,0,0,0,0,0
2022-10-25 23:00:00,0.6669445,0,0,0,0
2022-10-26 00:00:00,0.3729166,0,0,0,0
2022-10-26 01:00:00,0.1048611,0,0,0,0
2022-10-26 02:00:00,0.3551388,0,0,0,0
2022-10-26 03:00:00,0.1048588,0,0,0,0
2022-10-26 04:00:00,0.2083356,0,0,0,0
2022-10-26 05:00:00,0.2483361,0,0,0,0
2022-10-26 06:00:00,0.1258305,0,0,0,0
2022-10-26 07:00:00,6.937194,1.657381,1.444173,1.657433,1.49634
2022-10-26 08:00:00,57.91156,27.52733,26.82162,26.52324,24.24031
2022-10-26 09:00:00,113.3745,57.38157,55.89221,55.9611,50.33466
2022-10-26 10:00:00,285.5526,155.1124,140.5598,146.5846,128.8926
2022-10-26 11:00:00,582.3679,290.9389,278.4595,285.559,250.8793
2022-10-26 12:00:00,284.3681,171.1924,155.5973,162.2126,145.2428
2022-10-26 13:00:00,113.5561,59.05035,57.01569,57.07979,51.63851
2022-10-26 14:00:00,187.463,104.7697,100.2871,101.9937,93.81432
2022-10-26 15:00:00,272.4644,155.0702,146.9188,148.5296,129.6146
2022-10-26 16:00:00,196.6134,101.7756,101.2228,105.0592,96.62516
2022-10-26 17:00:00,90.22186,47.91927,47.26227,43.3911,38.42314
2022-10-26 18:00:00,8.849957,1.716877,1.467846,1.665712,1.279286
2022-10-26 19:00:00,1.858045e-07,0,0,0,0
2022-10-26 20:00:00,0.1468056,0,0,0,0
2022-10-26 21:00:00,0,0,0,0,0
2022-10-26 22:00:00,0,0,0,0,0
2022-10-26 23:00:00,0.1055555,0,0,0,0
2022-10-27 00:00:00,0.2072916,0,0,0,0
2022-10-27 01:00:00,0.2911805,0,0,0,0
2022-10-27 02:00:00,0,0,0,0,0
2022-10-27 03:00:00,0.1045139,0,0,0,0
2022-10-27 04:00:00,0.105206,0,0,0,0
2022-10-27 05:00:00,0.1468047,0,0,0,0
2022-10-27 06:00:00,0.2093783,0,0,0,0
2022-10-27 07:00:00,4.859532,1.245071,0.7462175,0.5231612,0.4300096
2022-10-27 08:00:00,183.9527,78.73778,68.7447,61.80449,58.82806
2022-10-27 09:00:00,397.2339,186.7618,175.4312,199.2993,178.9762
2022-10-27 10:00:00,543.6009,290.4745,269.2918,296.7567,260.9315
2022-10-27 11:00:00,396.0757,235.0697,220.8618,226.7204,200.7507
2022-10-27 12:00:00,571.7286,315.1445,297.4872,305.2403,285.8191
2022-10-27 13:00:00,788.2116,446.401,412.7622,421.687,383.0115
2022-10-27 14:00:00,610.2628,331.1652,309.3149,319.7379,293.8817
2022-10-27 15:00:00,377.8803,217.7388,208.3917,212.9577,197.4084
2022-10-27 16:00:00,292.4328,174.0457,167.7425,163.39,151.6983
2022-10-27 17:00:00,98.595,56.31876,55.39864,53.04409,46.46756
2022-10-27 18:00:00,5.815465,0.8852897,0.7227625,0.7422943,0.5914
2022-10-27 19:00:00,0,0,0,0,0
2022-10-27 20:00:00,0.8730555,0,0,0,0
2022-10-27 21:00:00,0.3741666,0,0,0,0
2022-10-27 22:00:00,0.561111,0,0,0,0
2022-10-27 23:00:00,0.37125,0,0,0,0
2022-10-28 00:00:00,0,0,0,0,0
2022-10-28 01:00:00,0.1677742,0,0,0,0
2022-10-28 02:00:00,3.716091e-06,0,0,0,0
2022-10-28 03:00:00,0.6233335,0,0,0,0
2022-10-28 04:00:00,0,0,0,0,0
2022-10-28 05:00:00,0.2313796,0,0,0,0
2022-10-28 06:00:00,0.3138981,0,0,0,0
2022-10-28 07:00:00,4.638013,0.6883612,0.433562,0.345694,0.3432571
2022-10-28 08:00:00,169.9577,66.76198,58.36665,50.85045,48.8606
2022-10-28 09:00:00,437.7246,239.9678,220.5287,229.0853,209.2557
2022-10-28 10:00:00,559.8259,325.6065,295.7762,316.8221,281.6015
2022-10-28 11:00:00,401.2983,240.8625,228.6708,229.3304,209.5906
2022-10-28 12:00:00,507.7372,272.9109,254.9715,258.1231,235.7787
2022-10-28 13:00:00,708.0495,407.8723,376.1462,389.1447,357.9449
2022-10-28 14:00:00,649.0917,367.6705,345.0525,356.8985,321.1883
2022-10-28 15:00:00,213.7799,118.492,112.9858,114.6046,102.9003
2022-10-28 16:00:00,98.01759,52.0994,49.89838,50.21795,45.38954
2022-10-28 17:00:00,35.3368,14.19135,13.578,13.43008,11.96431
2022-10-28 18:00:00,5.55321,0.6746804,0.5287664,0.5776767,0.4891297
2022-10-28 19:00:00,0,0,0,0,0
2022-10-28 20:00:00,0,0,0,0,0
2022-10-28 21:00:00,0.1245833,0,0,0,0
2022-10-28 22:00:00,0,0,0,0,0
2022-10-28 23:00:00,0.4994445,0,0,0,0
2022-10-29 00:00:00,0.37375,0,0,0,0
2022-10-29 01:00:00,0.3754139,0,0,0,0
2022-10-29 02:00:00,0.3131973,0,0,0,0
2022-10-29 03:00:00,0.2083333,0,0,0,0
2022-10-29 04:00:00,0.3762499,0,0,0,0
2022-10-29 05:00:00,0,0,0,0,0
2022-10-29 06:00:00,0.8531275,0,0,0,0
2022-10-29 07:00:00,1.333505,0.004103187,0.005398897,0.007126733,0.005183057
2022-10-29 08:00:00,15.40125,1.816058,1.843997,1.876173,1.599536
2022-10-29 09:00:00,49.09541,24.13194,23.28605,23.27362,21.19008
2022-10-29 10:00:00,85.35827,44.56303,43.68771,43.06084,39.1115
2022-10-29 11:00:00,112.1646,59.66081,56.65002,56.87346,51.22183
2022-10-29 12:00:00,151.0019,87.35458,83.94328,85.12908,76.66175
2022-10-29 13:00:00,163.9925,87.5873,84.53109,84.8521,76.22456
2022-10-29 14:00:00,161.5609,89.18887,85.57216,85.03233,76.40241
2022-10-29 15:00:00,139.1183,75.58403,72.62499,71.88506,64.94897
2022-10-29 16:00:00,89.21871,48.22188,46.27462,46.36549,41.96465
2022-10-29 17:00:00,33.21883,14.27432,13.5353,13.41817,11.51082
2022-10-29 18:00:00,2.867217,0.1146254,0.07935423,0.09097032,0.05015295
2022-10-29 19:00:00,0.3531972,0,0,0,0
2022-10-29 20:00:00,0.4376361,0,0,0,0
2022-10-29 21:00:00,0.4781944,0,0,0,0
2022-10-29 22:00:00,0.7516665,0,0,0,0
2022-10-29 23:00:00,0.3552754,0,0,0,0
2022-10-30 00:00:00,2.322556e-06,0,0,0,0
2022-10-30 01:00:00,0.2318749,0,0,0,0
2022-10-30 02:00:00,0.3114584,0,0,0,0
2022-10-30 03:00:00,0.4163218,0,0,0,0
2022-10-30 04:00:00,0.60472,0,0,0,0
2022-10-30 05:00:00,0.5618055,0,0,0,0
2022-10-30 06:00:00,0.6204415,0,0,0,0
2022-10-30 07:00:00,3.59155,0.3356003,0.2725075,0.3346418,0.3167463
2022-10-30 08:00:00,49.27158,24.78708,23.03559,23.53375,21.03403
2022-10-30 09:00:00,111.5143,58.25483,55.7411,56.15653,50.6961
2022-10-30 10:00:00,150.2334,83.32838,80.03038,79.97189,71.94273
2022-10-30 11:00:00,297.0656,167.7378,159.0469,161.1586,145.0423
2022-10-30 12:00:00,226.3984,130.0205,122.8756,123.7701,110.8099
2022-10-30 13:00:00,215.6683,117.4665,112.4741,113.6449,102.8274
2022-10-30 14:00:00,194.4605,106.315,102.7425,103.5585,93.14118
2022-10-30 15:00:00,207.1219,117.0995,110.306,112.9258,101.3203
2022-10-30 16:00:00,113.1307,61.05472,59.25161,58.94131,53.26918
2022-10-30 17:00:00,57.75066,28.40793,27.33933,27.32655,24.18439
2022-10-30 18:00:00,5.544745,0.7686547,0.6833536,0.6062488,0.4091981
2022-10-30 19:00:00,0.1038195,0,0,0,0
2022-10-30 20:00:00,0.1262473,0,0,0,0
2022-10-30 21:00:00,2.787067e-06,0,0,0,0
2022-10-30 22:00:00,0,0,0,0,0
2022-10-30 23:00:00,0.1048588,0,0,0,0
2022-10-31 00:00:00,0.4384745,0,0,0,0
2022-10-31 01:00:00,0.51806,0,0,0,0
2022-10-31 02:00:00,0.666248,0,0,0,0
2022-10-31 03:00:00,0.1258305,0,0,0,0
2022-10-31 04:00:00,0.25,0,0,0,0
2022-10-31 05:00:00,0.3311149,0,0,0,0
2022-10-31 06:00:00,0.6884685,0,0,0,0
2022-10-31 07:00:00,4.788167,1.013184,0.7508784,0.643768,0.5159851
2022-10-31 08:00:00,63.42214,28.20993,25.09339,24.72754,22.05207
2022-10-31 09:00:00,463.109,256.9922,238.7231,244.3464,220.8031
2022-10-31 10:00:00,260.0513,145.1186,136.3559,140.5899,125.1935
2022-10-31 11:00:00,365.4191,203.0421,189.574,188.8887,174.7844
2022-10-31 12:00:00,248.6427,143.0155,137.2874,134.8708,122.1622
2022-10-31 13:00:00,368.6995,211.4252,195.6037,199.0768,177.3877
2022-10-31 14:00:00,363.0561,204.8258,197.4854,198.6124,179.8203
2022-10-31 15:00:00,188.015,99.71183,95.21688,92.06117,82.87918
2022-10-31 16:00:00,324.8351,168.0861,154.4878,163.9739,148.9741
2022-10-31 17:00:00,87.02316,39.59244,38.83432,37.85316,33.80526
2022-10-31 18:00:00,2.09483,0.0421369,0.03495564,0.03692573,0.02342996
2022-10-31 19:00:00,0,0,0,0,0
2022-10-31 20:00:00,0.3111111,0,0,0,0
2022-10-31 21:00:00,0.3114583,0,0,0,0
2022-10-31 22:00:00,0,0,0,0,0
2022-10-31 23:00:00,0.6225695,0,0,0,0
