Cotten Farm,Unnamed: 1,Unnamed: 2,Unnamed: 3,Unnamed: 4,Unnamed: 5,Unnamed: 6,Unnamed: 7
,,,,,,,
Timestamp,POA*,"SMA SC-800CP-US - A1, Pac","SMA SC-800CP-US - A2, Pac","SMA SC-800CP-US - B1, Pac","SMA SC-800CP-US - B2, Pac","SMA SC-800CP-US - C1, Pac","SMA SC-800CP-US - C2, Pac"
,W/mÂ²,kW,kW,kW,kW,kW,kW
2022-10-01 00:00:00,0,0,0,0,0,0,0
2022-10-01 01:00:00,0,0,0,0,0,0,0
2022-10-01 02:00:00,0,0,0,0,0,0,0
2022-10-01 03:00:00,0,0,0,0,0,0,0
2022-10-01 04:00:00,0,0,0,0,0,0,0
2022-10-01 05:00:00,0,0,0,0,0,0,0
2022-10-01 06:00:00,0,0,0,0,0,0,0
2022-10-01 07:00:00,12.20058,7.210803,6.92425,7.155222,7.200158,6.644875,7.470585
2022-10-01 08:00:00,71.95766,63.46732,59.80583,62.22189,63.17279,60.06236,64.15971
2022-10-01 09:00:00,78.71259,72.44086,69.21143,72.11042,74.25836,70.08975,74.85433
2022-10-01 10:00:00,133.1995,122.1138,118.5672,119.1799,121.4109,116.3945,125.8218
2022-10-01 11:00:00,176.362,150.34,143.2314,153.7735,154.3643,145.7713,145.2771
2022-10-01 12:00:00,194.6753,173.707,165.5919,170.2327,172.7758,162.9014,170.8018
2022-10-01 13:00:00,219.4553,191.5547,179.6653,189.5885,193.6646,180.3258,190.0121
2022-10-01 14:00:00,202.6016,175.5975,167.3955,173.9594,177.9669,167.6767,174.9263
2022-10-01 15:00:00,143.4881,125.0182,120.5997,125.0956,127.0802,119.5181,127.0473
2022-10-01 16:00:00,115.4858,104.6206,100.6374,102.38,104.3392,99.19717,106.4566
2022-10-01 17:00:00,75.93094,67.0022,64.2326,66.08691,68.05365,64.21384,68.7169
2022-10-01 18:00:00,18.44596,16.57863,16.28633,15.99932,16.3497,15.82798,17.29173
2022-10-01 19:00:00,0,0,0,0,0,0,0
2022-10-01 20:00:00,0,0,0,0,0,0,0
2022-10-01 21:00:00,0,0,0,0,0,0,0
2022-10-01 22:00:00,0,0,0,0,0,0,0
2022-10-01 23:00:00,0,0,0,0,0,0,0
2022-10-02 00:00:00,0,0,0,0,0,0,0
2022-10-02 01:00:00,0,0,0,0,0,0,0
2022-10-02 02:00:00,0,0,0,0,0,0,0
2022-10-02 03:00:00,0,0,0,0,0,0,0
2022-10-02 04:00:00,0,0,0,0,0,0,0
2022-10-02 05:00:00,0,0,0,0,0,0,0
2022-10-02 06:00:00,0,0,0,0,0,0,0
2022-10-02 07:00:00,22.66263,11.914,8.776297,16.43783,16.05245,10.14013,9.443117
2022-10-02 08:00:00,187.4097,151.8188,119.8558,162.6307,147.977,138.2432,119.1103
2022-10-02 09:00:00,277.2249,255.7206,242.1334,243.4979,246.5448,241.2042,263.4319
2022-10-02 10:00:00,445.3801,429.5169,428.2437,423.9196,412.6075,389.6251,438.1328
2022-10-02 11:00:00,351.7773,330.5651,323.3015,328.0377,327.5368,323.1781,337.3887
2022-10-02 12:00:00,248.8645,218.9871,208.2044,212.5131,215.7614,204.1683,218.9706
2022-10-02 13:00:00,253.6642,223.4808,211.7711,218.4449,221.4823,207.8506,220.7528
2022-10-02 14:00:00,80.20262,77.14885,73.97971,76.07908,78.65742,74.46994,79.72626
2022-10-02 15:00:00,81.32255,77.14748,73.30346,74.86179,76.80854,73.25973,78.96581
2022-10-02 16:00:00,53.97228,51.39676,49.00467,49.98259,51.22284,48.50544,52.10143
2022-10-02 17:00:00,25.39353,23.19505,21.96176,22.87253,23.41539,22.04014,23.40504
2022-10-02 18:00:00,2.209699,0.8699825,0.324557,0.5287615,0.521637,0.4992287,0.353282
2022-10-02 19:00:00,0,0,0,0,0,0,0
2022-10-02 20:00:00,0,0,0,0,0,0,0
2022-10-02 21:00:00,0,0,0,0,0,0,0
2022-10-02 22:00:00,0,0,0,0,0,0,0
2022-10-02 23:00:00,0,0,0,0,0,0,0
2022-10-03 00:00:00,0,0,0,0,0,0,0
2022-10-03 01:00:00,0,0,0,0,0,0,0
2022-10-03 02:00:00,0,0,0,0,0,0,0
2022-10-03 03:00:00,0,0,0,0,0,0,0
2022-10-03 04:00:00,0,0,0,0,0,0,0
2022-10-03 05:00:00,0,0,0,0,0,0,0
2022-10-03 06:00:00,0,0,0,0,0,0,0
2022-10-03 07:00:00,6.156153,3.208764,3.069162,3.169793,3.228204,3.04942,3.997811
2022-10-03 08:00:00,37.03054,32.75502,30.45935,31.82759,33.43251,30.98542,33.51131
2022-10-03 09:00:00,81.44643,74.82258,71.17711,72.28899,73.32787,69.45561,74.37088
2022-10-03 10:00:00,157.1316,141.0774,134.4627,136.8019,139.7234,131.8272,140.5686
2022-10-03 11:00:00,318.1711,292.7197,300.4354,274.4369,281.0594,274.4117,199.7622
2022-10-03 12:00:00,530.4305,326.1517,289.2345,323.5386,320.3528,356.3961,467.075
2022-10-03 13:00:00,752.3619,614.9035,611.0565,633.3411,681.1257,667.8291,718.0376
2022-10-03 14:00:00,980.1976,831.0627,829.3582,826.6766,806.834,800.7338,799.5519
2022-10-03 15:00:00,822.5455,713.9106,695.2051,710.9442,725.0975,683.9071,705.7086
2022-10-03 16:00:00,613.2266,535.4254,532.0291,541.2599,557.1385,486.4786,527.5088
2022-10-03 17:00:00,363.7144,294.6574,296.7308,294.7246,307.5463,281.6467,310.4188
2022-10-03 18:00:00,75.9593,52.17582,41.1003,51.71776,46.42722,43.2417,47.78724
2022-10-03 19:00:00,0,0,0,0,0,0,0
2022-10-03 20:00:00,0,0,0,0,0,0,0
2022-10-03 21:00:00,0,0,0,0,0,0,0
2022-10-03 22:00:00,0,0,0,0,0,0,0
2022-10-03 23:00:00,0,0,0,0,0,0,0
2022-10-04 00:00:00,0,0,0,0,0,0,0
2022-10-04 01:00:00,0,0,0,0,0,0,0
2022-10-04 02:00:00,0,0,0,0,0,0,0
2022-10-04 03:00:00,0,0,0,0,0,0,0
2022-10-04 04:00:00,0,0,0,0,0,0,0
2022-10-04 05:00:00,0,0,0,0,0,0,0
2022-10-04 06:00:00,0,0,0,0,0,0,0
2022-10-04 07:00:00,20.38738,12.42206,9.187124,16.86634,16.5968,10.26398,8.609676
2022-10-04 08:00:00,210.6004,192.3522,143.5954,203.3633,194.2602,185.3006,147.1898
2022-10-04 09:00:00,463.7602,488.9291,448.4669,458.6255,454.5464,451.8805,449.5168
2022-10-04 10:00:00,692.5165,691.9125,659.6519,660.5751,665.8806,649.259,691.9297
2022-10-04 11:00:00,873.119,818.0364,792.8975,795.9187,805.2329,779.1613,818.8948
2022-10-04 12:00:00,974.6714,832.8381,832.9432,832.8964,832.8868,832.3323,832.9523
2022-10-04 13:00:00,998.6045,832.8467,832.978,832.9218,832.8914,832.9327,833.0009
2022-10-04 14:00:00,944.6403,824.4647,815.2339,817.5756,828.1494,800.6265,831.522
2022-10-04 15:00:00,819.77,720.2369,706.1753,712.0517,737.3636,687.8843,746.3902
2022-10-04 16:00:00,613.4085,530.4528,526.3209,532.1406,557.5612,511.0958,555.7936
2022-10-04 17:00:00,362.2328,284.1237,277.1799,291.8926,305.1683,276.4968,301.8643
2022-10-04 18:00:00,86.01539,55.93117,38.54097,55.02605,45.63268,42.47798,46.68115
2022-10-04 19:00:00,0,0.01744144,0,0,0,0,0
2022-10-04 20:00:00,0,0,0,0,0,0,0
2022-10-04 21:00:00,0,0,0,0,0,0,0
2022-10-04 22:00:00,0,0,0,0,0,0,0
2022-10-04 23:00:00,0,0,0,0,0,0,0
2022-10-05 00:00:00,0,0,0,0,0,0,0
2022-10-05 01:00:00,0,0,0,0,0,0,0
2022-10-05 02:00:00,0,0,0,0,0,0,0
2022-10-05 03:00:00,0,0,0,0,0,0,0
2022-10-05 04:00:00,0,0,0,0,0,0,0
2022-10-05 05:00:00,0,0,0,0,0,0,0
2022-10-05 06:00:00,0,0,0,0,0,0,0
2022-10-05 07:00:00,21.21141,11.53533,8.728007,15.46601,15.27162,9.852471,8.664554
2022-10-05 08:00:00,204.2898,190.9177,140.4607,202.7919,193.5477,183.6787,143.9275
2022-10-05 09:00:00,451.8221,477.5401,434.1883,447.0078,444.9058,441.1909,437.9237
2022-10-05 10:00:00,678.1949,673.9297,639.0057,641.7856,645.9796,628.5909,672.2991
2022-10-05 11:00:00,850.8707,803.7138,775.9432,777.6407,788.6181,761.5197,810.0744
2022-10-05 12:00:00,954.6492,832.8755,830.9822,831.6996,833.0067,823.1342,832.9819
2022-10-05 13:00:00,979.3964,832.9161,832.2802,832.9531,832.9832,824.8781,832.7456
2022-10-05 14:00:00,925.5369,807.4099,789.278,795.0457,814.3372,772.4995,822.3818
2022-10-05 15:00:00,793.0157,688.418,676.837,683.9553,706.837,659.743,715.0834
2022-10-05 16:00:00,594.2294,511.2846,505.2816,513.5087,535.3145,489.3216,532.4374
2022-10-05 17:00:00,345.8913,270.1414,261.8946,278.1549,290.0999,262.4091,287.2499
2022-10-05 18:00:00,76.70252,49.60269,32.68567,48.26392,39.20352,36.85781,40.23389
2022-10-05 19:00:00,0,0,0,0,0,0,0
2022-10-05 20:00:00,0,0,0,0,0,0,0
2022-10-05 21:00:00,0,0,0,0,0,0,0
2022-10-05 22:00:00,0,0,0,0,0,0,0
2022-10-05 23:00:00,0,0,0,0,0,0,0
2022-10-06 00:00:00,0,0,0,0,0,0,0
2022-10-06 01:00:00,0,0,0,0,0,0,0
2022-10-06 02:00:00,0,0,0,0,0,0,0
2022-10-06 03:00:00,0,0,0,0,0,0,0
2022-10-06 04:00:00,0,0,0,0,0,0,0
2022-10-06 05:00:00,0,0,0,0,0,0,0
2022-10-06 06:00:00,0,0,0,0,0,0,0
2022-10-06 07:00:00,21.6873,11.07965,8.566786,14.49125,14.13958,8.791202,6.895848
2022-10-06 08:00:00,201.373,182.4473,134.3077,194.4678,185.9836,175.7967,137.7111
2022-10-06 09:00:00,438.9904,464.6522,425.5021,435.4726,433.6193,429.2788,425.5494
2022-10-06 10:00:00,655.8941,645.1211,614.8826,616.4533,623.6497,603.7998,645.7488
2022-10-06 11:00:00,829.2019,767.6127,737.186,742.8876,755.6932,710.7274,776.4574
2022-10-06 12:00:00,939.5669,828.5687,802.1102,813.4945,825.4307,789.3936,831.3961
2022-10-06 13:00:00,962.0045,829.8856,806.1082,817.4102,832.2692,793.0956,833.0124
2022-10-06 14:00:00,737.82,652.0556,628.5859,653.5663,614.8917,545.3292,603.0782
2022-10-06 15:00:00,571.6171,505.5172,499.8329,499.5897,475.7515,518.3929,608.5199
2022-10-06 16:00:00,289.5948,255.1715,235.8358,246.0546,213.5285,210.5903,215.1033
2022-10-06 17:00:00,320.8961,241.7451,228.7216,251.5721,256.2593,232.7933,252.9811
2022-10-06 18:00:00,66.5536,42.36827,28.58071,42.01389,35.2307,32.70161,34.96844
2022-10-06 19:00:00,0,0,0,0,0,0,0
2022-10-06 20:00:00,0,0,0,0,0,0,0
2022-10-06 21:00:00,0,0,0,0,0,0,0
2022-10-06 22:00:00,0,0,0,0,0,0,0
2022-10-06 23:00:00,0,0,0,0,0,0,0
2022-10-07 00:00:00,0,0,0,0,0,0,0
2022-10-07 01:00:00,0,0,0,0,0,0,0
2022-10-07 02:00:00,0,0,0,0,0,0,0
2022-10-07 03:00:00,0,0,0,0,0,0,0
2022-10-07 04:00:00,0,0,0,0,0,0,0
2022-10-07 05:00:00,0,0,0,0,0,0,0
2022-10-07 06:00:00,0,0,0,0,0,0,0
2022-10-07 07:00:00,20.53493,11.39548,9.006752,13.84532,13.44234,8.434752,9.514897
2022-10-07 08:00:00,196.7978,175.7787,129.0824,186.9882,178.9768,169.2428,133.4392
2022-10-07 09:00:00,431.9996,455.4443,413.7104,426.8814,425.1,421.2857,415.9467
2022-10-07 10:00:00,656.7651,640.5343,605.1355,612.3799,617.0405,596.225,636.3446
2022-10-07 11:00:00,831.5696,762.4949,728.0915,735.8723,749.3415,718.3617,767.8809
2022-10-07 12:00:00,938.5016,824.5519,794.6475,803.0863,819.6152,779.1984,829.8104
2022-10-07 13:00:00,962.3624,826.8199,799.3644,809.9278,829.4125,783.7321,832.7134
2022-10-07 14:00:00,901.4261,768.9573,745.0339,756.1473,779.7297,729.9658,787.8217
2022-10-07 15:00:00,756.1214,643.83,628.5956,643.7524,664.787,613.9701,663.7213
2022-10-07 16:00:00,555.3212,465.6532,460.1914,466.9928,490.4341,448.4477,488.6119
2022-10-07 17:00:00,260.2265,203.1093,198.0903,208.4229,217.8484,196.6005,214.6785
2022-10-07 18:00:00,63.47702,43.81789,33.4807,43.92643,38.79145,35.68997,38.27248
2022-10-07 19:00:00,0,0,0,0,0,0,0
2022-10-07 20:00:00,0,0,0,0,0,0,0
2022-10-07 21:00:00,0,0,0,0,0,0,0
2022-10-07 22:00:00,0,0,0,0,0,0,0
2022-10-07 23:00:00,0,0,0,0,0,0,0
2022-10-08 00:00:00,0,0,0,0,0,0,0
2022-10-08 01:00:00,0,0,0,0,0,0,0
2022-10-08 02:00:00,0,0,0,0,0,0,0
2022-10-08 03:00:00,0,0,0,0,0,0,0
2022-10-08 04:00:00,0,0,0,0,0,0,0
2022-10-08 05:00:00,0,0,0,0,0,0,0
2022-10-08 06:00:00,0,0,0,0,0,0,0
2022-10-08 07:00:00,24.64894,19.92798,17.35655,19.66107,20.16413,16.93616,17.95617
2022-10-08 08:00:00,199.4551,175.1043,144.4505,181.2079,176.1031,168.1086,151.2071
2022-10-08 09:00:00,303.6841,304.1995,279.7927,297.4249,294.4157,289.1978,293.2094
2022-10-08 10:00:00,458.6445,482.3844,488.0219,448.9227,430.681,416.3063,439.3384
2022-10-08 11:00:00,647.4409,588.2793,624.4462,565.1276,556.9688,579.2087,597.6474
2022-10-08 12:00:00,831.9764,694.8992,630.4663,749.2789,722.5723,705.999,577.3615
2022-10-08 13:00:00,748.3927,593.1089,582.2817,592.4985,631.0968,597.0168,627.2056
2022-10-08 14:00:00,870.2001,754.6196,766.535,765.3868,796.074,747.085,769.6842
2022-10-08 15:00:00,665.7416,567.6121,585.9797,586.251,613.4846,600.9946,647.2478
2022-10-08 16:00:00,493.314,417.5655,391.2288,412.6411,415.3133,376.6355,423.2497
2022-10-08 17:00:00,203.4906,164.0952,154.1733,159.1988,180.4729,164.1021,184.7176
2022-10-08 18:00:00,31.32286,26.6601,22.00507,25.85775,24.6182,22.74583,23.38178
2022-10-08 19:00:00,0,0,0,0,0,0,0
2022-10-08 20:00:00,0,0,0,0,0,0,0
2022-10-08 21:00:00,0,0,0,0,0,0,0
2022-10-08 22:00:00,0,0,0,0,0,0,0
2022-10-08 23:00:00,0,0,0,0,0,0,0
2022-10-09 00:00:00,0,0,0,0,0,0,0
2022-10-09 01:00:00,0,0,0,0,0,0,0
2022-10-09 02:00:00,0,0,0,0,0,0,0
2022-10-09 03:00:00,0,0,0,0,0,0,0
2022-10-09 04:00:00,0,0,0,0,0,0,0
2022-10-09 05:00:00,0,0,0,0,0,0,0
2022-10-09 06:00:00,0,0,0,0,0,0,0
2022-10-09 07:00:00,17.62695,5.885058,4.674803,13.66308,6.984279,6.30504,5.36331
2022-10-09 08:00:00,201.058,182.3489,135.2592,193.9434,185.9966,175.7527,138.4095
2022-10-09 09:00:00,446.0026,476.3316,432.6493,444.7968,443.0547,440.7169,433.286
2022-10-09 10:00:00,671.8212,673.7214,639.4222,642.3468,650.8652,634.3051,674.434
2022-10-09 11:00:00,842.9081,799.2369,763.6248,771.2972,786.0372,749.0472,805.3275
2022-10-09 12:00:00,945.3488,832.9453,821.7587,829.3067,832.8527,747.7356,832.9547
2022-10-09 13:00:00,968.9219,832.9053,824.5323,829.6234,832.9702,747.9975,832.9371
2022-10-09 14:00:00,913.7545,795.6324,774.5361,782.4462,807.6407,698.3372,814.5194
2022-10-09 15:00:00,737.4318,623.3718,605.572,631.0116,643.1215,537.5405,636.7993
2022-10-09 16:00:00,546.2402,472.2319,474.8955,479.224,501.3312,428.6151,504.5728
2022-10-09 17:00:00,307.0804,240.8798,233.5601,244.8691,256.8484,214.169,253.4903
2022-10-09 18:00:00,44.83913,30.81603,24.11486,30.32067,28.13037,23.4744,27.10223
2022-10-09 19:00:00,0,0,0,0,0,0,0
2022-10-09 20:00:00,0,0,0,0,0,0,0
2022-10-09 21:00:00,0,0,0,0,0,0,0
2022-10-09 22:00:00,0,0,0,0,0,0,0
2022-10-09 23:00:00,0,0,0,0,0,0,0
2022-10-10 00:00:00,0,0,0,0,0,0,0
2022-10-10 01:00:00,0,0,0,0,0,0,0
2022-10-10 02:00:00,0,0,0,0,0,0,0
2022-10-10 03:00:00,0,0,0,0,0,0,0
2022-10-10 04:00:00,0,0,0,0,0,0,0
2022-10-10 05:00:00,0,0,0,0,0,0,0
2022-10-10 06:00:00,0,0,0,0,0,0,0
2022-10-10 07:00:00,3.037058,0,0,0,0,0,0
2022-10-10 08:00:00,31.16266,27.30445,25.89478,26.87579,27.74417,26.25003,27.93529
2022-10-10 09:00:00,145.3006,128.5726,122.7188,125.4375,128.5934,122.9813,131.267
2022-10-10 10:00:00,310.9911,276.6122,263.5537,270.6844,278.1412,260.8453,269.4933
2022-10-10 11:00:00,824.5347,723.7812,681.321,713.0545,722.4187,669.8965,706.5457
2022-10-10 12:00:00,620.6246,549.6329,522.4537,531.1995,415.4062,514.2804,414.6133
2022-10-10 13:00:00,657.5323,532.8376,504.9332,526.4879,518.0305,463.9546,495.1422
2022-10-10 14:00:00,785.6624,643.0403,631.5251,651.1996,638.7081,607.3619,662.9928
2022-10-10 15:00:00,817.7255,692.7164,656.9937,686.7562,706.7875,640.0586,677.2892
2022-10-10 16:00:00,622.6138,489.6263,435.7343,506.0535,522.1236,450.1812,476.295
2022-10-10 17:00:00,198.2956,153.7092,151.3253,158.025,172.5234,159.1049,175.4975
2022-10-10 18:00:00,12.35177,13.84304,12.80529,13.67465,14.32918,13.35823,13.85719
2022-10-10 19:00:00,0,0,0,0,0,0,0
2022-10-10 20:00:00,0,0,0,0,0,0,0
2022-10-10 21:00:00,0,0,0,0,0,0,0
2022-10-10 22:00:00,0,0,0,0,0,0,0
2022-10-10 23:00:00,0,0,0,0,0,0,0
2022-10-11 00:00:00,0,0,0,0,0,0,0
2022-10-11 01:00:00,0,0,0,0,0,0,0
2022-10-11 02:00:00,0,0,0,0,0,0,0
2022-10-11 03:00:00,0,0,0,0,0,0,0
2022-10-11 04:00:00,0,0,0,0,0,0,0
2022-10-11 05:00:00,0,0,0,0,0,0,0
2022-10-11 06:00:00,0,0,0,0,0,0,0
2022-10-11 07:00:00,14.81604,10.73775,8.752959,11.06255,11.72286,8.505832,8.052905
2022-10-11 08:00:00,193.8313,175.2236,127.5726,188.9043,180.9458,169.7381,131.5786
2022-10-11 09:00:00,435.416,465.7021,421.5167,435.3398,434.0504,430.8647,420.0854
2022-10-11 10:00:00,664.0897,655.0616,619.0873,625.7949,633.5518,613.6946,651.6888
2022-10-11 11:00:00,839.7524,787.0325,748.8136,760.4109,774.6307,743.6815,792.6282
2022-10-11 12:00:00,902.6749,808.6676,785.104,791.4323,802.4423,776.5972,818.6793
2022-10-11 13:00:00,924.1354,799.3837,776.7208,787.7509,805.5262,773.0268,816.3696
2022-10-11 14:00:00,865.8325,749.3411,724.4706,737.7945,757.2714,711.6957,764.8744
2022-10-11 15:00:00,645.2453,557.5837,548.5601,560.53,576.8167,538.7639,586.1337
2022-10-11 16:00:00,550.6904,469.7,465.4973,474.932,508.284,456.3303,499.0164
2022-10-11 17:00:00,210.0509,169.9756,165.567,172.1066,180.2035,159.6261,172.419
2022-10-11 18:00:00,34.60332,25.64985,18.34278,24.62159,21.48005,19.28084,20.24165
2022-10-11 19:00:00,0,0,0,0,0,0,0
2022-10-11 20:00:00,0,0,0,0,0,0,0
2022-10-11 21:00:00,0,0,0,0,0,0,0
2022-10-11 22:00:00,0,0,0,0,0,0,0
2022-10-11 23:00:00,0,0,0,0,0,0,0
2022-10-12 00:00:00,0,0,0,0,0,0,0
2022-10-12 01:00:00,0,0,0,0,0,0,0
2022-10-12 02:00:00,0,0,0,0,0,0,0
2022-10-12 03:00:00,0,0,0,0,0,0,0
2022-10-12 04:00:00,0,0,0,0,0,0,0
2022-10-12 05:00:00,0,0,0,0,0,0,0
2022-10-12 06:00:00,0,0,0,0,0,0,0
2022-10-12 07:00:00,16.05608,11.5052,10.94868,10.99735,11.14696,10.71383,11.38859
2022-10-12 08:00:00,96.26639,83.0465,78.38136,77.52171,77.5472,73.61372,78.2801
2022-10-12 09:00:00,308.8406,310.4526,296.9318,290.5488,288.5714,274.4442,266.4488
2022-10-12 10:00:00,477.6491,458.9532,440.0956,426.2384,425.8713,415.1589,433.1449
2022-10-12 11:00:00,686.7524,630.5112,650.1879,629.9041,631.1433,604.7778,705.274
2022-10-12 12:00:00,706.3137,636.0343,634.5739,639.9331,663.3649,644.7653,665.9773
2022-10-12 13:00:00,650.6425,518.3942,496.1039,510.0757,505.5975,466.7266,517.9496
2022-10-12 14:00:00,569.2842,475.7715,465.1198,478.111,449.705,387.6822,443.9
2022-10-12 15:00:00,347.7142,296.5914,288.1638,288.3343,311.2922,274.3563,301.6932
2022-10-12 16:00:00,350.6848,305.4887,298.0735,296.2356,320.0964,252.1279,263.6885
2022-10-12 17:00:00,126.6333,104.1183,110.3889,101.8558,107.2623,98.33441,120.5144
2022-10-12 18:00:00,4.734697,4.20294,2.468425,3.878583,4.033045,3.359778,3.967235
2022-10-12 19:00:00,0,0,0,0,0,0,0
2022-10-12 20:00:00,0,0,0,0,0,0,0
2022-10-12 21:00:00,0,0,0,0,0,0,0
2022-10-12 22:00:00,0,0,0,0,0,0,0
2022-10-12 23:00:00,0,0,0,0,0,0,0
2022-10-13 00:00:00,0,0,0,0,0,0,0
2022-10-13 01:00:00,0,0,0,0,0,0,0
2022-10-13 02:00:00,0,0,0,0,0,0,0
2022-10-13 03:00:00,0,0,0,0,0,0,0
2022-10-13 04:00:00,0,0,0,0,0,0,0
2022-10-13 05:00:00,0,0,0,0,0,0,0
2022-10-13 06:00:00,0,0,0,0,0,0,0
2022-10-13 07:00:00,4.193162,0,0,0,0,0,0
2022-10-13 08:00:00,41.37415,33.64595,31.88757,32.93495,33.27311,31.32625,33.2394
2022-10-13 09:00:00,90.60264,77.68252,74.29749,75.6838,77.40282,72.62066,78.47787
2022-10-13 10:00:00,152.0193,132.1678,126.9992,128.8224,132.2751,125.7633,135.0811
2022-10-13 11:00:00,228.3176,199.4855,192.2197,193.467,195.7287,186.4921,201.9171
2022-10-13 12:00:00,486.0323,403.9893,383.5184,391.8449,399.2511,382.5515,414.0513
2022-10-13 13:00:00,267.5672,231.4125,220.6792,225.4261,231.9328,219.3272,234.5317
2022-10-13 14:00:00,283.988,247.3782,240.8331,239.8804,247.9363,236.5484,257.2097
2022-10-13 15:00:00,216.0679,184.9966,177.6664,180.536,186.9852,175.9527,188.8613
2022-10-13 16:00:00,318.4723,273.2056,272.6234,262.3813,279.1442,265.0039,298.8768
2022-10-13 17:00:00,214.955,164.3469,152.9112,165.8651,171.224,157.0979,170.2991
2022-10-13 18:00:00,44.56717,31.11151,21.77739,29.82999,25.92062,22.93969,24.5896
2022-10-13 19:00:00,0,0,0,0,0,0,0
2022-10-13 20:00:00,0,0,0,0,0,0,0
2022-10-13 21:00:00,0,0,0,0,0,0,0
2022-10-13 22:00:00,0,0,0,0,0,0,0
2022-10-13 23:00:00,0,0,0,0,0,0,0
2022-10-14 00:00:00,0,0,0,0,0,0,0
2022-10-14 01:00:00,0,0,0,0,0,0,0
2022-10-14 02:00:00,0,0,0,0,0,0,0
2022-10-14 03:00:00,0,0,0,0,0,0,0
2022-10-14 04:00:00,0,0,0,0,0,0,0
2022-10-14 05:00:00,0,0,0,0,0,0,0
2022-10-14 06:00:00,0,0,0,0,0,0,0
2022-10-14 07:00:00,10.69104,8.692324,6.876658,7.985193,9.259331,5.611788,5.601295
2022-10-14 08:00:00,191.6694,165.6407,118.6188,183.3979,175.4525,169.3809,123.188
2022-10-14 09:00:00,434.9218,394.1093,346.5854,373.4803,371.7674,374.7043,317.2179
2022-10-14 10:00:00,660.7082,531.0264,503.1895,463.0174,468.6663,570.6174,455.4515
2022-10-14 11:00:00,846.5486,796.3157,761.7069,767.7347,781.8063,752.9352,803.009
2022-10-14 12:00:00,943.0941,832.8495,821.2907,827.6894,832.0314,810.8245,832.9513
2022-10-14 13:00:00,955.5862,830.7322,820.9114,825.9218,819.4689,800.2319,793.3862
2022-10-14 14:00:00,900.3149,788.7263,766.3512,776.5412,801.431,755.6176,811.6799
2022-10-14 15:00:00,766.4812,661.2363,646.138,655.8906,684.6346,635.7288,686.6517
2022-10-14 16:00:00,559.9266,475.7196,468.938,477.8248,504.2075,458.7218,499.0443
2022-10-14 17:00:00,304.0753,233.107,218.5052,238.4024,247.208,224.4388,245.0818
2022-10-14 18:00:00,41.43251,29.24751,16.59913,27.63803,21.52265,18.6736,19.88947
2022-10-14 19:00:00,0,0,0,0,0,0,0
2022-10-14 20:00:00,0,0,0,0,0,0,0
2022-10-14 21:00:00,0,0,0,0,0,0,0
2022-10-14 22:00:00,0,0,0,0,0,0,0
2022-10-14 23:00:00,0,0,0,0,0,0,0
2022-10-15 00:00:00,0,0,0,0,0,0,0
2022-10-15 01:00:00,0,0,0,0,0,0,0
2022-10-15 02:00:00,0,0,0,0,0,0,0
2022-10-15 03:00:00,0,0,0,0,0,0,0
2022-10-15 04:00:00,0,0,0,0,0,0,0
2022-10-15 05:00:00,0,0,0,0,0,0,0
2022-10-15 06:00:00,0,0,0,0,0,0,0
2022-10-15 07:00:00,9.041058,3.512083,3.224055,2.203079,8.858793,6.708496,5.947013
2022-10-15 08:00:00,188.6281,161.6766,115.4373,180.4844,172.8344,174.5448,121.2288
2022-10-15 09:00:00,429.7249,460.1887,412.8842,430.2312,429.278,452.3302,409.7992
2022-10-15 10:00:00,650.0145,644.2146,609.6864,615.5718,623.5049,603.8304,641.5709
2022-10-15 11:00:00,822.4177,768.3969,731.1038,742.9952,756.6495,725.6486,775.5985
2022-10-15 12:00:00,923.133,828.1041,793.0665,808.7735,825.0117,786.2651,831.4661
2022-10-15 13:00:00,943.608,828.2255,798.7934,812.5405,830.5635,790.2515,832.611
2022-10-15 14:00:00,880.8137,765.1081,739.8094,752.9532,781.2389,729.8608,784.4208
2022-10-15 15:00:00,749.3569,646.5991,628.8939,640.1618,671.4612,619.6649,668.0457
2022-10-15 16:00:00,529.9858,449.3442,442.5405,453.8867,481.5074,436.1698,469.0157
2022-10-15 17:00:00,283.8751,211.9316,199.4479,216.3569,225.2878,203.8619,222.414
2022-10-15 18:00:00,34.97455,23.4846,15.15106,22.52929,19.22147,16.46228,17.74664
2022-10-15 19:00:00,0,0,0,0,0,0,0
2022-10-15 20:00:00,0,0,0,0,0,0,0
2022-10-15 21:00:00,0,0,0,0,0,0,0
2022-10-15 22:00:00,0,0,0,0,0,0,0
2022-10-15 23:00:00,0,0,0,0,0,0,0
2022-10-16 00:00:00,0,0,0,0,0,0,0
2022-10-16 01:00:00,0,0,0,0,0,0,0
2022-10-16 02:00:00,0,0,0,0,0,0,0
2022-10-16 03:00:00,0,0,0,0,0,0,0
2022-10-16 04:00:00,0,0,0,0,0,0,0
2022-10-16 05:00:00,0,0,0,0,0,0,0
2022-10-16 06:00:00,0,0,0,0,0,0,0
2022-10-16 07:00:00,11.10915,7.827601,6.664399,7.313589,8.087484,6.017595,6.682448
2022-10-16 08:00:00,181.6196,148.0128,120.3432,160.1923,154.9122,158.0932,128.6355
2022-10-16 09:00:00,379.1428,385.5402,349.1011,358.3317,362.3842,386.3284,353.4959
2022-10-16 10:00:00,629.6241,612.3209,576.8487,584.7311,591.4161,618.2998,608.3181
2022-10-16 11:00:00,696.9349,632.0364,603.9501,611.406,623.4843,644.9412,637.7017
2022-10-16 12:00:00,608.7288,533.8841,507.6786,519.2427,527.4175,534.2856,529.2928
2022-10-16 13:00:00,842.7015,725.5095,701.0195,704.9283,729.9635,742.07,739.4869
2022-10-16 14:00:00,826.1951,697.7192,672.4104,683.701,708.2027,717.3353,715.7693
2022-10-16 15:00:00,500.6408,428.1111,416.3072,422.9914,444.046,437.9053,447.2275
2022-10-16 16:00:00,346.2085,280.4947,268.3281,280.6374,288.0815,281.8206,286.6224
2022-10-16 17:00:00,129.2404,106.2637,103.197,104.0354,109.31,108.4761,109.6876
2022-10-16 18:00:00,11.77999,10.58241,9.557102,10.22599,10.53804,10.7063,10.49534
2022-10-16 19:00:00,0,0,0,0,0,0,0
2022-10-16 20:00:00,0,0,0,0,0,0,0
2022-10-16 21:00:00,0,0,0,0,0,0,0
2022-10-16 22:00:00,0,0,0,0,0,0,0
2022-10-16 23:00:00,0,0,0,0,0,0,0
2022-10-17 00:00:00,0,0,0,0,0,0,0
2022-10-17 01:00:00,0,0,0,0,0,0,0
2022-10-17 02:00:00,0,0,0,0,0,0,0
2022-10-17 03:00:00,0,0,0,0,0,0,0
2022-10-17 04:00:00,0,0,0,0,0,0,0
2022-10-17 05:00:00,0,0,0,0,0,0,0
2022-10-17 06:00:00,0,0,0,0,0,0,0
2022-10-17 07:00:00,3.232708,0.8371815,0.7656065,0.9150745,0.8970438,0.919156,0.881101
2022-10-17 08:00:00,53.99028,48.86444,45.70181,44.69741,47.14688,50.76402,47.99233
2022-10-17 09:00:00,257.618,251.4846,226.878,232.1727,235.5717,243.6018,228.7809
2022-10-17 10:00:00,606.5644,581.3212,554.4846,546.2944,548.2491,561.8754,576.8447
2022-10-17 11:00:00,782.4036,721.1059,682.0475,701.4481,730.1678,737.4557,743.6932
2022-10-17 12:00:00,874.5914,576.6452,562.234,766.3407,785.8141,789.7296,735.8621
2022-10-17 13:00:00,853.8082,752.0189,750.2661,654.162,741.5836,466.9393,589.1614
2022-10-17 14:00:00,891.0759,776.3028,750.4746,678.7859,766.428,791.2087,790.4995
2022-10-17 15:00:00,711.9094,612.7009,580.8009,629.8187,643.2194,631.4466,590.7532
2022-10-17 16:00:00,260.5403,199.6162,165.1005,215.5921,190.3098,173.5667,182.67
2022-10-17 17:00:00,105.1881,79.80112,80.17074,73.96997,78.07526,90.19749,89.74777
2022-10-17 18:00:00,17.98763,12.21823,9.481623,11.88964,10.93434,10.96797,10.81534
2022-10-17 19:00:00,0,0,0,0,0,0,0
2022-10-17 20:00:00,0,0,0,0,0,0,0
2022-10-17 21:00:00,0,0,0,0,0,0,0
2022-10-17 22:00:00,0,0,0,0,0,0,0
2022-10-17 23:00:00,0,0,0,0,0,0,0
2022-10-18 00:00:00,0,0,0,0,0,0,0
2022-10-18 01:00:00,0,0,0,0,0,0,0
2022-10-18 02:00:00,0,0,0,0,0,0,0
2022-10-18 03:00:00,0,0,0,0,0,0,0
2022-10-18 04:00:00,0,0,0,0,0,0,0
2022-10-18 05:00:00,0,0,0,0,0,0,0
2022-10-18 06:00:00,0,0,0,0,0,0,0
2022-10-18 07:00:00,6.946581,6.911088,5.58322,5.486838,6.884256,4.294787,4.951214
2022-10-18 08:00:00,188.3498,156.4538,110.4406,172.7111,163.9782,167.5295,114.2923
2022-10-18 09:00:00,443.3872,473.8849,423.8214,442.9543,440.4032,473.1169,421.3532
2022-10-18 10:00:00,673.1542,689.6199,653.2839,657.5283,661.5022,698.0256,687.2485
2022-10-18 11:00:00,853.1102,820.8419,795.3843,800.1891,807.0716,825.4253,824.1457
2022-10-18 12:00:00,958.305,832.9453,832.9628,832.8288,832.9438,832.9464,832.9598
2022-10-18 13:00:00,984.7573,832.9989,832.949,832.9781,832.8658,832.9268,832.9566
2022-10-18 14:00:00,928.6525,822.7358,807.6354,815.6047,827.2211,829.9958,830.3414
2022-10-18 15:00:00,794.4845,709.6048,692.3564,702.6818,730.1619,735.4955,738.769
2022-10-18 16:00:00,464.0406,407.0137,399.2884,402.6134,421.0291,428.6687,438.4302
2022-10-18 17:00:00,241.7036,187.2518,178.5733,191.8427,203.02,199.0388,188.8879
2022-10-18 18:00:00,31.98595,23.82985,13.87782,21.91638,17.48016,16.07521,15.44495
2022-10-18 19:00:00,0,0,0,0,0,0,0
2022-10-18 20:00:00,0,0,0,0,0,0,0
2022-10-18 21:00:00,0,0,0,0,0,0,0
2022-10-18 22:00:00,0,0,0,0,0,0,0
2022-10-18 23:00:00,0,0,0,0,0,0,0
2022-10-19 00:00:00,0,0,0,0,0,0,0
2022-10-19 01:00:00,0,0,0,0,0,0,0
2022-10-19 02:00:00,0,0,0,0,0,0,0
2022-10-19 03:00:00,0,0,0,0,0,0,0
2022-10-19 04:00:00,0,0,0,0,0,0,0
2022-10-19 05:00:00,0,0,0,0,0,0,0
2022-10-19 06:00:00,0,0,0,0,0,0,0
2022-10-19 07:00:00,7.235152,2.443869,5.779655,5.99659,1.830361,3.123855,3.426075
2022-10-19 08:00:00,199.8315,164.7127,99.55349,185.2046,176.8022,180.0498,120.2522
2022-10-19 09:00:00,442.3049,478.5573,425.6457,447.1071,447.1717,477.0231,421.603
2022-10-19 10:00:00,672.6835,685.8812,647.6194,653.6205,661.652,692.0945,679.8719
2022-10-19 11:00:00,846.201,819.1863,790.9318,797.8359,807.0866,824.5891,822.7374
2022-10-19 12:00:00,947.0008,832.9529,832.9638,832.9788,832.9303,832.9626,832.9657
2022-10-19 13:00:00,973.1983,830.4496,830.4765,831.1578,832.993,832.8919,832.8777
2022-10-19 14:00:00,897.4376,800.1586,783.3326,791.9482,803.1523,810.9948,806.6451
2022-10-19 15:00:00,583.4616,514.7703,469.4302,490.3219,479.0266,515.3933,526.8644
2022-10-19 16:00:00,450.623,391.6164,365.7474,382.6274,408.0456,394.9101,399.9739
2022-10-19 17:00:00,299.5869,223.2272,206.0275,227.9279,233.7315,231.037,233.3455
2022-10-19 18:00:00,29.36847,20.60076,11.15325,19.49384,14.97923,13.46697,12.5845
2022-10-19 19:00:00,0,0,0,0,0,0,0
2022-10-19 20:00:00,0,0,0,0,0,0,0
2022-10-19 21:00:00,0,0,0,0,0,0,0
2022-10-19 22:00:00,0,0,0,0,0,0,0
2022-10-19 23:00:00,0,0,0,0,0,0,0
2022-10-20 00:00:00,0,0,0,0,0,0,0
2022-10-20 01:00:00,0,0,0,0,0,0,0
2022-10-20 02:00:00,0,0,0,0,0,0,0
2022-10-20 03:00:00,0,0,0,0,0,0,0
2022-10-20 04:00:00,0,0,0,0,0,0,0
2022-10-20 05:00:00,0,0,0,0,0,0,0
2022-10-20 06:00:00,0,0,0,0,0,0,0
2022-10-20 07:00:00,6.981893,2.512682,2.198236,1.671083,7.271248,2.853845,4.8267
2022-10-20 08:00:00,211.0148,159.5524,110.3474,176.8889,171.8393,160.5863,115.2824
2022-10-20 09:00:00,424.6267,465.4292,411.0432,440.4242,439.253,448.5104,406.6206
2022-10-20 10:00:00,659.3175,666.2723,631.5282,636.475,645.7012,675.4465,664.2894
2022-10-20 11:00:00,832.0469,796.8428,759.5954,768.2585,785.1183,809.3464,805.2928
2022-10-20 12:00:00,929.0449,832.92,822.2014,831.2036,832.9526,832.8835,832.8501
2022-10-20 13:00:00,958.4545,832.9337,829.6547,832.9027,832.9023,832.9376,832.9964
2022-10-20 14:00:00,896.9246,799.9427,774.7467,788.1193,813.3112,817.7174,816.0992
2022-10-20 15:00:00,757.5422,667.5516,649.6002,662.358,692.8546,693.3851,693.6984
2022-10-20 16:00:00,548.428,470.5705,464.6856,473.3385,502.1545,492.871,495.1367
2022-10-20 17:00:00,281.5499,207.3932,190.7882,212.0023,217.7768,213.6997,215.2447
2022-10-20 18:00:00,24.96506,17.03213,9.137682,15.93113,12.51947,11.30251,10.52005
2022-10-20 19:00:00,0,0,0,0,0,0,0
2022-10-20 20:00:00,0,0,0,0,0,0,0
2022-10-20 21:00:00,0,0,0,0,0,0,0
2022-10-20 22:00:00,0,0,0,0,0,0,0
2022-10-20 23:00:00,0,0,0,0,0,0,0
2022-10-21 00:00:00,0,0,0,0,0,0,0
2022-10-21 01:00:00,0,0,0,0,0,0,0
2022-10-21 02:00:00,0,0,0,0,0,0,0
2022-10-21 03:00:00,0,0,0,0,0,0,0
2022-10-21 04:00:00,0,0,0,0,0,0,0
2022-10-21 05:00:00,0,0,0,0,0,0,0
2022-10-21 06:00:00,0,0,0,0,0,0,0
2022-10-21 07:00:00,6.572866,6.484166,2.296681,1.274155,1.993392,2.528525,2.148523
2022-10-21 08:00:00,193.5112,127.0412,104.771,169.4339,163.3014,167.1353,111.6273
2022-10-21 09:00:00,420.7654,463.6976,411.1942,433.5253,433.6855,462.0828,406.7199
2022-10-21 10:00:00,653.2701,655.3865,620.907,625.2189,634.6998,665.4379,652.45
2022-10-21 11:00:00,824.8742,777.914,741.312,750.8562,766.9357,794.0546,790.7081
2022-10-21 12:00:00,933.1072,830.2212,809.0392,819.1539,828.4633,801.4271,832.9137
2022-10-21 13:00:00,957.6891,831.7618,816.4056,824.4977,832.9232,805.3044,832.895
2022-10-21 14:00:00,896.5954,781.8641,757.0352,766.8842,794.9237,745.7736,804.7184
2022-10-21 15:00:00,749.6539,650.7112,635.3682,646.4207,674.7908,624.6813,679.243
2022-10-21 16:00:00,542.3967,460.2743,455.6591,463.0977,490.2291,445.9942,484.9546
2022-10-21 17:00:00,280.4555,207.1726,190.1046,212.2057,217.5448,197.3842,215.4798
2022-10-21 18:00:00,24.28291,16.80385,8.981689,15.1559,11.81655,9.51396,9.781844
2022-10-21 19:00:00,0,0,0,0,0,0,0
2022-10-21 20:00:00,0,0,0,0,0,0,0
2022-10-21 21:00:00,0,0,0,0,0,0,0
2022-10-21 22:00:00,0,0,0,0,0,0,0
2022-10-21 23:00:00,0,0,0,0,0,0,0
2022-10-22 00:00:00,0,0,0,0,0,0,0
2022-10-22 01:00:00,0,0,0,0,0,0,0
2022-10-22 02:00:00,0,0,0,0,0,0,0
2022-10-22 03:00:00,0,0,0,0,0,0,0
2022-10-22 04:00:00,0,0,0,0,0,0,0
2022-10-22 05:00:00,0,0,0,0,0,0,0
2022-10-22 06:00:00,0,0,0,0,0,0,0
2022-10-22 07:00:00,6.048785,4.689692,3.415277,3.074362,4.188507,0,3.317061
2022-10-22 08:00:00,152.3087,132.107,94.94104,145.6112,142.2569,147.8494,105.0676
2022-10-22 09:00:00,407.8426,431.6732,388.933,411.6758,402.1852,432.0431,380.7843
2022-10-22 10:00:00,629.6833,628.5132,595.8896,601.2318,606.4037,634.4235,621.7563
2022-10-22 11:00:00,812.403,765.9089,731.6951,739.3134,753.9766,780.6926,775.6193
2022-10-22 12:00:00,917.4218,828.5773,802.2863,809.5828,825.8696,832.8504,832.4449
2022-10-22 13:00:00,937.2059,828.7034,806.482,813.9366,830.9421,832.9736,832.8969
2022-10-22 14:00:00,873.7,763.0571,739.8744,753.2294,778.5551,787.9796,788.3856
2022-10-22 15:00:00,728.9214,630.5788,616.7861,625.4116,652.5986,654.3371,657.1533
2022-10-22 16:00:00,515.4003,436.9902,431.7527,440.9793,468.5758,460.4028,463.7051
2022-10-22 17:00:00,266.5479,194.5046,177.6384,199.5462,204.4105,200.7167,202.525
2022-10-22 18:00:00,20.7414,14.9238,7.748131,13.26965,10.29342,9.151876,8.518493
2022-10-22 19:00:00,0,0,0,0,0,0,0
2022-10-22 20:00:00,0,0,0,0,0,0,0
2022-10-22 21:00:00,0,0,0,0,0,0,0
2022-10-22 22:00:00,0,0,0,0,0,0,0
2022-10-22 23:00:00,0,0,0,0,0,0,0
2022-10-23 00:00:00,0,0,0,0,0,0,0
2022-10-23 01:00:00,0,0,0,0,0,0,0
2022-10-23 02:00:00,0,0,0,0,0,0,0
2022-10-23 03:00:00,0,0,0,0,0,0,0
2022-10-23 04:00:00,0,0,0,0,0,0,0
2022-10-23 05:00:00,0,0,0,0,0,0,0
2022-10-23 06:00:00,0,0,0,0,0,0,0
2022-10-23 07:00:00,9.29786,8.014342,6.424199,6.056698,7.712069,1.596473,6.740194
2022-10-23 08:00:00,187.3521,149.7949,114.0675,158.1066,153.894,157.5358,117.1935
2022-10-23 09:00:00,423.6486,456.0967,404.0158,429.2888,429.5964,458.6527,406.802
2022-10-23 10:00:00,518.754,512.3599,472.9865,480.9344,475.071,493.0983,475.5056
2022-10-23 11:00:00,759.0057,712.2031,682.7275,690.2198,699.2484,721.3865,718.278
2022-10-23 12:00:00,997.6138,832.979,831.9537,832.0874,832.915,832.978,832.9177
2022-10-23 13:00:00,960.3083,822.3103,812.6651,815.9662,824.3774,829.4952,831.0341
2022-10-23 14:00:00,898.7604,787.963,765.2279,777.3358,801.0575,806.1678,805.4827
2022-10-23 15:00:00,753.4724,656.4138,644.4197,651.4551,677.9191,682.436,684.3292
2022-10-23 16:00:00,541.4191,459.8764,456.5533,462.6202,490.7934,483.4862,486.7372
2022-10-23 17:00:00,278.7192,202.9576,184.1906,208.3819,212.6722,208.8336,210.7701
2022-10-23 18:00:00,21.42291,14.94779,6.804018,13.20474,9.416543,8.013631,7.310109
2022-10-23 19:00:00,0,0,0,0,0,0,0
2022-10-23 20:00:00,0,0,0,0,0,0,0
2022-10-23 21:00:00,0,0,0,0,0,0,0
2022-10-23 22:00:00,0,0,0,0,0,0,0
2022-10-23 23:00:00,0,0,0,0,0,0,0
2022-10-24 00:00:00,0,0,0,0,0,0,0
2022-10-24 01:00:00,0,0,0,0,0,0,0
2022-10-24 02:00:00,0,0,0,0,0,0,0
2022-10-24 03:00:00,0,0,0,0,0,0,0
2022-10-24 04:00:00,0,0,0,0,0,0,0
2022-10-24 05:00:00,0,0,0,0,0,0,0
2022-10-24 06:00:00,0,0,0,0,0,0,0
2022-10-24 07:00:00,5.929455,4.660524,3.850311,3.797167,4.768956,2.7294,3.679985
2022-10-24 08:00:00,166.2229,133.1613,92.82105,147.0963,142.3491,144.5185,95.82747
2022-10-24 09:00:00,415.6599,438.6661,384.4116,410.7016,410.5724,437.9081,378.9393
2022-10-24 10:00:00,643.026,638.5767,603.2836,608.3313,616.4039,647.5798,633.2645
2022-10-24 11:00:00,813.6793,765.9905,733.0172,737.1038,751.806,781.5641,775.8726
2022-10-24 12:00:00,910.0971,820.3367,785.8423,795.3627,814.3306,817.6536,830.7391
2022-10-24 13:00:00,931.3225,817.3164,790.2589,799.087,819.6959,776.1332,829.5596
2022-10-24 14:00:00,873.2051,752.8605,731.3086,740.5352,766.2243,719.4912,779.2901
2022-10-24 15:00:00,740.4269,633.6896,618.8199,627.314,653.1354,606.8334,659.5624
2022-10-24 16:00:00,529.2315,441.8054,437.4084,445.4908,471.0002,427.9821,467.2592
2022-10-24 17:00:00,268.4605,193.1494,174.1079,198.7419,203.0849,182.7932,200.5083
2022-10-24 18:00:00,18.81096,13.45624,6.151372,11.71458,8.511395,6.548284,6.735891
2022-10-24 19:00:00,0,0,0,0,0,0,0
2022-10-24 20:00:00,0,0,0,0,0,0,0
2022-10-24 21:00:00,0,0,0,0,0,0,0
2022-10-24 22:00:00,0,0,0,0,0,0,0
2022-10-24 23:00:00,0,0,0,0,0,0,0
2022-10-25 00:00:00,0,0,0,0,0,0,0
2022-10-25 01:00:00,0,0,0,0,0,0,0
2022-10-25 02:00:00,0,0,0,0,0,0,0
2022-10-25 03:00:00,0,0,0,0,0,0,0
2022-10-25 04:00:00,0,0,0,0,0,0,0
2022-10-25 05:00:00,0,0,0,0,0,0,0
2022-10-25 06:00:00,0,0,0,0,0,0,0
2022-10-25 07:00:00,6.039432,3.955854,3.48789,2.941973,3.894003,2.582125,3.551129
2022-10-25 08:00:00,86.818,69.06007,63.21683,65.71157,64.82804,67.14536,64.88198
2022-10-25 09:00:00,223.5104,194.0443,183.4767,187.1004,190.8657,193.7791,187.4765
2022-10-25 10:00:00,603.2715,581.6144,532.983,540.358,539.3088,558.7993,548.4282
2022-10-25 11:00:00,800.1846,746.2974,712.1478,719.1051,734.4808,760.7028,755.8932
2022-10-25 12:00:00,774.8879,655.1713,607.1313,664.3597,727.0826,703.2514,592.2214
2022-10-25 13:00:00,931.4443,775.4843,709.0432,760.7712,739.1967,736.96,709.544
2022-10-25 14:00:00,861.0977,742.9477,719.5356,730.4668,755.4243,763.8653,764.2192
2022-10-25 15:00:00,712.9438,609.9939,595.3934,605.3322,632.132,632.2487,631.8892
2022-10-25 16:00:00,420.325,351.9677,347.8135,355.1924,372.8174,368.2629,372.1079
2022-10-25 17:00:00,158.5915,120.5967,116.647,123.0008,128.7808,126.8721,126.8073
2022-10-25 18:00:00,10.72672,8.719181,6.950305,8.357998,7.968648,7.72662,7.403168
2022-10-25 19:00:00,0,0,0,0,0,0,0
2022-10-25 20:00:00,0,0,0,0,0,0,0
2022-10-25 21:00:00,0,0,0,0,0,0,0
2022-10-25 22:00:00,0,0,0,0,0,0,0
2022-10-25 23:00:00,0,0,0,0,0,0,0
2022-10-26 00:00:00,0,0,0,0,0,0,0
2022-10-26 01:00:00,0,0,0,0,0,0,0
2022-10-26 02:00:00,0,0,0,0,0,0,0
2022-10-26 03:00:00,0,0,0,0,0,0,0
2022-10-26 04:00:00,0,0,0,0,0,0,0
2022-10-26 05:00:00,0,0,0,0,0,0,0
2022-10-26 06:00:00,0,0,0,0,0,0,0
2022-10-26 07:00:00,1.668956,0,0,0,0,0,0
2022-10-26 08:00:00,22.18737,14.85778,16.4535,14.68567,15.27565,15.88089,15.28315
2022-10-26 09:00:00,68.0537,60.41333,57.73706,58.59478,59.87684,61.59238,61.0725
2022-10-26 10:00:00,95.09875,86.2161,82.50882,83.76316,85.18215,87.64823,86.75483
2022-10-26 11:00:00,264.7292,233.0295,219.6875,223.0819,227.4489,234.1279,235.4526
2022-10-26 12:00:00,180.3692,155.9979,150.5855,152.6426,157.294,159.6761,160.0583
2022-10-26 13:00:00,142.7217,124.7587,120.3022,121.3989,125.1328,124.8301,129.0094
2022-10-26 14:00:00,254.0334,211.9329,206.6008,206.7046,214.7793,220.2334,220.9816
2022-10-26 15:00:00,266.5417,215.2881,222.647,213.9369,222.9213,230.4958,252.2084
2022-10-26 16:00:00,325.1115,266.4936,251.1514,262.9779,284.5863,291.4745,267.2697
2022-10-26 17:00:00,153.226,113.7531,117.2263,117.4809,118.3517,114.8603,128.3501
2022-10-26 18:00:00,4.006769,3.690779,3.409083,3.504069,3.585429,3.743638,3.637873
2022-10-26 19:00:00,0,0,0,0,0,0,0
2022-10-26 20:00:00,0,0,0,0,0,0,0
2022-10-26 21:00:00,0,0,0,0,0,0,0
2022-10-26 22:00:00,0,0,0,0,0,0,0
2022-10-26 23:00:00,0,0,0,0,0,0,0
2022-10-27 00:00:00,0,0,0,0,0,0,0
2022-10-27 01:00:00,0,0,0,0,0,0,0
2022-10-27 02:00:00,0,0,0,0,0,0,0
2022-10-27 03:00:00,0,0,0,0,0,0,0
2022-10-27 04:00:00,0,0,0,0,0,0,0
2022-10-27 05:00:00,0,0,0,0,0,0,0
2022-10-27 06:00:00,0,0,0,0,0,0,0
2022-10-27 07:00:00,4.962236,3.893661,3.670167,3.745133,3.840593,2.863333,3.492549
2022-10-27 08:00:00,158.1765,126.1775,103.0591,132.1115,133.1054,135.5386,105.1227
2022-10-27 09:00:00,208.5832,191.6555,169.5757,184.452,185.9896,203.3268,187.9285
2022-10-27 10:00:00,336.7987,293.0579,275.5409,277.5991,274.1368,277.2847,275.0341
2022-10-27 11:00:00,520.0599,474.9214,452.4857,475.5167,481.7468,295.9872,352.6799
2022-10-27 12:00:00,654.2618,609.7607,588.8366,598.027,454.4781,545.8359,597.4114
2022-10-27 13:00:00,872.3203,748.4063,718.8019,733.8052,754.5952,712.3813,755.6586
2022-10-27 14:00:00,813.9405,723.6652,704.7612,713.9239,744.9451,701.5669,755.657
2022-10-27 15:00:00,624.305,552.7239,541.2249,548.5881,575.6042,536.5777,576.6027
2022-10-27 16:00:00,258.7447,204.676,226.6275,217.7356,236.905,222.8413,247.8401
2022-10-27 17:00:00,132.7964,92.9577,96.98161,102.4186,107.3209,94.26484,102.2118
2022-10-27 18:00:00,4.119872,2.874802,2.829337,3.059053,3.061397,2.903058,3.04879
2022-10-27 19:00:00,0,0,0,0,0,0,0
2022-10-27 20:00:00,0,0,0,0,0,0,0
2022-10-27 21:00:00,0,0,0,0,0,0,0
2022-10-27 22:00:00,0,0,0,0,0,0,0
2022-10-27 23:00:00,0,0,0,0,0,0,0
2022-10-28 00:00:00,0,0,0,0,0,0,0
2022-10-28 01:00:00,0,0,0,0,0,0,0
2022-10-28 02:00:00,0,0,0,0,0,0,0
2022-10-28 03:00:00,0,0,0,0,0,0,0
2022-10-28 04:00:00,0,0,0,0,0,0,0
2022-10-28 05:00:00,0,0,0,0,0,0,0
2022-10-28 06:00:00,0,0,0,0,0,0,0
2022-10-28 07:00:00,3.569023,3.606846,3.095051,3.073475,3.480426,2.580858,2.457332
2022-10-28 08:00:00,142.7184,117.0782,83.13476,128.1888,125.191,129.0571,84.78632
2022-10-28 09:00:00,396.1997,417.9143,360.4026,390.2228,390.1305,416.5617,356.5658
2022-10-28 10:00:00,585.082,558.6557,523.3388,519.4153,528.623,553.1807,541.4257
2022-10-28 11:00:00,766.8608,752.5764,719.6475,731.3149,726.9019,745.4799,744.6228
2022-10-28 12:00:00,852.827,782.0692,737.3378,756.589,764.2131,774.8965,781.9512
2022-10-28 13:00:00,851.3774,735.0832,735.1406,742.8093,770.8079,805.3818,803.0423
2022-10-28 14:00:00,458.3264,390.4975,403.0921,378.3753,403.0076,427.1343,415.0677
2022-10-28 15:00:00,262.1378,218.9727,210.2585,213.1864,218.3178,223.0811,220.5552
2022-10-28 16:00:00,117.6277,100.0449,97.61181,97.85007,102.4375,103.0423,102.6719
2022-10-28 17:00:00,117.6581,90.15979,88.7401,88.83133,91.258,85.08524,92.27212
2022-10-28 18:00:00,4.134716,3.076564,2.901397,3.251065,3.354532,3.101067,3.334876
2022-10-28 19:00:00,0,0,0,0,0,0,0
2022-10-28 20:00:00,0,0,0,0,0,0,0
2022-10-28 21:00:00,0,0,0,0,0,0,0
2022-10-28 22:00:00,0,0,0,0,0,0,0
2022-10-28 23:00:00,0,0,0,0,0,0,0
2022-10-29 00:00:00,0,0,0,0,0,0,0
2022-10-29 01:00:00,0,0,0,0,0,0,0
2022-10-29 02:00:00,0,0,0,0,0,0,0
2022-10-29 03:00:00,0,0,0,0,0,0,0
2022-10-29 04:00:00,0,0,0,0,0,0,0
2022-10-29 05:00:00,0,0,0,0,0,0,0
2022-10-29 06:00:00,0,0,0,0,0,0,0
2022-10-29 07:00:00,1.069633,0,0,0,0,0,0
2022-10-29 08:00:00,24.29914,18.83713,17.7644,19.01192,19.67205,20.14841,19.72075
2022-10-29 09:00:00,154.2518,131.4364,125.6415,128.0568,131.7226,135.5831,133.9536
2022-10-29 10:00:00,263.5848,227.9835,218.5758,221.3254,226.8057,234.0422,231.9565
2022-10-29 11:00:00,350.2812,301.209,286.877,290.3963,294.1605,295.9693,297.7404
2022-10-29 12:00:00,358.3045,310.0046,298.3292,300.386,307.8719,309.3078,312.6
2022-10-29 13:00:00,294.4623,252.0435,240.5687,246.2409,252.0307,257.1657,253.3716
2022-10-29 14:00:00,302.088,259.1356,248.6889,252.371,258.8585,260.2115,262.2273
2022-10-29 15:00:00,287.0146,240.5121,230.6402,234.4369,240.0076,244.3967,242.6218
2022-10-29 16:00:00,161.5763,133.5069,129.8157,130.0433,134.1861,137.2307,136.9568
2022-10-29 17:00:00,19.313,16.39182,15.60298,15.68157,15.87664,16.41463,15.90511
2022-10-29 18:00:00,1.657938,1.016089,0.4264272,0.9626279,0.614737,1.037032,0.996248
2022-10-29 19:00:00,0,0,0,0,0,0,0
2022-10-29 20:00:00,0,0,0,0,0,0,0
2022-10-29 21:00:00,0,0,0,0,0,0,0
2022-10-29 22:00:00,0,0,0,0,0,0,0
2022-10-29 23:00:00,0,0,0,0,0,0,0
2022-10-30 00:00:00,0,0,0,0,0,0,0
2022-10-30 01:00:00,0,0,0,0,0,0,0
2022-10-30 02:00:00,0,0,0,0,0,0,0
2022-10-30 03:00:00,0,0,0,0,0,0,0
2022-10-30 04:00:00,0,0,0,0,0,0,0
2022-10-30 05:00:00,0,0,0,0,0,0,0
2022-10-30 06:00:00,0,0,0,0,0,0,0
2022-10-30 07:00:00,2.62163,1.40932,1.333826,1.407547,1.439611,1.484241,1.441036
2022-10-30 08:00:00,43.79262,34.72627,32.78975,33.5963,34.31726,35.28608,34.65533
2022-10-30 09:00:00,150.8938,127.2625,121.7067,123.1859,125.4899,129.5007,128.1094
2022-10-30 10:00:00,195.5252,165.4659,156.4252,162.2982,166.0609,165.2564,166.3159
2022-10-30 11:00:00,421.5543,367.9962,348.4963,354.4499,357.7177,365.639,361.6075
2022-10-30 12:00:00,297.5935,257.0406,247.1045,250.1552,256.6635,263.1535,261.3287
2022-10-30 13:00:00,337.3505,288.5118,276.1265,282.8263,289.2181,288.6141,289.9041
2022-10-30 14:00:00,318.7935,262.6701,249.1817,256.5371,260.4298,263.7007,258.4501
2022-10-30 15:00:00,253.8499,210.2227,200.994,205.5228,210.5248,211.5948,210.9604
2022-10-30 16:00:00,202.6837,166.3828,161.05,163.4261,170.2602,168.6362,168.2773
2022-10-30 17:00:00,51.54208,42.00938,40.33924,40.80618,41.86956,42.3302,42.39219
2022-10-30 18:00:00,0.8527927,0.2265191,0.08362165,0.341632,0.2083861,0.3753997,0.2129318
2022-10-30 19:00:00,0,0,0,0,0,0,0
2022-10-30 20:00:00,0,0,0,0,0,0,0
2022-10-30 21:00:00,0,0,0,0,0,0,0
2022-10-30 22:00:00,0,0,0,0,0,0,0
2022-10-30 23:00:00,0,0,0,0,0,0,0
2022-10-31 00:00:00,0,0,0,0,0,0,0
2022-10-31 01:00:00,0,0,0,0,0,0,0
2022-10-31 02:00:00,0,0,0,0,0,0,0
2022-10-31 03:00:00,0,0,0,0,0,0,0
2022-10-31 04:00:00,0,0,0,0,0,0,0
2022-10-31 05:00:00,0,0,0,0,0,0,0
2022-10-31 06:00:00,0,0,0,0,0,0,0
2022-10-31 07:00:00,2.355934,0,0,0,0,0,0
2022-10-31 08:00:00,40.0929,28.43175,28.02683,29.16298,29.66873,28.59523,26.36662
2022-10-31 09:00:00,278.3796,264.9471,239.4754,250.4937,263.0985,262.6928,241.5369
2022-10-31 10:00:00,513.3809,478.7691,458.9231,464.1935,462.8486,477.2628,473.265
2022-10-31 11:00:00,356.7841,317.0853,305.269,306.0864,317.7635,325.6175,326.4858
2022-10-31 12:00:00,394.9651,338.7783,328.0999,330.7994,336.1183,327.0004,345.3248
2022-10-31 13:00:00,284.7279,260.5849,256.4324,251.0087,256.802,244.521,263.9441
2022-10-31 14:00:00,223.4235,190.8052,182.9789,187.5137,189.2175,177.953,194.1764
2022-10-31 15:00:00,220.3822,184.9384,173.5172,185.7093,197.643,181.0491,193.4498
2022-10-31 16:00:00,315.3213,253.3894,246.9212,253.4901,267.1401,242.9915,255.6649
2022-10-31 17:00:00,65.38941,51.79541,49.85842,50.09077,51.34151,48.03146,51.41268
2022-10-31 18:00:00,1.823318,1.766653,1.468771,1.680458,1.756153,1.61112,1.674338
2022-10-31 19:00:00,0,0,0,0,0,0,0
2022-10-31 20:00:00,0,0,0,0,0,0,0
2022-10-31 21:00:00,0,0,0,0,0,0,0
2022-10-31 22:00:00,0,0,0,0,0,0,0
2022-10-31 23:00:00,0,0,0,0,0,0,0
