Siler 421 Farm,Unnamed: 1,Unnamed: 2,Unnamed: 3,Unnamed: 4,Unnamed: 5,Unnamed: 6,Unnamed: 7,Unnamed: 8
,,,,,,,,
Timestamp,POA*,"SMA SC-800CP-US - A1, Pac","SMA SC-800CP-US - A2, Pac","SMA SC-800CP-US - B1, Pac","SMA SC-800CP-US - B2, Pac","SMA SC-800CP-US - C1, Pac","SMA SC-800CP-US - C2, Pac",Production meter active power
,W/mÂ²,kW,kW,kW,kW,kW,kW,kW
2023-04-01 00:00:00,0,0,0,0,0,0,0,-8.467591
2023-04-01 01:00:00,0,0,0,0,0,0,0,-8.475579
2023-04-01 02:00:00,0,0,0,0,0,0,0,-8.494857
2023-04-01 03:00:00,0,0,0,0,0,0,0,-8.360744
2023-04-01 04:00:00,0,0,0,0,0,0,0,-8.367448
2023-04-01 05:00:00,0,0,0,0,0,0,0,-8.323527
2023-04-01 06:00:00,0,0,0,0,0,0,0,-8.390613
2023-04-01 07:00:00,10.99216,6.482189,4.947945,6.885121,6.801942,5.546584,4.784059,28.28372
2023-04-01 08:00:00,56.42316,51.07439,50.97718,52.68963,52.28915,52.33904,54.63957,315.8494
2023-04-01 09:00:00,100.5127,96.27625,96.02354,99.39594,98.67628,101.3382,103.4714,601.3801
2023-04-01 10:00:00,177.6383,174.029,175.0938,176.7771,176.6253,179.1476,179.9256,1080.594
2023-04-01 11:00:00,166.0165,160.6329,160.899,162.2588,161.8198,165.4583,170.5937,1005.621
2023-04-01 12:00:00,131.5744,84.15115,83.83435,88.9304,88.24519,89.3527,91.5627,525.3895
2023-04-01 13:00:00,242.8035,224.4102,225.6289,246.8504,244.2305,240.418,236.1255,1393.5
2023-04-01 14:00:00,780.6773,599.598,617.0995,599.1895,593.1085,621.5325,634.7773,3661.029
2023-04-01 15:00:00,885.1212,785.6234,770.0391,806.8812,805.9021,806.5382,799.3811,4785.897
2023-04-01 16:00:00,649.4401,620.427,607.549,635.1953,640.574,636.2939,646.4587,3773.181
2023-04-01 17:00:00,434.8343,406.0112,390.5605,415.2227,423.411,410.727,416.2609,2475.354
2023-04-01 18:00:00,181.5157,137.8738,130.7003,143.561,150.4808,138.8345,144.4611,851.903
2023-04-01 19:00:00,12.57485,8.936516,8.437038,7.878888,7.950679,7.60359,8.058132,46.92462
2023-04-01 20:00:00,0,0,0,0,0,0,0,-8.410551
2023-04-01 21:00:00,0,0,0,0,0,0,0,-8.46597
2023-04-01 22:00:00,0,0,0,0,0,0,0,-8.446665
2023-04-01 23:00:00,0.1289474,0,0,0,0,0,0,-8.444691
2023-04-02 00:00:00,0,0,0,0,0,0,0,-8.474209
2023-04-02 01:00:00,0,0,0,0,0,0,0,-8.467119
2023-04-02 02:00:00,0,0,0,0,0,0,0,-8.390965
2023-04-02 03:00:00,0,0,0,0,0,0,0,-8.414523
2023-04-02 04:00:00,0,0,0,0,0,0,0,-8.40274
2023-04-02 05:00:00,0,0,0,0,0,0,0,-8.347633
2023-04-02 06:00:00,0.00664847,0,0,0,0,0,0,-8.336073
2023-04-02 07:00:00,38.43923,20.45501,19.25487,26.65778,19.71663,24.10327,24.45034,130.1788
2023-04-02 08:00:00,261.6723,230.8618,218.4711,257.6035,237.4897,259.8625,275.759,1502.681
2023-04-02 09:00:00,524.5829,533.6665,530.5296,555.916,543.3202,564.6958,591.1974,3356.261
2023-04-02 10:00:00,755.7454,758.7996,759.8398,776.4731,769.5104,788.6006,803.6823,4667.157
2023-04-02 11:00:00,934.1055,832.9656,832.9321,832.9419,832.9356,832.9529,832.8966,4983.036
2023-04-02 12:00:00,1042.705,832.9589,832.9796,832.9531,832.8928,832.8685,832.8471,4977.988
2023-04-02 13:00:00,1076.663,832.9601,833.0191,832.9649,832.9147,832.8469,832.8707,4974.444
2023-04-02 14:00:00,1025.478,832.8999,832.8389,833.0113,832.89,832.9704,832.967,4972.571
2023-04-02 15:00:00,899.3121,825.8322,822.4957,828.3099,829.5894,829.8075,831.4066,4940.922
2023-04-02 16:00:00,704.9579,676.5946,665.0164,686.8545,693.833,693.0125,699.5063,4102.641
2023-04-02 17:00:00,463.7794,434.8688,418.1071,445.6935,454.5937,442.2562,446.9727,2654.229
2023-04-02 18:00:00,202.2887,149.7843,142.4413,156.8075,166.6243,151.8967,157.6688,931.0189
2023-04-02 19:00:00,7.675097,10.84815,10.08375,10.28609,11.72952,10.54755,10.80177,57.436
2023-04-02 20:00:00,0,0,0,0,0,0,0,-8.451892
2023-04-02 21:00:00,0,0,0,0,0,0,0,-8.434126
2023-04-02 22:00:00,0,0,0,0,0,0,0,-8.471792
2023-04-02 23:00:00,0,0,0,0,0,0,0,-8.426734
2023-04-03 00:00:00,0,0,0,0,0,0,0,-8.44711
2023-04-03 01:00:00,0,0,0,0,0,0,0,-8.468617
2023-04-03 02:00:00,0,0,0,0,0,0,0,-8.399593
2023-04-03 03:00:00,0,0,0,0,0,0,0,-8.338552
2023-04-03 04:00:00,0,0,0,0,0,0,0,-8.341064
2023-04-03 05:00:00,0,0,0,0,0,0,0,-8.324607
2023-04-03 06:00:00,0.2290574,0,0,0,0,0,0,-8.354241
2023-04-03 07:00:00,37.35143,29.2153,26.44731,33.16378,37.24237,29.02368,29.39916,180.5896
2023-04-03 08:00:00,172.3549,167.7817,164.7464,174.6037,170.6868,181.857,186.0322,1065.441
2023-04-03 09:00:00,379.517,366.1021,362.8706,384.4832,378.0277,397.09,409.0505,2324.455
2023-04-03 10:00:00,515.8636,508.3942,517.9836,524.3812,519.4437,532.6332,546.7949,3170.666
2023-04-03 11:00:00,636.7984,618.3287,618.2137,635.3077,630.7348,647.9905,662.1708,3833.651
2023-04-03 12:00:00,640.2894,607.0447,612.5679,630.4221,628.4683,642.2391,654.203,3795.669
2023-04-03 13:00:00,581.9548,555.9012,551.4072,571.6401,566.6165,579.6652,589.6614,3434.482
2023-04-03 14:00:00,601.998,574.8582,565.174,584.8566,584.5772,595.6709,605.8073,3522.152
2023-04-03 15:00:00,532.2362,519.1453,528.397,520.9258,517.9742,533.2803,538.1835,3165.448
2023-04-03 16:00:00,264.4885,255.0128,251.6674,262.2761,261.3864,265.0542,271.0712,1578.979
2023-04-03 17:00:00,118.7969,116.9797,115.718,120.5276,119.9697,121.4778,124.3224,724.0885
2023-04-03 18:00:00,36.94955,37.51709,37.03141,38.97207,38.65005,39.60854,40.28768,229.1839
2023-04-03 19:00:00,4.884475,4.042161,4.110977,4.179105,4.185132,4.308676,4.544409,18.08085
2023-04-03 20:00:00,0,0,0,0,0,0,0,-8.341049
2023-04-03 21:00:00,0,0,0,0,0,0,0,-8.199887
2023-04-03 22:00:00,0,0,0,0,0,0,0,-8.418991
2023-04-03 23:00:00,0,0,0,0,0,0,0,-8.410028
2023-04-04 00:00:00,0,0,0,0,0,0,0,-8.462833
2023-04-04 01:00:00,0,0,0,0,0,0,0,-8.386329
2023-04-04 02:00:00,0,0,0,0,0,0,0,-8.387055
2023-04-04 03:00:00,0,0,0,0,0,0,0,-8.329334
2023-04-04 04:00:00,0,0,0,0,0,0,0,-8.2924
2023-04-04 05:00:00,0,0,0,0,0,0,0,-8.270504
2023-04-04 06:00:00,0.02864951,0,0,0,0,0,0,-8.331046
2023-04-04 07:00:00,44.65259,27.14349,14.70189,29.47995,27.65437,22.65257,30.15674,147.229
2023-04-04 08:00:00,225.5414,198.0045,187.3756,215.2267,203.9336,229.1291,232.54,1283.541
2023-04-04 09:00:00,490.6768,487.3863,484.0061,509.1446,497.3039,516.9879,539.9942,3070.403
2023-04-04 10:00:00,710.5585,692.5431,693.0375,711.0927,703.3312,731.0575,749.8203,4297.38
2023-04-04 11:00:00,872.6704,813.9484,813.7093,822.7111,820.1732,830.0596,832.4497,4919.029
2023-04-04 12:00:00,975.9929,833.0383,833.037,832.9498,832.9246,832.8934,832.9272,4976.653
2023-04-04 13:00:00,1004.398,833.0196,832.9235,805.0995,832.824,832.9465,832.9182,4949.938
2023-04-04 14:00:00,968.8913,831.5088,832.9254,633.4361,832.8252,832.8568,832.2194,4780.379
2023-04-04 15:00:00,840.4636,746.4764,774.4186,647.3779,750.474,781.813,770.5824,4421.978
2023-04-04 16:00:00,609.9097,602.2065,589.5043,607.998,623.8552,579.6949,562.8884,3572.203
2023-04-04 17:00:00,417.3405,386.264,369.9466,386.866,401.8047,387.3125,347.5089,2302.544
2023-04-04 18:00:00,144.8336,121.189,116.3134,124.3069,129.348,120.7209,112.2013,731.4703
2023-04-04 19:00:00,12.85132,13.97058,13.42981,14.71435,14.69185,14.36714,12.97314,77.2543
2023-04-04 20:00:00,0,0,0,0,0,0,0,-8.589628
2023-04-04 21:00:00,0,0,0,0,0,0,0,-8.417655
2023-04-04 22:00:00,0,0,0,0,0,0,0,-8.457552
2023-04-04 23:00:00,0.1713956,0,0,0,0,0,0,-8.398705
2023-04-05 00:00:00,0.0001084902,0,0,0,0,0,0,-8.414309
2023-04-05 01:00:00,0,0,0,0,0,0,0,-8.407116
2023-04-05 02:00:00,0,0,0,0,0,0,0,-8.431411
2023-04-05 03:00:00,0,0,0,0,0,0,0,-8.464764
2023-04-05 04:00:00,0,0,0,0,0,0,0,-8.447883
2023-04-05 05:00:00,0,0,0,0,0,0,0,-8.343429
2023-04-05 06:00:00,0.2064052,0,0,0,0,0,0,-8.400813
2023-04-05 07:00:00,44.7077,31.33133,28.03351,35.48293,33.48346,34.25096,30.18391,190.083
2023-04-05 08:00:00,232.9671,203.1167,195.0829,222.2307,207.9085,229.6695,213.8198,1291.768
2023-04-05 09:00:00,460.5195,449.4356,450.929,473.0839,462.3143,480.4157,448.4884,2797.568
2023-04-05 10:00:00,697.4049,661.9205,658.8104,685.5229,676.6711,697.7959,646.1636,4051.376
2023-04-05 11:00:00,649.8651,667.6508,662.1407,623.2507,661.4598,611.0952,598.1235,3795.271
2023-04-05 12:00:00,604.9333,602.8327,605.0207,598.8398,603.5831,561.1527,588.4651,3508.301
2023-04-05 13:00:00,626.4587,503.8004,492.8859,516.0077,517.2978,491.7579,491.5067,3063.1
2023-04-05 14:00:00,939.8682,717.3925,713.3186,722.8292,722.8043,794.6694,767.5858,4474.25
2023-04-05 15:00:00,514.5525,408.3844,398.3278,405.4789,406.1136,436.6136,393.8187,2505.022
2023-04-05 16:00:00,465.4582,427.9794,413.8235,451.9439,453.2417,473.2578,418.9973,2582.266
2023-04-05 17:00:00,369.7347,349.3999,340.567,355.1022,358.9352,348.0206,315.3023,2086.69
2023-04-05 18:00:00,150.2466,124.8682,120.0418,129.179,133.3496,125.9676,113.5048,745.0765
2023-04-05 19:00:00,14.87172,14.93033,14.33472,15.24544,15.67351,15.19881,13.88292,82.97729
2023-04-05 20:00:00,0,0,0,0,0,0,0,-8.526666
2023-04-05 21:00:00,0,0,0,0,0,0,0,-8.464149
2023-04-05 22:00:00,0.09109235,0,0,0,0,0,0,-8.427059
2023-04-05 23:00:00,0.3163075,0,0,0,0,0,0,-8.417204
2023-04-06 00:00:00,0,0,0,0,0,0,0,-8.407625
2023-04-06 01:00:00,0,0,0,0,0,0,0,-8.403708
2023-04-06 02:00:00,0,0,0,0,0,0,0,-8.391598
2023-04-06 03:00:00,0,0,0,0,0,0,0,-8.42618
2023-04-06 04:00:00,0,0,0,0,0,0,0,-8.411648
2023-04-06 05:00:00,0.042847,0,0,0,0,0,0,-8.379247
2023-04-06 06:00:00,0.3168538,0,0,0,0,0,0,-8.388985
2023-04-06 07:00:00,34.95846,29.2676,26.21967,30.94927,30.18829,29.43166,25.66517,167.285
2023-04-06 08:00:00,110.7002,103.1505,102.3835,107.4437,106.4533,108.0068,99.6028,634.8316
2023-04-06 09:00:00,307.602,270.1002,270.1027,292.3901,279.0496,305.467,278.4785,1709.522
2023-04-06 10:00:00,450.3135,407.2258,406.9879,435.6093,424.7912,448.9494,415.0977,2568.48
2023-04-06 11:00:00,529.8903,503.2679,493.1552,518.8163,519.4938,540.2429,479.2774,3058.309
2023-04-06 12:00:00,846.1274,721.4938,721.3118,733.7424,738.6735,728.7975,688.9738,4312.885
2023-04-06 13:00:00,820.9505,725.0338,721.5516,743.849,741.9085,758.178,709.1943,4380.276
2023-04-06 14:00:00,903.7461,786.2407,765.0417,783.0644,791.5255,801.537,767.4119,4696.525
2023-04-06 15:00:00,653.4921,655.3238,631.983,647.5186,670.8799,612.6838,586.4825,3756.446
2023-04-06 16:00:00,284.2644,266.2337,259.6132,278.4653,277.1918,287.9593,258.7692,1614.457
2023-04-06 17:00:00,47.20211,46.39577,45.96353,48.04115,47.78433,48.24092,43.75524,275.4452
2023-04-06 18:00:00,10.61617,9.922552,9.734383,11.91077,11.74948,11.91016,9.164124,55.38776
2023-04-06 19:00:00,2.286513,0,0,1.206433,1.338983,1.610355,0,-4.274202
2023-04-06 20:00:00,0,0,0,0,0,0,0,-8.460809
2023-04-06 21:00:00,0,0,0,0,0,0,0,-8.425795
2023-04-06 22:00:00,0,0,0,0,0,0,0,-8.409345
2023-04-06 23:00:00,0,0,0,0,0,0,0,-8.424087
2023-04-07 00:00:00,0,0,0,0,0,0,0,-8.398827
2023-04-07 01:00:00,0,0,0,0,0,0,0,-8.603317
2023-04-07 02:00:00,0,0,0,0,0,0,0,-8.650727
2023-04-07 03:00:00,0,0,0,0,0,0,0,-8.693876
2023-04-07 04:00:00,0,0,0,0,0,0,0,-8.6687
2023-04-07 05:00:00,0,0,0,0,0,0,0,-8.595738
2023-04-07 06:00:00,0,0,0,0,0,0,0,-8.575292
2023-04-07 07:00:00,5.132049,3.255021,0.03059378,3.485528,3.461746,0,0.01145362,1.914845
2023-04-07 08:00:00,19.61611,17.19151,16.31684,17.72779,16.96912,15.24005,14.75147,92.86648
2023-04-07 09:00:00,6.42787,0.6481391,0.6450555,0.5665407,0.7109544,1.463259,1.071093,-3.578088
2023-04-07 10:00:00,27.41068,24.25217,23.85821,25.83401,25.18663,25.52969,23.85071,144.8818
2023-04-07 11:00:00,25.09122,21.75518,21.23759,22.94579,22.61889,23.02617,20.98611,128.7873
2023-04-07 12:00:00,25.95638,22.11229,22.15203,23.27312,23.13094,23.84003,21.33631,131.0558
2023-04-07 13:00:00,48.39736,45.5028,44.68221,47.70266,47.09474,49.50223,44.29959,279.4498
2023-04-07 14:00:00,49.04494,36.75999,46.22506,48.8556,48.45699,50.36099,45.307,275.7663
2023-04-07 15:00:00,52.76299,37.1451,38.75231,39.10762,39.53402,39.90513,38.51002,231.6986
2023-04-07 16:00:00,31.88615,29.3043,28.9275,30.53327,30.20141,31.48171,27.57066,174.8577
2023-04-07 17:00:00,32.6735,31.16745,30.87119,32.28389,32.30018,32.91238,29.34139,185.7662
2023-04-07 18:00:00,14.68633,11.63702,11.6112,12.24863,12.06438,12.36151,11.07529,65.36024
2023-04-07 19:00:00,2.386568,0.0427839,0.6568227,0.6589403,0.6535175,0.04429308,0.5955,-5.768477
2023-04-07 20:00:00,0,0,0,0,0,0,0,-8.393247
2023-04-07 21:00:00,0,0,0,0,0,0,0,-8.384177
2023-04-07 22:00:00,0,0,0,0,0,0,0,-8.446573
2023-04-07 23:00:00,0,0,0,0,0,0,0,-8.536729
2023-04-08 00:00:00,0,0,0,0,0,0,0,-8.491438
2023-04-08 01:00:00,0,0,0,0,0,0,0,-8.586963
2023-04-08 02:00:00,0,0,0,0,0,0,0,-8.512737
2023-04-08 03:00:00,0,0,0,0,0,0,0,-8.526118
2023-04-08 04:00:00,0,0,0,0,0,0,0,-8.459161
2023-04-08 05:00:00,0,0,0,0,0,0,0,-8.561258
2023-04-08 06:00:00,0.1130527,0,0,0,0,0,0,-8.478839
2023-04-08 07:00:00,12.80725,2.007417,0,0.005009175,8.463143,0.002258919,0.001151376,2.346889
2023-04-08 08:00:00,26.7522,23.38759,22.34341,22.96365,24.1962,23.14887,20.9173,130.6972
2023-04-08 09:00:00,76.82716,78.55289,77.52815,81.81248,81.26435,83.91826,75.77419,481.3842
2023-04-08 10:00:00,96.86654,102.0842,101.0553,105.6411,105.1522,107.9454,97.74345,625.4713
2023-04-08 11:00:00,65.30603,58.47653,57.95385,65.17225,56.45557,64.94673,60.26802,346.611
2023-04-08 12:00:00,104.4453,109.7889,108.8921,113.4387,112.8581,115.5743,104.6557,673.235
2023-04-08 13:00:00,131.3018,138.4946,137.4797,143.1281,142.2747,145.936,132.2933,850.9843
2023-04-08 14:00:00,120.4799,126.1787,124.7383,130.1245,129.1836,130.8341,121.125,777.2946
2023-04-08 15:00:00,70.79503,70.74454,70.15749,73.97473,72.92027,82.29919,68.93642,437.0965
2023-04-08 16:00:00,47.53173,45.6695,45.6004,48.19978,47.67913,49.30872,44.45042,279.6696
2023-04-08 17:00:00,30.54333,26.62119,28.13626,30.38868,29.95607,31.67474,27.80964,170.3743
2023-04-08 18:00:00,11.53909,9.336693,9.087453,9.183258,9.074312,9.988764,8.888454,49.77578
2023-04-08 19:00:00,1.578184,0.1628894,0.7612228,0,0,0.2070291,0.5000431,-6.555042
2023-04-08 20:00:00,0,0,0,0,0,0,0,-8.368811
2023-04-08 21:00:00,0,0,0,0,0,0,0,-8.44192
2023-04-08 22:00:00,0,0,0,0,0,0,0,-8.283922
2023-04-08 23:00:00,0,0,0,0,0,0,0,-8.277536
2023-04-09 00:00:00,0,0,0,0,0,0,0,-8.390956
2023-04-09 01:00:00,0,0,0,0,0,0,0,-8.371199
2023-04-09 02:00:00,0,0,0,0,0,0,0,-8.392051
2023-04-09 03:00:00,0,0,0,0,0,0,0,-8.387259
2023-04-09 04:00:00,0,0,0,0,0,0,0,-8.384447
2023-04-09 05:00:00,0,0,0,0,0,0,0,-8.435382
2023-04-09 06:00:00,0.1266862,0,0,0,0,0,0,-8.403528
2023-04-09 07:00:00,58.69617,32.65739,32.07516,39.46688,25.80039,38.97332,37.01904,204.8739
2023-04-09 08:00:00,285.9,253.3469,244.1182,281.4598,239.4323,287.093,270.8558,1613.074
2023-04-09 09:00:00,542.1829,545.913,546.2035,572.9826,559.5269,576.8922,541.6066,3383.083
2023-04-09 10:00:00,778.5494,775.6896,782.4069,793.0234,786.5724,800.5971,757.73,4707.266
2023-04-09 11:00:00,959.5682,832.9362,832.8489,832.922,832.9232,832.8877,832.9874,4984.668
2023-04-09 12:00:00,1062.16,832.8746,832.9893,832.871,832.9236,833.0416,832.8541,4978.926
2023-04-09 13:00:00,1090.224,833.0331,832.9969,832.9328,832.9587,832.861,832.9228,4975.95
2023-04-09 14:00:00,1038.029,832.9778,832.9089,832.9536,832.8483,832.9852,832.9075,4975.282
2023-04-09 15:00:00,912.1039,829.8607,825.6561,831.8387,832.2642,832.4506,811.5529,4940.019
2023-04-09 16:00:00,722.2147,697.5801,681.6668,712.1824,717.2671,713.7001,650.3378,4164.991
2023-04-09 17:00:00,477.5147,449.6516,432.3867,463.9441,472.9145,453.3656,414.4852,2696.935
2023-04-09 18:00:00,219.8658,161.2151,153.9569,169.4535,180.637,163.709,151.9933,988.0912
2023-04-09 19:00:00,18.2346,13.7633,13.155,13.71583,15.14874,13.49073,12.41057,75.72739
2023-04-09 20:00:00,0,0,0,0,0,0,0,-8.358415
2023-04-09 21:00:00,0,0,0,0,0,0,0,-8.352178
2023-04-09 22:00:00,0,0,0,0,0,0,0,-8.352472
2023-04-09 23:00:00,0,0,0,0,0,0,0,-8.381195
2023-04-10 00:00:00,0,0,0,0,0,0,0,-8.371613
2023-04-10 01:00:00,0,0,0,0,0,0,0,-8.378633
2023-04-10 02:00:00,0.1596602,0,0,0,0,0,0,-8.319422
2023-04-10 03:00:00,0.04701744,0,0,0,0,0,0,-8.34563
2023-04-10 04:00:00,0,0,0,0,0,0,0,-8.337315
2023-04-10 05:00:00,0,0,0,0,0,0,0,-8.375207
2023-04-10 06:00:00,0.7037461,0,0,0,0.366945,0,0,-8.028871
2023-04-10 07:00:00,73.82104,43.44757,39.65619,51.11264,43.22758,50.6669,45.46775,273.2864
2023-04-10 08:00:00,290.0133,261.6623,253.3839,290.3432,270.1482,299.8769,279.3378,1680.881
2023-04-10 09:00:00,552.8103,552.6347,558.4066,579.4968,565.6998,587.2202,547.4468,3424.155
2023-04-10 10:00:00,786.9666,777.2183,782.474,794.7737,788.0867,803.3621,759.6478,4708.978
2023-04-10 11:00:00,961.4222,832.9818,833.0342,833.0008,832.9862,832.8835,832.9957,4984.591
2023-04-10 12:00:00,1065.741,832.9933,832.8367,832.9548,832.8958,832.8052,832.9002,4977.988
2023-04-10 13:00:00,1089.734,833.0043,832.952,833.0337,832.8942,833.0192,832.8764,4974.258
2023-04-10 14:00:00,1036.712,832.9293,832.9004,833.0326,832.9997,832.9182,832.9434,4971.645
2023-04-10 15:00:00,913.047,826.6534,820.8915,829.0684,829.9913,831.0609,800.2697,4914.111
2023-04-10 16:00:00,717.6124,685.181,670.6838,698.6915,704.5037,702.3649,637.7866,4092.812
2023-04-10 17:00:00,474.18,443.1635,427.6961,457.2841,465.7752,448.1793,409.69,2662.985
2023-04-10 18:00:00,215.5496,160.6316,153.5507,169.6414,180.7671,155.6194,152.2175,977.3353
2023-04-10 19:00:00,18.60041,14.51801,13.92644,14.86088,16.35234,13.73872,13.41079,81.31055
2023-04-10 20:00:00,0,0,0,0,0,0,0,-8.397214
2023-04-10 21:00:00,0,0,0,0,0,0,0,-8.412514
2023-04-10 22:00:00,0,0,0,0,0,0,0,-8.437538
2023-04-10 23:00:00,0,0,0,0,0,0,0,-8.390686
2023-04-11 00:00:00,0,0,0,0,0,0,0,-8.352939
2023-04-11 01:00:00,0,0,0,0,0,0,0,-8.322971
2023-04-11 02:00:00,0.0506268,0,0,0,0,0,0,-8.299847
2023-04-11 03:00:00,0.02293406,0,0,0,0,0,0,-8.303102
2023-04-11 04:00:00,0,0,0,0,0,0,0,-8.329085
2023-04-11 05:00:00,0,0,0,0,0,0,0,-8.312442
2023-04-11 06:00:00,0.9038755,0,0,0,0.666624,0,0,-7.676644
2023-04-11 07:00:00,78.53816,45.0247,40.79246,54.53232,44.53623,53.21682,47.79502,284.6192
2023-04-11 08:00:00,281.3114,259.949,252.4108,286.0489,266.3986,297.6958,277.2296,1667.709
2023-04-11 09:00:00,534.2385,537.9402,552.0224,563.171,550.9057,569.1882,532.1871,3332.957
2023-04-11 10:00:00,765.7346,746.9417,751.5375,768.9769,760.6823,782.0022,724.3588,4549.489
2023-04-11 11:00:00,935.869,832.7839,832.8803,832.9376,832.9468,833.0002,827.908,4981.019
2023-04-11 12:00:00,1040.111,832.7891,832.9605,832.9177,832.9811,832.85,832.9162,4977.493
2023-04-11 13:00:00,1067.413,832.9078,833.022,833.0151,832.7938,832.9858,832.9154,4974.197
2023-04-11 14:00:00,1017.487,832.8452,832.8647,832.9836,832.8708,832.9915,833.0004,4976.651
2023-04-11 15:00:00,892.9773,812.611,802.8991,733.4112,822.1025,824.229,775.6281,4753.154
2023-04-11 16:00:00,699.1572,658.0555,643.1873,666.6375,676.4711,673.3893,612.6165,3924.11
2023-04-11 17:00:00,456.8546,423.171,408.6898,435.0186,443.4313,427.0626,390.3772,2541.708
2023-04-11 18:00:00,206.4512,152.5964,146.0566,161.1626,171.7585,156.0741,144.2185,934.1929
2023-04-11 19:00:00,17.74236,14.0218,13.80779,14.49928,15.85619,14.20063,13.08196,79.3953
2023-04-11 20:00:00,0,0,0,0,0,0,0,-8.400061
2023-04-11 21:00:00,0,0,0,0,0,0,0,-8.434282
2023-04-11 22:00:00,0,0,0,0,0,0,0,-8.42757
2023-04-11 23:00:00,0,0,0,0,0,0,0,-8.37882
2023-04-12 00:00:00,0,0,0,0,0,0,0,-8.42742
2023-04-12 01:00:00,0.4984011,0,0,0,0,0,0,-8.42833
2023-04-12 02:00:00,0.0253134,0,0,0,0,0,0,-8.413093
2023-04-12 03:00:00,0,0,0,0,0,0,0,-8.380568
2023-04-12 04:00:00,0,0,0,0,0,0,0,-8.297677
2023-04-12 05:00:00,0,0,0,0,0,0,0,-8.298343
2023-04-12 06:00:00,1.035772,0,0,0,0.2026605,0,0,-8.153545
2023-04-12 07:00:00,63.84825,32.09211,38.56768,37.90551,43.66584,42.79921,39.47088,235.6378
2023-04-12 08:00:00,279.9865,251.4373,241.5922,280.3258,261.6691,280.8846,268.2997,1607.85
2023-04-12 09:00:00,532.8915,522.5352,525.692,546.6245,535.0416,551.6791,516.7202,3232.756
2023-04-12 10:00:00,764.2811,728.8572,733.1071,750.3339,743.8436,763.9683,708.6533,4434.763
2023-04-12 11:00:00,901.801,808.8358,808.7412,820.3071,817.9209,825.0529,800.2413,4864.948
2023-04-12 12:00:00,1021.309,832.9043,832.9049,832.9321,832.9197,832.8047,832.9803,4977.398
2023-04-12 13:00:00,1057.335,832.8619,832.9818,822.5539,832.87,832.8848,833.0976,4968.054
2023-04-12 14:00:00,990.8749,833.0349,832.8016,641.1083,832.9491,832.9847,825.777,4787.515
2023-04-12 15:00:00,878.6412,800.6799,791.1641,697.9969,811.0168,814.4673,754.9251,4649.019
2023-04-12 16:00:00,690.7937,643.1036,628.2534,649.9451,661.0234,660.1948,599.4539,3839.377
2023-04-12 17:00:00,457.7738,419.1267,404.2397,430.6067,438.6651,423.9368,386.4777,2515.327
2023-04-12 18:00:00,206.4772,151.1492,144.4436,158.9561,169.3839,153.0532,142.1916,924.3004
2023-04-12 19:00:00,16.7993,13.9877,13.8953,14.45195,15.83976,14.21755,13.07191,78.83574
2023-04-12 20:00:00,0,0,0,0,0,0,0,-8.462514
2023-04-12 21:00:00,0,0,0,0,0,0,0,-8.411658
2023-04-12 22:00:00,0,0,0,0,0,0,0,-8.418757
2023-04-12 23:00:00,0.3850468,0,0,0,0,0,0,-8.428073
2023-04-13 00:00:00,0.426172,0,0,0,0,0,0,-8.439232
2023-04-13 01:00:00,0,0,0,0,0,0,0,-8.393298
2023-04-13 02:00:00,0,0,0,0,0,0,0,-8.348642
2023-04-13 03:00:00,0,0,0,0,0,0,0,-8.301039
2023-04-13 04:00:00,0,0,0,0,0,0,0,-8.267304
2023-04-13 05:00:00,0,0,0,0,0,0,0,-8.290127
2023-04-13 06:00:00,1.186894,0,0,0,0.594342,0,0,-7.699755
2023-04-13 07:00:00,67.36159,34.62526,39.37773,44.04899,43.64777,50.5817,44.90822,255.4589
2023-04-13 08:00:00,281.1029,248.523,239.2255,276.9813,258.5978,280.848,266.5528,1594.72
2023-04-13 09:00:00,529.3143,519.2028,522.1352,543.3384,531.1321,547.8042,512.9769,3210.973
2023-04-13 10:00:00,748.2136,721.794,729.7706,744.3164,735.6461,758.8326,699.6766,4396.472
2023-04-13 11:00:00,913.3214,826.7128,826.9883,831.7304,830.7829,832.9379,812.4312,4950.876
2023-04-13 12:00:00,1015.697,832.9968,833.0157,832.9786,832.8851,832.9089,832.9614,4978.52
2023-04-13 13:00:00,1048.322,832.9548,832.8986,815.5254,832.9824,832.9052,832.9415,4955.069
2023-04-13 14:00:00,1005.951,832.9663,832.8943,632.4548,832.8444,832.931,831.5093,4775.454
2023-04-13 15:00:00,890.6674,805.0452,796.7064,670.6357,815.0706,819.6046,764.7242,4650.838
2023-04-13 16:00:00,566.053,541.5344,529.9201,536.3417,558.222,543.1996,491.0737,3180.224
2023-04-13 17:00:00,340.3481,315.3941,305.5894,322.6327,327.7762,316.4905,288.0092,1887.541
2023-04-13 18:00:00,123.7161,109.503,105.9411,112.8731,116.6911,109.3831,100.3834,657.0021
2023-04-13 19:00:00,12.72534,13.99557,13.82007,14.94235,14.95671,14.77271,13.57824,79.51288
2023-04-13 20:00:00,0,0,0,0,0,0,0,-8.507151
2023-04-13 21:00:00,0,0,0,0,0,0,0,-8.429083
2023-04-13 22:00:00,0,0,0,0,0,0,0,-8.406617
2023-04-13 23:00:00,0,0,0,0,0,0,0,-8.397945
2023-04-14 00:00:00,0,0,0,0,0,0,0,-8.476917
2023-04-14 01:00:00,0,0,0,0,0,0,0,-8.401198
2023-04-14 02:00:00,0.1561238,0,0,0,0,0,0,-8.429332
2023-04-14 03:00:00,0,0,0,0,0,0,0,-8.462556
2023-04-14 04:00:00,0,0,0,0,0,0,0,-8.43134
2023-04-14 05:00:00,0,0,0,0,0,0,0,-8.307591
2023-04-14 06:00:00,0.899193,0,0,0,0,0,0,-8.31151
2023-04-14 07:00:00,23.9211,20.53584,17.61691,21.36606,21.17043,19.18685,17.08189,112.3007
2023-04-14 08:00:00,24.31002,20.79172,20.6416,21.36724,21.40147,21.61112,19.44691,121.3028
2023-04-14 09:00:00,93.75717,89.29217,88.20413,93.09962,92.16037,92.27904,85.56956,547.1749
2023-04-14 10:00:00,365.562,365.2272,352.0146,375.4395,375.7271,351.218,331.0907,2150.817
2023-04-14 11:00:00,497.0097,261.8467,256.6919,264.7711,263.7503,362.0681,237.7079,1672.351
2023-04-14 12:00:00,454.0479,421.0944,411.9583,458.2951,439.7767,462.0794,448.9945,2616.272
2023-04-14 13:00:00,508.5547,466.825,469.1138,457.0185,462.3442,472.9023,423.7136,2754.744
2023-04-14 14:00:00,573.9978,491.3267,478.6718,501.0866,487.6938,519.7421,487.0352,2976.933
2023-04-14 15:00:00,573.1989,529.4278,538.2358,535.9645,535.1201,501.0548,520.5432,3211.571
2023-04-14 16:00:00,591.5508,551.7974,538.9631,575.6844,579.1724,574.3229,529.1319,3330.531
2023-04-14 17:00:00,213.6241,185.7899,178.9195,194.7654,197.0336,199.0599,176.3911,1135.897
2023-04-14 18:00:00,147.7514,124.2291,120.0397,130.638,135.6555,127.5986,117.1661,757.6749
2023-04-14 19:00:00,1.887185,0.3535703,0.6593245,0.863734,0.857425,1.102785,0.8473077,-4.024401
2023-04-14 20:00:00,0,0,0,0,0,0,0,-8.415209
2023-04-14 21:00:00,0,0,0,0,0,0,0,-8.522206
2023-04-14 22:00:00,0,0,0,0,0,0,0,-8.676218
2023-04-14 23:00:00,0,0,0,0,0,0,0,-8.709137
2023-04-15 00:00:00,0,0,0,0,0,0,0,-8.748666
2023-04-15 01:00:00,0,0,0,0,0,0,0,-8.650441
2023-04-15 02:00:00,0.02548758,0,0,0,0,0,0,-8.65481
2023-04-15 03:00:00,0,0,0,0,0,0,0,-8.446574
2023-04-15 04:00:00,0.1778161,0,0,0,0,0,0,-8.406591
2023-04-15 05:00:00,0,0,0,0,0,0,0,-8.403602
2023-04-15 06:00:00,1.204986,0,0,0,0,0,0,-8.359363
2023-04-15 07:00:00,39.52932,31.51817,15.46803,30.0903,25.99297,34.41658,9.566285,143.2049
2023-04-15 08:00:00,214.98,188.9816,161.7836,186.7292,156.6695,195.9396,114.2239,1010.042
2023-04-15 09:00:00,479.1476,447.6009,387.6569,417.5584,380.9555,480.2545,284.294,2467.837
2023-04-15 10:00:00,704.0164,686.7899,608.4578,667.4396,552.8094,736.6196,426.5251,3679.761
2023-04-15 11:00:00,870.7231,811.091,735.9929,702.7881,647.5673,784.1263,453.4248,4173.657
2023-04-15 12:00:00,961.8082,792.7842,778.2276,743.78,736.7968,726.4616,536.2539,4326.353
2023-04-15 13:00:00,819.6395,604.0696,641.5558,595.5889,604.0276,633.506,418.6622,3508.6
2023-04-15 14:00:00,330.4735,247.839,308.127,290.0507,267.9033,193.3343,182.9617,1500.872
2023-04-15 15:00:00,416.0457,390.4373,341.3107,374.3807,317.9712,397.3208,222.1071,2041.693
2023-04-15 16:00:00,605.1785,495.1888,429.9892,480.5064,418.1853,590.3087,314.7028,2713.124
2023-04-15 17:00:00,448.2592,416.7446,356.1819,380.2123,347.6479,421.5282,234.62,2173.016
2023-04-15 18:00:00,202.0642,149.5476,124.537,139.8174,133.7726,152.8414,84.6983,790.1534
2023-04-15 19:00:00,16.48211,14.00798,12.07459,12.66884,12.06714,14.49117,7.281751,66.26236
2023-04-15 20:00:00,0,0,0,0,0,0,0,-8.49325
2023-04-15 21:00:00,0,0,0,0,0,0,0,-8.42454
2023-04-15 22:00:00,0,0,0,0,0,0,0,-8.414024
2023-04-15 23:00:00,0,0,0,0,0,0,0,-8.410808
2023-04-16 00:00:00,0,0,0,0,0,0,0,-8.369555
2023-04-16 01:00:00,0,0,0,0,0,0,0,-8.415857
2023-04-16 02:00:00,0,0,0,0,0,0,0,-8.446045
2023-04-16 03:00:00,0,0,0,0,0,0,0,-8.42434
2023-04-16 04:00:00,0,0,0,0,0,0,0,-8.453059
2023-04-16 05:00:00,0,0,0,0,0,0,0,-8.49419
2023-04-16 06:00:00,1.904905,0.02684518,0,0,0.258319,0,0,-8.155624
2023-04-16 07:00:00,65.79151,47.9864,32.38975,40.15741,37.67213,56.44409,24.14547,236.3096
2023-04-16 08:00:00,210.8663,191.7759,171.8626,193.6492,155.8745,220.398,127.8865,1063.78
2023-04-16 09:00:00,107.3141,107.9659,95.09876,100.6778,87.4247,114.0063,63.85324,574.4249
2023-04-16 10:00:00,296.1519,275.9518,243.0224,256.7547,227.003,166.2709,165.2498,1345.661
2023-04-16 11:00:00,115.7852,117.1964,102.4537,109.9321,94.77861,123.2602,69.37657,622.9548
2023-04-16 12:00:00,232.7327,221.0518,191.9077,205.2473,176.8385,244.446,134.8858,1197.003
2023-04-16 13:00:00,410.4625,366.8168,318.7672,345.9777,295.3785,383.4904,227.5217,1963.643
2023-04-16 14:00:00,79.82249,82.51706,73.52727,73.51218,64.08183,87.67147,47.41793,431.6817
2023-04-16 15:00:00,519.9307,492.093,430.0245,463.9624,412.5719,503.2394,278.9311,2545.94
2023-04-16 16:00:00,494.5691,443.0122,388.6378,418.8712,377.2388,501.9596,260.8813,2366.949
2023-04-16 17:00:00,249.0359,271.8104,233.9423,241.2404,218.6613,244.7597,142.1745,1347.49
2023-04-16 18:00:00,111.3664,102.0789,88.17197,94.01988,85.73148,97.55854,54.58564,530.0894
2023-04-16 19:00:00,19.53983,14.49868,12.60295,13.273,12.30752,14.84986,7.837687,69.06236
2023-04-16 20:00:00,0,0,0,0,0,0,0,-8.452181
2023-04-16 21:00:00,0.2309557,0,0,0,0,0,0,-8.453274
2023-04-16 22:00:00,0.07768195,0,0,0,0,0,0,-8.415754
2023-04-16 23:00:00,0,0,0,0,0,0,0,-8.439355
2023-04-17 00:00:00,0,0,0,0,0,0,0,-8.444543
2023-04-17 01:00:00,0,0,0,0,0,0,0,-8.4808
2023-04-17 02:00:00,0,0,0,0,0,0,0,-8.433265
2023-04-17 03:00:00,0,0,0,0,0,0,0,-8.461801
2023-04-17 04:00:00,0,0,0,0,0,0,0,-8.444694
2023-04-17 05:00:00,0,0,0,0,0,0,0,-8.346936
2023-04-17 06:00:00,2.385495,0.1271667,0,0,1.337201,0,0,-6.904993
2023-04-17 07:00:00,73.6368,56.99502,49.01986,58.48473,45.15359,54.8727,35.55836,303.8233
2023-04-17 08:00:00,316.6809,289.2075,252.5025,286.0446,229.6037,319.0567,189.9125,1590.062
2023-04-17 09:00:00,565.5759,558.072,500.2086,524.2535,444.0848,358.4976,224.7487,2565.649
2023-04-17 10:00:00,783.5394,761.9589,684.0483,703.8516,607.3438,552.8047,426.056,3618.363
2023-04-17 11:00:00,951.8359,832.601,805.7611,789.1161,727.0723,707.835,220.6579,3970.525
2023-04-17 12:00:00,1043.637,833.0414,831.5442,521.5912,626.3768,832.9156,577.7711,4094.676
2023-04-17 13:00:00,1072.699,832.8624,832.9293,833.0203,803.4661,832.8982,585.3045,4706.034
2023-04-17 14:00:00,1019.114,832.9208,823.8796,832.5274,763.8637,832.9241,552.2805,4623.874
2023-04-17 15:00:00,899.7854,820.9747,739.89,767.5671,683.1131,828.3297,488.045,4318.392
2023-04-17 16:00:00,713.8458,679.2449,587.7253,617.3544,554.0131,692.9989,387.4143,3522.913
2023-04-17 17:00:00,469.0002,437.0939,373.453,398.6778,364.2954,440.147,245.5795,2273.664
2023-04-17 18:00:00,215.7188,161.5081,134.4796,150.9311,143.8583,163.3883,91.28372,852.6214
2023-04-17 19:00:00,21.41193,17.87655,15.49929,17.01929,15.75013,18.14389,9.254375,87.8539
2023-04-17 20:00:00,0,0,0,0,0,0,0,-8.404831
2023-04-17 21:00:00,0,0,0,0,0,0,0,-8.388601
2023-04-17 22:00:00,0,0,0,0,0,0,0,-8.426546
2023-04-17 23:00:00,0,0,0,0,0,0,0,-8.400617
2023-04-18 00:00:00,0,0,0,0,0,0,0,-8.331377
2023-04-18 01:00:00,0,0,0,0,0,0,0,-8.336701
2023-04-18 02:00:00,0,0,0,0,0,0,0,-8.348551
2023-04-18 03:00:00,0,0,0,0,0,0,0,-8.300958
2023-04-18 04:00:00,0,0,0,0,0,0,0,-8.298122
2023-04-18 05:00:00,0,0,0,0,0,0,0,-8.297283
2023-04-18 06:00:00,2.380564,0,0,0,1.299318,0,0,-7.001379
2023-04-18 07:00:00,82.76584,53.90481,49.36693,59.14037,40.64743,66.08792,36.45732,304.9139
2023-04-18 08:00:00,307.7961,279.4048,244.6405,279.2825,223.1746,319.7464,185.8855,1556.766
2023-04-18 09:00:00,557.881,544.7903,489.9792,512.5946,434.3979,578.5802,334.1881,2930.662
2023-04-18 10:00:00,780.0623,754.0583,682.4875,696.6532,601.1066,787.3333,450.646,3984.181
2023-04-18 11:00:00,943.4907,832.8926,793.1802,813.5086,712.7456,832.9582,527.4025,4512.283
2023-04-18 12:00:00,1032.91,833.0394,832.5059,832.985,768.1633,832.8688,566.2968,4655.107
2023-04-18 13:00:00,1060.557,832.9554,832.8861,833.0042,794.3387,832.9739,808.5947,4916.142
2023-04-18 14:00:00,1008.649,832.9917,832.8794,832.9642,832.9291,832.9874,832.8496,4976.422
2023-04-18 15:00:00,880.6954,805.4399,796.2889,729.8176,815.9854,818.9024,764.7171,4726.534
2023-04-18 16:00:00,690.4065,644.5513,635.6794,653.6207,663.5601,662.365,601.5746,3852.806
2023-04-18 17:00:00,450.8406,415.6076,401.7644,426.3362,434.2323,419.4734,382.1666,2491.551
2023-04-18 18:00:00,204.9057,155.3996,148.3962,164.3928,173.7719,159.6208,146.4627,949.2324
2023-04-18 19:00:00,19.31712,18.5471,18.37523,19.46853,20.57318,18.8787,17.20042,107.4821
2023-04-18 20:00:00,0,0,0,0,0,0,0,-8.398752
2023-04-18 21:00:00,0,0,0,0,0,0,0,-8.35439
2023-04-18 22:00:00,0.0126567,0,0,0,0,0,0,-8.372791
2023-04-18 23:00:00,0.0557359,0,0,0,0,0,0,-8.39574
2023-04-19 00:00:00,0,0,0,0,0,0,0,-8.39852
2023-04-19 01:00:00,0,0,0,0,0,0,0,-8.454204
2023-04-19 02:00:00,0,0,0,0,0,0,0,-8.447857
2023-04-19 03:00:00,0,0,0,0,0,0,0,-8.432282
2023-04-19 04:00:00,0,0,0,0,0,0,0,-8.41173
2023-04-19 05:00:00,0,0,0,0,0,0,0,-8.319783
2023-04-19 06:00:00,3.102751,0,0,0,1.818757,0,0,-6.432536
2023-04-19 07:00:00,78.24111,51.66787,52.19776,60.65206,60.05546,63.63644,57.36868,346.1769
2023-04-19 08:00:00,280.8538,260.6281,253.7563,287.3203,271.139,293.5605,275.0124,1666.083
2023-04-19 09:00:00,519.3671,508.6474,516.9954,530.4407,519.3642,536.1715,500.6668,3145.987
2023-04-19 10:00:00,734.5986,699.8774,705.6163,721.3707,712.8178,738.2787,679.4493,4267.79
2023-04-19 11:00:00,901.8958,821.3787,822.2947,828.5689,826.0052,832.4182,812.9974,4932.386
2023-04-19 12:00:00,992.3512,832.9641,832.9703,832.8945,833.0152,832.9514,832.9721,4978.034
2023-04-19 13:00:00,1029.095,832.9185,832.9856,708.0311,832.827,832.9072,832.9679,4850.349
2023-04-19 14:00:00,977.199,832.894,832.5572,640.3282,832.9296,832.9687,832.8701,4790
2023-04-19 15:00:00,855.9893,776.7852,768.5648,665.4639,794.7073,801.5121,804.7166,4595.154
2023-04-19 16:00:00,671.2905,620.1923,608.227,616.8395,638.5953,636.3237,642.2368,3748.927
2023-04-19 17:00:00,439.0623,401.2845,388.4819,411.6655,419.0834,404.4349,410.7824,2447.866
2023-04-19 18:00:00,200.672,151.7288,144.8587,159.6333,168.5699,154.8134,158.4476,943.3826
2023-04-19 19:00:00,17.27314,17.14753,17.17118,18.638,19.66993,18.28364,17.74029,101.5378
2023-04-19 20:00:00,0,0,0,0,0,0,0,-8.581984
2023-04-19 21:00:00,0,0,0,0,0,0,0,-8.416913
2023-04-19 22:00:00,0,0,0,0,0,0,0,-8.424752
2023-04-19 23:00:00,0,0,0,0,0,0,0,-8.408144
2023-04-20 00:00:00,0,0,0,0,0,0,0,-8.442702
2023-04-20 01:00:00,0,0,0,0,0,0,0,-8.313391
2023-04-20 02:00:00,0,0,0,0,0,0,0,-7.912326
2023-04-20 03:00:00,0,0,0,0,0,0,0,-8.361613
2023-04-20 04:00:00,0,0,0,0,0,0,0,-8.363729
2023-04-20 05:00:00,0,0,0,0,0,0,0,-8.28156
2023-04-20 06:00:00,4.710552,0,0.6224615,1.762167,2.227578,0,1.564958,-2.537599
2023-04-20 07:00:00,74.96787,43.10139,44.44906,60.85507,54.46885,55.35555,60.96602,317.3003
2023-04-20 08:00:00,286.632,257.2594,252.1836,285.1151,268.7845,290.8738,290.3102,1669.355
2023-04-20 09:00:00,525.5408,296.0251,297.6657,450.0526,438.4442,455.1155,451.3751,1154.166
2023-04-20 10:00:00,737.27,,,,,,,0
2023-04-20 11:00:00,848.1904,568.1363,637.3849,586.4374,584.5653,532.3575,515.9166,2564.874
2023-04-20 12:00:00,967.8676,831.6554,832.0361,832.5983,832.6141,831.5426,832.4651,4986.564
2023-04-20 13:00:00,996.3464,831.3754,830.3367,821.4355,832.3917,828.0274,831.3064,4959.114
2023-04-20 14:00:00,800.3337,748.3542,742.4,744.916,758.3525,768.2249,742.8309,4491.875
2023-04-20 15:00:00,801.6366,737.4453,724.0515,618.6862,756.1066,764.3361,734.0803,4326.347
2023-04-20 16:00:00,656.2255,604.7739,591.0409,606.9832,623.3714,620.263,595.7825,3641.498
2023-04-20 17:00:00,431.2455,391.8926,378.9109,402.1455,408.6082,396.2522,381.6129,2370.879
2023-04-20 18:00:00,197.2947,149.0611,142.4624,156.6744,165.0605,152.1185,147.7294,917.8056
2023-04-20 19:00:00,19.03536,18.40603,18.02331,19.35998,20.49331,18.69361,18.15009,107.3028
2023-04-20 20:00:00,0,0,0,0,0,0,0,-8.647847
2023-04-20 21:00:00,0,0,0,0,0,0,0,-8.467549
2023-04-20 22:00:00,0,0,0,0,0,0,0,-8.399023
2023-04-20 23:00:00,0,0,0,0,0,0,0,-8.41918
2023-04-21 00:00:00,0.2015782,0,0,0,0,0,0,-8.475784
2023-04-21 01:00:00,0,0,0,0,0,0,0,-8.445896
2023-04-21 02:00:00,0.4663455,0,0,0,0,0,0,-8.496778
2023-04-21 03:00:00,0.03005262,0,0,0,0,0,0,-8.484035
2023-04-21 04:00:00,0,0,0,0,0,0,0,-8.443566
2023-04-21 05:00:00,0,0,0,0,0,0,0,-8.352589
2023-04-21 06:00:00,3.881174,0.5798193,0.01273407,1.41675,1.361912,0.3465555,1.344972,-3.225581
2023-04-21 07:00:00,80.21902,54.67062,53.60638,64.22409,57.4054,64.62752,64.4701,359.6822
2023-04-21 08:00:00,288.2956,258.5836,251.9261,284.5745,268.9721,284.0024,288.1997,1661.386
2023-04-21 09:00:00,525.7248,509.2026,513.9235,531.6204,520.2795,538.9352,532.212,3180.759
2023-04-21 10:00:00,735.4742,703.1634,708.3813,725.6252,717.4722,741.5795,722.8613,4325.405
2023-04-21 11:00:00,899.5958,814.0417,742.8926,830.0667,827.8142,832.6114,828.9963,4864.428
2023-04-21 12:00:00,1000.461,743.9459,830.1846,832.8093,826.924,832.9736,833.0343,4879.268
2023-04-21 13:00:00,1027.558,459.5512,352.1851,735.7919,831.2248,833.0203,832.8876,4032.72
2023-04-21 14:00:00,984.3113,833.0526,815.025,641.0807,831.908,832.9006,832.8791,4777.645
2023-04-21 15:00:00,877.1432,770.4068,726.7768,646.6766,776.1605,781.0223,761.9199,4459.945
2023-04-21 16:00:00,619.0859,571.3665,519.144,578.076,584.2217,559.1938,551.8926,3396.754
2023-04-21 17:00:00,375.9385,323.5464,287.4779,322.421,333.9679,324.7762,309.2899,1948.355
2023-04-21 18:00:00,135.9017,110.1455,96.92035,115.0567,118.2324,112.6199,109.76,668.1238
2023-04-21 19:00:00,19.01999,19.25262,17.22938,19.96421,20.23492,19.61917,19.09823,109.7814
2023-04-21 20:00:00,0,0,0,0,0,0,0,-8.594312
2023-04-21 21:00:00,0.1194839,0,0,0,0,0,0,-8.406176
2023-04-21 22:00:00,0,0,0,0,0,0,0,-8.444294
2023-04-21 23:00:00,0,0,0,0,0,0,0,-8.448504
2023-04-22 00:00:00,0,0,0,0,0,0,0,-8.412719
2023-04-22 01:00:00,0,0,0,0,0,0,0,-8.495021
2023-04-22 02:00:00,0,0,0,0,0,0,0,-8.522835
2023-04-22 03:00:00,0,0,0,0,0,0,0,-8.523535
2023-04-22 04:00:00,0,0,0,0,0,0,0,-8.395454
2023-04-22 05:00:00,0,0,0,0,0,0,0,-8.374016
2023-04-22 06:00:00,1.579619,0,0,0,0,0,0,-8.346288
2023-04-22 07:00:00,93.81577,81.16192,80.26364,88.24315,84.41412,67.73237,88.24664,494.7824
2023-04-22 08:00:00,137.9285,132.7557,131.3302,141.6734,138.7761,150.1567,139.908,838.2043
2023-04-22 09:00:00,231.4767,208.8748,207.7212,231.8001,221.0444,251.3082,237.6467,1345.398
2023-04-22 10:00:00,43.34671,40.88997,40.55029,26.33658,42.81392,44.08199,41.92933,233.1746
2023-04-22 11:00:00,278.5919,197.9472,196.7425,285.3759,204.6864,281.7057,201.353,1392.133
2023-04-22 12:00:00,952.2723,785.5339,769.0015,770.4586,770.7722,716.5805,718.3551,4525.296
2023-04-22 13:00:00,690.2571,607.9992,596.475,622.9059,636.566,601.6667,600.4886,3679.008
2023-04-22 14:00:00,408.1295,384.4449,379.4278,398.1584,397.0016,394.7788,387.9988,2351.502
2023-04-22 15:00:00,225.0243,226.2777,225.6405,236.3087,233.1373,230.8706,219.1779,1373.449
2023-04-22 16:00:00,246.1319,231.2348,235.5716,227.906,232.5108,223.7795,212.1375,1356.421
2023-04-22 17:00:00,292.6682,252.6501,247.7082,272.6581,265.0267,287.6645,271.9804,1619.476
2023-04-22 18:00:00,173.4971,140.5342,132.8273,150.7358,155.4198,146.1024,142.0259,876.5596
2023-04-22 19:00:00,20.05862,20.02237,19.53748,21.30206,20.89526,20.77592,20.50498,118.4676
2023-04-22 20:00:00,0,0,0.008457912,0,0,0,0,-8.395402
2023-04-22 21:00:00,0,0,0,0,0,0,0,-8.452798
2023-04-22 22:00:00,0,0,0,0,0,0,0,-8.457664
2023-04-22 23:00:00,0,0,0,0,0,0,0,-8.386466
2023-04-23 00:00:00,0,0,0,0,0,0,0,-8.42648
2023-04-23 01:00:00,0,0,0,0,0,0,0,-8.486814
2023-04-23 02:00:00,0,0,0,0,0,0,0,-8.482794
2023-04-23 03:00:00,0,0,0,0,0,0,0,-8.514089
2023-04-23 04:00:00,0,0,0,0,0,0,0,-8.509419
2023-04-23 05:00:00,0,0,0,0,0,0,0,-8.707345
2023-04-23 06:00:00,3.281434,2.070637,0,0,3.936809,0,0,-2.393434
2023-04-23 07:00:00,80.03604,68.04231,64.41066,76.04234,70.96873,75.18331,75.90084,434.869
2023-04-23 08:00:00,303.1887,282.6174,279.9797,315.9575,298.8411,317.7834,320.2021,1826.44
2023-04-23 09:00:00,540.7363,544.653,551.8467,573.7957,559.7302,573.504,568.1076,3394.98
2023-04-23 10:00:00,758.519,735.9263,743.2834,758.4689,750.8005,771.199,753.9994,4520.979
2023-04-23 11:00:00,926.923,831.6352,831.9572,832.9294,832.8375,832.9436,832.7835,4983.242
2023-04-23 12:00:00,1045.111,833.0807,832.1782,819.2493,826.6279,820.7171,822.7329,4941.86
2023-04-23 13:00:00,1057.438,832.9609,832.7856,832.9223,832.8855,832.9028,832.9715,4975.979
2023-04-23 14:00:00,921.957,802.7592,814.2285,779.9518,792.1793,767.0869,767.3806,4717.203
2023-04-23 15:00:00,715.8716,635.6282,654.3316,614.3562,567.6865,683.4032,608.4548,3690.244
2023-04-23 16:00:00,557.9106,534.3536,523.8125,516.9561,374.6553,543.1452,525.6021,2964.642
2023-04-23 17:00:00,436.9901,431.2175,413.7045,422.2116,446.1139,420.852,393.0742,2524.146
2023-04-23 18:00:00,182.0649,161.105,154.7267,169.3037,176.0695,153.4727,158.1947,985.1855
2023-04-23 19:00:00,23.03699,26.5494,25.97618,27.7534,27.74969,27.47943,26.92365,157.6697
2023-04-23 20:00:00,0,0,0.01734977,0,0,0,0,-8.373417
2023-04-23 21:00:00,0,0,0,0,0,0,0,-8.427403
2023-04-23 22:00:00,0,0,0,0,0,0,0,-8.418098
2023-04-23 23:00:00,0,0,0,0,0,0,0,-8.44795
2023-04-24 00:00:00,0.1617015,0,0,0,0,0,0,-8.485996
2023-04-24 01:00:00,0,0,0,0,0,0,0,-8.477934
2023-04-24 02:00:00,0,0,0,0,0,0,0,-8.538511
2023-04-24 03:00:00,0,0,0,0,0,0,0,-8.514077
2023-04-24 04:00:00,0,0,0,0,0,0,0,-8.460913
2023-04-24 05:00:00,0,0,0,0,0,0,0,-8.371447
2023-04-24 06:00:00,2.559449,0,0,0,3.381415,0,2.409258,-2.354973
2023-04-24 07:00:00,81.1317,65.28816,65.69143,71.97028,78.35603,70.1906,80.5063,433.9542
2023-04-24 08:00:00,230.9073,214.1019,209.3052,233.6105,224.3545,235.6155,132.3586,1266.273
2023-04-24 09:00:00,565.5147,564.8847,568.5578,593.4502,580.8308,597.051,590.4727,3532.268
2023-04-24 10:00:00,782.5942,775.8249,780.7335,795.2868,788.7405,801.3801,791.3311,4737.572
2023-04-24 11:00:00,945.8596,832.9062,832.9227,832.9419,832.898,832.8382,832.9302,4984.71
2023-04-24 12:00:00,1041.819,832.8226,832.8578,832.805,832.9623,832.9516,832.8769,4978.74
2023-04-24 13:00:00,1065.938,832.9656,832.7748,832.9122,832.9143,832.8739,832.9467,4977.222
2023-04-24 14:00:00,1017.138,832.9644,832.857,832.8412,832.853,832.8032,832.8309,4975.369
2023-04-24 15:00:00,853.7188,747.5156,772.7756,774.6533,764.0095,798.8238,759.8528,4558.981
2023-04-24 16:00:00,703.1431,669.0236,643.479,684.8877,690.7164,682.5629,659.8895,4027.174
2023-04-24 17:00:00,477.0049,441.8277,429.1825,459.8857,466.3439,452.3509,436.8729,2706.067
2023-04-24 18:00:00,219.4521,174.8488,166.9559,185.471,195.1677,179.3029,173.7807,1082.406
2023-04-24 19:00:00,24.81837,25.96517,25.4228,27.08194,28.57917,25.47758,25.30108,153.7554
2023-04-24 20:00:00,0,0.00455808,0.02039394,0,0,0.002947845,0,-8.419331
2023-04-24 21:00:00,0,0,0,0,0,0,0,-8.475712
2023-04-24 22:00:00,0,0,0,0,0,0,0,-8.498093
2023-04-24 23:00:00,0,0,0,0,0,0,0,-8.494474
2023-04-25 00:00:00,0,0,0,0,0,0,0,-8.48222
2023-04-25 01:00:00,0,0,0,0,0,0,0,-8.463452
2023-04-25 02:00:00,0,0,0,0,0,0,0,-8.451833
2023-04-25 03:00:00,0,0,0,0,0,0,0,-8.424892
2023-04-25 04:00:00,0,0,0,0,0,0,0,-8.354436
2023-04-25 05:00:00,0,0,0,0,0,0,0,-8.367841
2023-04-25 06:00:00,3.306547,0,0,0,4.112668,0,0,-4.10531
2023-04-25 07:00:00,91.30246,64.24467,66.82857,77.23135,70.17906,79.57759,78.45126,439.9322
2023-04-25 08:00:00,313.9406,287.6986,284.0604,312.4214,301.5285,320.9727,322.4486,1859.648
2023-04-25 09:00:00,547.0258,542.7382,549.284,558.8907,558.1768,574.4227,530.0514,3351.447
2023-04-25 10:00:00,757.709,745.2128,749.8687,768.3721,760.4408,778.0469,763.6226,4578.052
2023-04-25 11:00:00,923.9207,833.0884,832.8584,833.0037,832.9487,833.0037,832.9574,4985.686
2023-04-25 12:00:00,1028.503,832.9509,832.9622,486.3355,832.8293,816.0007,819.8261,4579.087
2023-04-25 13:00:00,886.879,727.5816,703.6535,481.4214,643.0535,642.085,643.6445,3808.23
2023-04-25 14:00:00,473.5013,406.5656,397.3424,466.5102,371.4994,474.6126,489.5492,2573.566
2023-04-25 15:00:00,446.7164,421.7733,408.2776,448.403,438.9764,454.6254,442.1758,2640.33
2023-04-25 16:00:00,394.0141,372.3023,370.1153,393.3702,376.0819,394.4835,340.7668,2352.969
2023-04-25 17:00:00,52.57846,52.45406,50.6144,57.56358,56.03795,58.1402,56.74288,327.3365
2023-04-25 18:00:00,22.54224,24.02161,24.06446,24.79941,24.55219,24.64588,23.98587,141.4285
2023-04-25 19:00:00,4.417974,0,3.858062,3.506681,1.981222,2.537055,3.156639,7.229949
2023-04-25 20:00:00,0.05888754,0,0,0,0,0,0,-8.390766
2023-04-25 21:00:00,0,0,0,0,0,0,0,-8.490481
2023-04-25 22:00:00,0,0,0,0,0,0,0,-8.431759
2023-04-25 23:00:00,0,0,0,0,0,0,0,-8.483129
2023-04-26 00:00:00,0,0,0,0,0,0,0,-8.395896
2023-04-26 01:00:00,0,0,0,0,0,0,0,-8.432296
2023-04-26 02:00:00,0,0,0,0,0,0,0,-8.428112
2023-04-26 03:00:00,0,0,0,0,0,0,0,-8.406487
2023-04-26 04:00:00,0,0,0,0,0,0,0,-8.375241
2023-04-26 05:00:00,0,0,0,0,0,0,0,-8.355837
2023-04-26 06:00:00,3.796756,0,0.8065725,0,3.102578,0,0,-4.236826
2023-04-26 07:00:00,68.96262,55.57071,65.2213,58.18619,68.65946,57.23326,56.82044,364.7598
2023-04-26 08:00:00,260.4888,254.2046,252.0015,280.5444,275.3118,247.0841,247.8849,1594.608
2023-04-26 09:00:00,441.9239,463.9316,475.4363,474.2912,473.157,,,1903.254
2023-04-26 10:00:00,534.2272,520.6615,526.4299,530.6443,412.8469,,,2009.469
2023-04-26 11:00:00,373.5113,367.999,367.4215,435.73,429.7449,,,1238.474
2023-04-26 12:00:00,554.9417,555.889,479.7522,,,,,2147.465
2023-04-26 13:00:00,606.824,541.564,451.3567,,,,,2092.46
2023-04-26 14:00:00,216.4019,227.1417,223.6091,36.15017,35.55203,145.7872,192.6951,926.9988
2023-04-26 15:00:00,161.9088,171.1341,170.6701,174.0874,174.3584,175.5582,169.519,1047.134
2023-04-26 16:00:00,173.0605,176.603,175.2224,181.9853,181.5164,180.0862,177.4987,1087.082
2023-04-26 17:00:00,96.47861,101.5348,100.6316,105.2319,104.7526,105.6116,102.8452,625.4072
2023-04-26 18:00:00,27.58313,28.1487,28.02896,29.18466,29.05979,29.5108,28.44239,168.7623
2023-04-26 19:00:00,16.58616,15.24088,15.07085,15.67033,15.6365,16.23218,15.40067,87.34053
2023-04-26 20:00:00,0,0,0,0,0,0,0,-8.4586
2023-04-26 21:00:00,0,0,0,0,0,0,0,-8.499342
2023-04-26 22:00:00,0,0,0,0,0,0,0,-8.474912
2023-04-26 23:00:00,0,0,0,0,0,0,0,-8.468158
2023-04-27 00:00:00,0,0,0,0,0,0,0,-8.470348
2023-04-27 01:00:00,0,0,0,0,0,0,0,-8.509734
2023-04-27 02:00:00,0,0,0,0,0,0,0,-8.496599
2023-04-27 03:00:00,0,0,0,0,0,0,0,-8.505268
2023-04-27 04:00:00,0,0,0,0,0,0,0,-8.463209
2023-04-27 05:00:00,0,0,0,0,0,0,0,-8.364117
2023-04-27 06:00:00,0.6095567,0,0,0,0,0,0,-8.407146
2023-04-27 07:00:00,30.66963,25.60597,23.00011,26.69922,26.43827,5.99095,26.099,128.8363
2023-04-27 08:00:00,71.72051,64.63981,63.83298,69.62243,69.05849,70.46711,68.2291,392.0296
2023-04-27 09:00:00,119.2063,,,,,,,477.7812
2023-04-27 10:00:00,87.48197,,,,,,,345.3903
2023-04-27 11:00:00,141.6918,118.0066,116.8461,156.7311,156.6802,150.5472,150.8349,787.0523
2023-04-27 12:00:00,96.88322,97.41356,96.46438,101.5837,101.14,101.8262,95.75679,599.6354
2023-04-27 13:00:00,86.49828,86.76363,86.15608,90.07458,89.77171,89.86739,89.61403,537.6089
2023-04-27 14:00:00,115.2406,117.0866,116.5499,121.2219,120.6521,125.4227,121.6796,728.2588
2023-04-27 15:00:00,146.4381,147.2366,146.6723,152.05,150.8968,154.6353,154.8264,922.9623
2023-04-27 16:00:00,109.9179,113.6962,113.9578,115.8215,116.1788,115.2051,115.4417,698.9053
2023-04-27 17:00:00,55.67675,54.95279,54.4908,56.38008,56.51785,56.02792,56.10573,334.8942
2023-04-27 18:00:00,21.76784,18.92928,18.54973,19.53962,19.44794,20.67411,19.66743,111.508
2023-04-27 19:00:00,1.730374,0.1827633,0.5094333,0.1742775,0.1764203,0.5023103,0.1751613,-6.593786
2023-04-27 20:00:00,0,0,0,0,0,0,0,-8.480404
2023-04-27 21:00:00,0,0,0,0,0,0,0,-8.544961
2023-04-27 22:00:00,0,0,0,0,0,0,0,-8.505728
2023-04-27 23:00:00,0,0,0,0,0,0,0,-8.552985
2023-04-28 00:00:00,0,0,0,0,0,0,0,-8.518516
2023-04-28 01:00:00,0,0,0,0,0,0,0,-8.564108
2023-04-28 02:00:00,0,0,0,0,0,0,0,-8.58272
2023-04-28 03:00:00,0,0,0,0,0,0,0,-8.562626
2023-04-28 04:00:00,0,0,0,0,0,0,0,-8.523657
2023-04-28 05:00:00,0,0,0,0,0,0,0,-8.408773
2023-04-28 06:00:00,0.976396,0,0,0,0,0,0,-8.409936
2023-04-28 07:00:00,15.78034,8.23807,7.061865,9.181639,8.987082,8.419167,5.249028,39.99147
2023-04-28 08:00:00,49.98357,45.46495,45.92701,46.70669,46.25681,45.34238,46.91796,279.1021
2023-04-28 09:00:00,182.4373,183.0388,179.4361,187.0972,189.3997,185.6024,187.5686,1135.314
2023-04-28 10:00:00,312.1707,296.9521,285.5899,309.7222,304.0986,314.2346,313.1681,1853.822
2023-04-28 11:00:00,429.4835,370.1325,384.4302,370.0281,372.6032,359.5406,359.6435,2233.961
2023-04-28 12:00:00,728.2028,439.6674,440.1619,438.4821,436.0208,360.9379,364.8246,2504.011
2023-04-28 13:00:00,677.9782,588.0107,591.4832,592.3405,604.101,546.4736,539.5353,3434.195
2023-04-28 14:00:00,474.6126,405.9079,416.1428,430.2333,385.2781,410.2048,432.2741,2516.659
2023-04-28 15:00:00,542.3171,361.3245,420.4387,380.7206,358.151,350.9096,370.2097,2119.744
2023-04-28 16:00:00,451.6671,411.7355,409.6434,438.0007,436.3664,412.1053,428.347,2533.367
2023-04-28 17:00:00,150.2699,146.8411,139.8886,139.6527,140.5248,146.5738,140.556,851.014
2023-04-28 18:00:00,106.7343,92.96202,88.50424,99.34873,102.412,94.47256,98.72565,577.3687
2023-04-28 19:00:00,21.78232,20.74606,20.33237,21.90747,21.78375,21.68244,22.25093,123.2723
2023-04-28 20:00:00,0,0,0,0,0,0,0,-8.575557
2023-04-28 21:00:00,0,0,0,0,0,0,0,-8.510307
2023-04-28 22:00:00,0,0,0,0,0,0,0,-8.481888
2023-04-28 23:00:00,0,0,0,0,0,0,0,-8.56615
2023-04-29 00:00:00,0,0,0,0,0,0,0,-8.512371
2023-04-29 01:00:00,0,0,0,0,0,0,0,-8.56237
2023-04-29 02:00:00,0,0,0,0,0,0,0,-8.574204
2023-04-29 03:00:00,0,0,0,0,0,0,0,-8.494242
2023-04-29 04:00:00,0,0,0,0,0,0,0,-8.39648
2023-04-29 05:00:00,0,0,0,0,0,0,0,-8.50147
2023-04-29 06:00:00,3.510761,0.92799,0.1735195,0.9769318,0.9604345,0.2877088,0.1808245,-4.803386
2023-04-29 07:00:00,48.98772,45.40477,44.71274,47.14013,46.67905,47.34269,48.30412,278.3389
2023-04-29 08:00:00,142.8356,140.2555,138.2799,145.6232,144.7292,148.6592,150.9986,880.6405
2023-04-29 09:00:00,222.3121,209.4407,205.1221,220.8544,217.9814,223.8479,228.7409,1325.707
2023-04-29 10:00:00,403.5203,398.137,394.2254,418.5973,408.8252,408.262,431.707,2493.785
2023-04-29 11:00:00,447.6501,430.8618,428.7025,449.4271,444.7419,443.8663,461.3555,2688.311
2023-04-29 12:00:00,526.5767,495.6382,496.5696,507.6705,509.922,512.2589,518.7746,3064.35
2023-04-29 13:00:00,335.549,323.443,321.6935,334.5807,332.6289,335.097,343.962,2011.177
2023-04-29 14:00:00,475.6618,476.5153,461.9211,474.9395,479.8271,476.421,486.5576,2874.526
2023-04-29 15:00:00,643.9835,600.96,595.8525,576.6044,601.5613,583.2456,601.5468,3582.587
2023-04-29 16:00:00,505.4021,483.2296,477.3168,498.3253,498.421,497.5238,508.547,2973.244
2023-04-29 17:00:00,278.5977,272.5313,267.3492,282.0984,281.7478,278.1586,285.5012,1685.369
2023-04-29 18:00:00,106.0004,107.9103,106.4061,112.2594,111.6751,111.6158,114.6856,668.3929
2023-04-29 19:00:00,19.65266,19.92853,19.82922,21.08837,20.86344,20.98428,21.5227,118.3837
2023-04-29 20:00:00,0,0,0,0,0,0,0,-8.495156
2023-04-29 21:00:00,0,0,0,0,0,0,0,-8.566339
2023-04-29 22:00:00,0,0,0,0,0,0,0,-8.552782
2023-04-29 23:00:00,0,0,0,0,0,0,0,-8.58691
2023-04-30 00:00:00,0,0,0,0,0,0,0,-8.562406
2023-04-30 01:00:00,0.03731167,0,0,0,0,0,0,-8.526512
2023-04-30 02:00:00,0,0,0,0,0,0,0,-8.518277
2023-04-30 03:00:00,0,0,0,0,0,0,0,-8.558962
2023-04-30 04:00:00,0,0,0,0,0,0,0,-8.577309
2023-04-30 05:00:00,0,0,0,0,0,0,0,-8.554896
2023-04-30 06:00:00,2.93708,0.2845097,0.08942405,0.3702935,0.3508587,0.1119266,0.07806525,-7.375427
2023-04-30 07:00:00,56.56139,50.86087,48.26907,53.33435,52.62746,51.83408,52.52816,308.4475
2023-04-30 08:00:00,191.2512,175.638,175.7643,188.5573,178.767,193.1866,199.0392,1127.877
2023-04-30 09:00:00,214.4942,218.6788,220.2231,222.1989,228.4655,221.9478,226.2893,1337.348
2023-04-30 10:00:00,210.7576,207.7355,206.0039,215.0876,213.8817,216.5053,223.9437,1303.961
2023-04-30 11:00:00,175.0317,178.0526,177.871,182.3669,182.3158,181.0856,186.8232,1103.204
2023-04-30 12:00:00,254.1971,250.2713,249.4194,258.6004,257.794,258.9581,266.9077,1561.819
2023-04-30 13:00:00,9.71563,5.984743,5.890056,6.534764,5.453497,5.449414,6.483485,28.45051
2023-04-30 14:00:00,47.49242,45.42635,45.01836,47.24288,47.00999,48.57471,48.53676,279.0104
2023-04-30 15:00:00,310.002,303.2261,300.364,311.6584,311.8082,316.6579,324.321,1896.973
2023-04-30 16:00:00,583.5242,545.9952,548.3917,563.7067,553.4495,561.2618,585.6701,3395.049
2023-04-30 17:00:00,221.4315,217.4457,213.6871,231.759,235.9363,218.4883,230.3627,1335.065
2023-04-30 18:00:00,239.697,174.5386,169.8687,182.2244,193.643,185.8339,183.2022,1115.418
2023-04-30 19:00:00,32.30701,24.57066,24.26808,25.82615,27.35631,25.05616,25.62559,148.0207
2023-04-30 20:00:00,2.663223e-05,0.0002691133,0.1020545,0,0,0,0.0675297,-8.221258
2023-04-30 21:00:00,0,0,0,0,0,0,0,-8.485286
2023-04-30 22:00:00,0.7351879,0,0,0,0,0,0,-8.467134
2023-04-30 23:00:00,1.212655,0,0,0,0,0,0,-8.486337
