Faison,Unnamed: 1,Unnamed: 2,Unnamed: 3,Unnamed: 4
,,,,
Timestamp,POA,"AE 1000NX - 1, AC Power","AE 1000NX - 2, AC Power",Production meter active power
,W/mÂ²,kW,kW,kW
2023-07-01 00:00:00,0,0,0,-5.025972
2023-07-01 01:00:00,0,0,0,-5.013945
2023-07-01 02:00:00,0,0,0,-5.066844
2023-07-01 03:00:00,0.04747222,0,0,-5.03073
2023-07-01 04:00:00,0.04456944,0,0,-5.033739
2023-07-01 05:00:00,0.01220833,0,0,-6.954303
2023-07-01 06:00:00,30.09461,23.44247,29.63006,43.4689
2023-07-01 07:00:00,99.79245,71.34566,90.74005,153.4004
2023-07-01 08:00:00,253.5224,185.5593,234.0329,412.9637
2023-07-01 09:00:00,376.0956,279.314,349.4192,621.8521
2023-07-01 10:00:00,456.6304,331.1801,419.1555,742.6957
2023-07-01 11:00:00,520.197,374.2975,467.4028,835.1216
2023-07-01 12:00:00,859.0527,589.6918,738.9976,1323.405
2023-07-01 13:00:00,826.8956,544.0741,692.8873,1221.975
2023-07-01 14:00:00,755.3405,521.009,645.5905,1159.384
2023-07-01 15:00:00,640.5324,440.0236,532.0402,969.7768
2023-07-01 16:00:00,338.6082,238.3568,299.4914,531.4281
2023-07-01 17:00:00,329.5557,229.4469,287.981,507.2581
2023-07-01 18:00:00,96.01065,63.52488,80.24934,134.6004
2023-07-01 19:00:00,27.64384,15.62613,19.71234,25.75341
2023-07-01 20:00:00,2.107472,0.2602777,0.3458455,-8.21424
2023-07-01 21:00:00,0.02266667,0,0,-5.083552
2023-07-01 22:00:00,0.01743056,0,0,-5.130621
2023-07-01 23:00:00,0.02222222,0,0,-5.032273
2023-07-02 00:00:00,0,0,0,-5.072731
2023-07-02 01:00:00,0.01955556,0,0,-4.925271
2023-07-02 02:00:00,0.01911111,0,0,-4.888772
2023-07-02 03:00:00,0,0,0,-4.917437
2023-07-02 04:00:00,0,0,0,-4.913817
2023-07-02 05:00:00,0.03644444,0,0,-6.776545
2023-07-02 06:00:00,19.7186,16.05495,20.54963,26.93719
2023-07-02 07:00:00,88.82889,65.04585,81.81341,138.001
2023-07-02 08:00:00,269.516,202.9057,255.3691,451.9101
2023-07-02 09:00:00,418.5587,316.2632,394.5134,702.9779
2023-07-02 10:00:00,553.6216,409.6434,503.6771,907.9879
2023-07-02 11:00:00,742.2465,530.3596,665.127,1192.479
2023-07-02 12:00:00,846.3746,601.3228,742.806,1341.437
2023-07-02 13:00:00,823.3775,573.014,721.1144,1287.526
2023-07-02 14:00:00,614.4083,448.8269,563.3796,1033.521
2023-07-02 15:00:00,427.7128,303.1135,356.4878,687.3657
2023-07-02 16:00:00,38.98486,22.27355,28.37943,40.35292
2023-07-02 17:00:00,185.9967,148.0967,185.6649,325.7887
2023-07-02 18:00:00,217.5621,137.1461,172.0748,300.828
2023-07-02 19:00:00,63.92259,31.41439,39.79355,61.66574
2023-07-02 20:00:00,4.232002,1.089828,1.428998,-7.057932
2023-07-02 21:00:00,0,0,0,-5.159959
2023-07-02 22:00:00,0,0,0,-5.097642
2023-07-02 23:00:00,0.02334722,0,0,-5.069542
2023-07-03 00:00:00,0.02541666,0,0,-5.126726
2023-07-03 01:00:00,0,0,0,-5.117814
2023-07-03 02:00:00,0,0,0,-5.074841
2023-07-03 03:00:00,0.03458333,0,0,-5.032519
2023-07-03 04:00:00,0.01163889,0,0,-5.005137
2023-07-03 05:00:00,0,0,0,-6.863892
2023-07-03 06:00:00,18.43324,14.07451,18.7827,23.01043
2023-07-03 07:00:00,88.54297,64.50645,81.55627,137.6591
2023-07-03 08:00:00,241.2836,173.5864,216.1853,384.1955
2023-07-03 09:00:00,466.7574,350.3739,438.8164,783.4579
2023-07-03 10:00:00,637.5564,463.0659,578.4964,1036.23
2023-07-03 11:00:00,768.6342,538.4384,672.0706,1206.855
2023-07-03 12:00:00,763.248,539.5054,638.0951,1193.4
2023-07-03 13:00:00,711.9409,473.786,618.4929,1087.053
2023-07-03 14:00:00,203.3254,144.3191,181.9782,318.7176
2023-07-03 15:00:00,152.7029,123.3833,154.4122,275.6151
2023-07-03 16:00:00,107.936,95.16526,122.1872,208.543
2023-07-03 17:00:00,360.5037,277.3304,340.6042,611.1002
2023-07-03 18:00:00,218.3857,114.4464,143.3692,249.1604
2023-07-03 19:00:00,47.39774,23.08028,28.95368,42.46846
2023-07-03 20:00:00,5.95865,2.493333,3.608194,-3.377653
2023-07-03 21:00:00,0,0,0,-5.177063
2023-07-03 22:00:00,0.01747222,0,0,-5.057644
2023-07-03 23:00:00,0.01668056,0,0,-5.050096
2023-07-04 00:00:00,4.8916e-05,0,0,-5.002651
2023-07-04 01:00:00,0.008964973,0,0,-5.025865
2023-07-04 02:00:00,0.0004119007,0,0,-5.029634
2023-07-04 03:00:00,0.01526865,0,0,-5.040837
2023-07-04 04:00:00,0.01445833,0,0,-5.046241
2023-07-04 05:00:00,0.02266667,0,0,-6.694486
2023-07-04 06:00:00,12.14736,10.22253,13.12314,13.8359
2023-07-04 07:00:00,90.3539,62.43213,79.24085,133.5447
2023-07-04 08:00:00,243.7966,182.4453,228.3637,404.4794
2023-07-04 09:00:00,455.0327,346.493,425.8702,771.935
2023-07-04 10:00:00,591.5913,382.1319,510.5753,852.7301
2023-07-04 11:00:00,711.5765,477.898,590.0455,1048.304
2023-07-04 12:00:00,899.5426,542.9487,680.0027,1201.987
2023-07-04 13:00:00,801.8713,510.7064,643.5323,1136.233
2023-07-04 14:00:00,860.4089,582.2798,727.6423,1307.702
2023-07-04 15:00:00,706.7361,486.3568,595.8635,1072.664
2023-07-04 16:00:00,586.4573,405.6844,498.4739,897.6574
2023-07-04 17:00:00,336.0439,247.1948,298.4807,544.3219
2023-07-04 18:00:00,186.6501,122.1136,153.825,268.0671
2023-07-04 19:00:00,34.30111,21.3318,26.5492,38.66478
2023-07-04 20:00:00,5.636888,0.9159967,1.590302,-7.149821
2023-07-04 21:00:00,0.005680555,0,0,-5.593543
2023-07-04 22:00:00,0,0,0,-5.089085
2023-07-04 23:00:00,0,0,0,-5.09501
2023-07-05 00:00:00,0,0,0,-5.116055
2023-07-05 01:00:00,0.04541667,0,0,-5.040091
2023-07-05 02:00:00,0,0,0,-5.002986
2023-07-05 03:00:00,0,0,0,-5.079729
2023-07-05 04:00:00,0,0,0,-5.059793
2023-07-05 05:00:00,0.008160372,0,0,-6.533698
2023-07-05 06:00:00,13.61449,11.81181,14.84028,17.2256
2023-07-05 07:00:00,74.49877,61.40453,77.76799,130.8266
2023-07-05 08:00:00,208.039,157.0307,200.557,354.5004
2023-07-05 09:00:00,313.5962,244.4291,294.1619,530.3306
2023-07-05 10:00:00,560.2085,427.8881,525.9191,950.4344
2023-07-05 11:00:00,776.2607,556.4487,677.9539,1229.602
2023-07-05 12:00:00,812.5607,552.8327,669.3105,1217.358
2023-07-05 13:00:00,920.2043,627.2614,742.2988,1367.292
2023-07-05 14:00:00,589.5363,412.5094,485.7062,889.9551
2023-07-05 15:00:00,191.7097,143.0235,168.802,297.8791
2023-07-05 16:00:00,421.3989,322.7137,389.3736,704.0586
2023-07-05 17:00:00,186.4923,131.9613,157.9025,279.3556
2023-07-05 18:00:00,37.16727,21.6652,26.65303,38.08362
2023-07-05 19:00:00,7.543292,4.604856,5.924022,1.35165
2023-07-05 20:00:00,2.988699,1.214867,1.434306,-6.626244
2023-07-05 21:00:00,0.01133333,0,0,-5.050435
2023-07-05 22:00:00,0,0,0,-5.146956
2023-07-05 23:00:00,0,0,0,-5.125093
2023-07-06 00:00:00,0,0,0,-5.067621
2023-07-06 01:00:00,0,0,0,-5.080964
2023-07-06 02:00:00,0.01702778,0,0,-4.958624
2023-07-06 03:00:00,0.02266667,0,0,-4.99134
2023-07-06 04:00:00,0,0,0,-4.979
2023-07-06 05:00:00,0,0,0,-6.376198
2023-07-06 06:00:00,0.1594722,-0.1152778,0,-9.493998
2023-07-06 07:00:00,15.42675,15.52104,18.81539,24.14238
2023-07-06 08:00:00,101.0039,83.11964,100.508,175.3019
2023-07-06 09:00:00,393.6668,312.2806,381.9307,680.1138
2023-07-06 10:00:00,545.7522,399.0202,489.9124,880.5519
2023-07-06 11:00:00,730.0795,534.3723,655.4349,1178.632
2023-07-06 12:00:00,720.5347,521.6571,552.0144,1070.539
2023-07-06 13:00:00,731.8279,549.6087,570.4188,1108.694
2023-07-06 14:00:00,789.3861,539.0255,607.4566,1139.747
2023-07-06 15:00:00,401.9541,325.042,334.6726,655.592
2023-07-06 16:00:00,472.9534,330.8842,389.5419,716.0063
2023-07-06 17:00:00,249.8905,183.4531,213.9356,390.0405
2023-07-06 18:00:00,130.9222,96.23064,110.6437,199.2757
2023-07-06 19:00:00,111.0058,94.09283,111.6354,197.524
2023-07-06 20:00:00,59.26999,38.48012,44.98216,73.63725
2023-07-06 21:00:00,0,0,0,-5.449289
2023-07-06 22:00:00,0,0,0,-5.196342
2023-07-06 23:00:00,0,0,0,-5.125688
2023-07-07 00:00:00,0,0,0,-5.060703
2023-07-07 01:00:00,0.004763888,0,0,-4.966937
2023-07-07 02:00:00,0,0,0,-4.968105
2023-07-07 03:00:00,0,0,0,-4.940013
2023-07-07 04:00:00,0,0,0,-4.945486
2023-07-07 05:00:00,0.003895832,0,0,-6.643714
2023-07-07 06:00:00,12.56962,10.57743,12.65421,13.52174
2023-07-07 07:00:00,93.87128,64.00169,76.69746,132.3279
2023-07-07 08:00:00,255.5076,203.7818,240.2944,437.4922
2023-07-07 09:00:00,438.6721,371.4156,435.1159,800.9542
2023-07-07 10:00:00,656.353,508.8406,593.0928,1096.126
2023-07-07 11:00:00,838.4096,617.019,715.4215,1327.252
2023-07-07 12:00:00,851.9384,566.8314,741.8397,1306.374
2023-07-07 13:00:00,927.8344,657.5537,755.1005,1406.135
2023-07-07 14:00:00,876.0872,631.3896,725.3956,1348.853
2023-07-07 15:00:00,764.2912,554.4861,641.2218,1190.526
2023-07-07 16:00:00,516.9557,374.3352,434.8217,801.4531
2023-07-07 17:00:00,268.0848,202.9437,238.1607,433.6063
2023-07-07 18:00:00,128.1577,93.39856,110.1696,194.9164
2023-07-07 19:00:00,47.56772,28.94489,34.28545,53.91056
2023-07-07 20:00:00,0.9680746,0.0488793,0.0488793,-8.156732
2023-07-07 21:00:00,0,0,0,-5.098234
2023-07-07 22:00:00,0,0,0,-5.165758
2023-07-07 23:00:00,0,0,0,-5.195779
2023-07-08 00:00:00,0.02263889,0,0,-5.088871
2023-07-08 01:00:00,0,0,0,-5.029219
2023-07-08 02:00:00,0,0,0,-4.889176
2023-07-08 03:00:00,0,0,0,-4.934002
2023-07-08 04:00:00,0.02279167,0,0,-4.962349
2023-07-08 05:00:00,0.03844444,0,0,-6.456266
2023-07-08 06:00:00,15.77299,14.01338,16.46995,20.88074
2023-07-08 07:00:00,102.74,83.93591,97.54955,173.1496
2023-07-08 08:00:00,248.9043,198.3497,225.8923,417.6858
2023-07-08 09:00:00,404.1256,325.8002,382.596,703.4754
2023-07-08 10:00:00,610.2779,470.3297,549.3984,1015.897
2023-07-08 11:00:00,756.8595,569.5274,629.3067,1194
2023-07-08 12:00:00,894.9553,652.6036,747.2947,1395.635
2023-07-08 13:00:00,756.8801,533.5192,618.3835,1148.389
2023-07-08 14:00:00,777.9786,537.3814,638.2361,1164.535
2023-07-08 15:00:00,576.9693,447.5521,508.7219,952.699
2023-07-08 16:00:00,614.6665,411.9914,507.1456,896.3311
2023-07-08 17:00:00,194.336,132.8642,161.9644,283.4938
2023-07-08 18:00:00,122.6393,88.56098,104.5224,183.5775
2023-07-08 19:00:00,32.08492,20.80763,24.41457,35.64225
2023-07-08 20:00:00,2.111111,0.1694445,0.2827792,-8.504968
2023-07-08 21:00:00,0,0,0,-5.158217
2023-07-08 22:00:00,0.05127778,0,0,-5.072643
2023-07-08 23:00:00,0,0,0,-5.053437
2023-07-09 00:00:00,0.02265278,0,0,-5.059919
2023-07-09 01:00:00,0,0,0,-5.095432
2023-07-09 02:00:00,0,0,0,-5.048244
2023-07-09 03:00:00,0,0,0,-4.897944
2023-07-09 04:00:00,0,0,0,-4.927786
2023-07-09 05:00:00,0,0,0,-6.348668
2023-07-09 06:00:00,11.95974,10.88,13.05889,14.42915
2023-07-09 07:00:00,89.33024,76.20235,89.43877,156.4398
2023-07-09 08:00:00,209.5624,179.2973,190.6564,361.8442
2023-07-09 09:00:00,470.9366,388.2292,441.7163,823.649
2023-07-09 10:00:00,557.7618,437.7288,510.532,934.8287
2023-07-09 11:00:00,788.4691,591.4041,689.6432,1268.868
2023-07-09 12:00:00,893.3638,667.3181,771.2459,1431.545
2023-07-09 13:00:00,854.0408,630.074,727.659,1370.947
2023-07-09 14:00:00,123.3717,93.46661,109.1667,193.6907
2023-07-09 15:00:00,13.59158,5.78885,6.830473,2.996208
2023-07-09 16:00:00,28.617,27.25533,32.10123,50.56721
2023-07-09 17:00:00,290.5448,244.6032,289.8014,525.3859
2023-07-09 18:00:00,220.5046,150.1465,165.9431,306.3333
2023-07-09 19:00:00,60.60251,29.73956,34.65851,54.80325
2023-07-09 20:00:00,4.164653,1.939604,2.021842,-5.142862
2023-07-09 21:00:00,0,0,0,-5.045833
2023-07-09 22:00:00,0,0,0,-5.1021
2023-07-09 23:00:00,0,0,0,-5.075066
2023-07-10 00:00:00,0,0,0,-5.0932
2023-07-10 01:00:00,0,0,0,-4.943991
2023-07-10 02:00:00,0,0,0,-4.937627
2023-07-10 03:00:00,0,0,0,-4.933977
2023-07-10 04:00:00,0.005652777,0,0,-4.907715
2023-07-10 05:00:00,0,0,0,-6.12602
2023-07-10 06:00:00,9.630028,8.201665,9.853127,8.604157
2023-07-10 07:00:00,44.61807,37.53064,44.26145,72.86877
2023-07-10 08:00:00,146.1264,121.3138,143.1034,256.9088
2023-07-10 09:00:00,312.2137,249.7479,292.7569,522.9811
2023-07-10 10:00:00,281.2265,219.1159,257.323,463.5085
2023-07-10 11:00:00,288.8858,233.914,275.2718,502.958
2023-07-10 12:00:00,353.2682,278.3527,327.1071,599.1476
2023-07-10 13:00:00,395.6043,308.8227,362.3891,665.1439
2023-07-10 14:00:00,297.246,232.9827,272.5471,498.2444
2023-07-10 15:00:00,143.7779,110.9916,130.5456,233.2308
2023-07-10 16:00:00,195.7233,158.5404,187.0703,338.1181
2023-07-10 17:00:00,171.8177,131.726,154.5597,277.9203
2023-07-10 18:00:00,122.059,92.64883,108.8026,193.4621
2023-07-10 19:00:00,90.16254,59.01559,68.95243,118.6164
2023-07-10 20:00:00,9.658231,5.089175,5.882741,1.351099
2023-07-10 21:00:00,0,0,0,-5.395838
2023-07-10 22:00:00,0,0,0,-5.093016
2023-07-10 23:00:00,0,0,0,-5.009855
2023-07-11 00:00:00,0,0,0,-4.933072
2023-07-11 01:00:00,0.005680555,0,0,-4.936198
2023-07-11 02:00:00,0,0,0,-4.961168
2023-07-11 03:00:00,0,0,0,-5.003211
2023-07-11 04:00:00,0.005666668,0,0,-5.027984
2023-07-11 05:00:00,0,0,0,-6.368645
2023-07-11 06:00:00,12.66091,10.13476,12.10476,12.73661
2023-07-11 07:00:00,95.2281,59.99515,72.02708,124.1399
2023-07-11 08:00:00,262.1265,206.756,244.3347,444.3106
2023-07-11 09:00:00,478.9977,383.2002,449.4367,825.1188
2023-07-11 10:00:00,644.0648,530.0398,557.2777,1058.908
2023-07-11 11:00:00,803.5171,565.9793,638.0856,1191.543
2023-07-11 12:00:00,925.317,659.9313,768.4211,1422.707
2023-07-11 13:00:00,809.3088,582.8641,631.3856,1187.382
2023-07-11 14:00:00,967.0273,662.4326,767.3558,1412.744
2023-07-11 15:00:00,734.574,527.7855,612.3895,1132.984
2023-07-11 16:00:00,655.0093,440.5604,532.684,972.8229
2023-07-11 17:00:00,410.1367,302.1733,351.2693,646.7753
2023-07-11 18:00:00,215.3316,147.6808,172.3725,311.03
2023-07-11 19:00:00,63.36866,29.60937,34.77269,54.50866
2023-07-11 20:00:00,7.870657,2.960508,3.589718,-3.264407
2023-07-11 21:00:00,0.04217552,0,0,-5.319493
2023-07-11 22:00:00,0.006819442,0,0,-5.150916
2023-07-11 23:00:00,0,0,0,-5.212998
2023-07-12 00:00:00,0,0,0,-5.062268
2023-07-12 01:00:00,0,0,0,-4.96584
2023-07-12 02:00:00,0,0,0,-4.937628
2023-07-12 03:00:00,0,0,0,-4.937917
2023-07-12 04:00:00,0,0,0,-4.930292
2023-07-12 05:00:00,0.01211588,0,0,-6.52446
2023-07-12 06:00:00,14.52143,12.1264,14.60061,17.24024
2023-07-12 07:00:00,114.333,82.04437,97.71889,172.0618
2023-07-12 08:00:00,263.3006,207.3962,244.3408,444.6011
2023-07-12 09:00:00,373.566,290.9017,356.181,644.5079
2023-07-12 10:00:00,657.7295,509.0363,594.0681,1097.636
2023-07-12 11:00:00,774.8022,553.4361,662.0135,1203.83
2023-07-12 12:00:00,857.2512,606.8726,707.2274,1302.322
2023-07-12 13:00:00,897.423,582.9498,666.9982,1236.616
2023-07-12 14:00:00,797.423,568.5225,659.9327,1201.043
2023-07-12 15:00:00,644.8334,463.9109,534.7228,966.2249
2023-07-12 16:00:00,560.7386,400.2879,456.0524,839.9863
2023-07-12 17:00:00,284.8284,220.5558,242.6752,458.7116
2023-07-12 18:00:00,161.8591,117.6377,138.7674,246.6397
2023-07-12 19:00:00,65.68631,32.82946,38.87402,62.03702
2023-07-12 20:00:00,7.178958,2.811404,3.263195,-3.051661
2023-07-12 21:00:00,0.02201558,0,0,-5.209833
2023-07-12 22:00:00,0,0,0,-5.153801
2023-07-12 23:00:00,0.02261111,0,0,-5.0565
2023-07-13 00:00:00,0.02036111,0,0,-5.023477
2023-07-13 01:00:00,0,0,0,-4.926808
2023-07-13 02:00:00,0,0,0,-4.967208
2023-07-13 03:00:00,0,0,0,-4.981643
2023-07-13 04:00:00,0,0,0,-4.977276
2023-07-13 05:00:00,0,0,0,-6.291152
2023-07-13 06:00:00,14.55772,11.73411,13.78764,16.36869
2023-07-13 07:00:00,84.80891,69.98399,83.1609,145.3724
2023-07-13 08:00:00,223.7846,175.6383,212.7011,378.0601
2023-07-13 09:00:00,313.5904,215.6093,249.9178,456.9052
2023-07-13 10:00:00,474.8795,362.5706,438.2869,793.1953
2023-07-13 11:00:00,703.5211,559.5432,633.2802,1191.698
2023-07-13 12:00:00,825.9173,538.074,666.0057,1201.177
2023-07-13 13:00:00,898.3703,614.9354,688.3547,1323.593
2023-07-13 14:00:00,695.8749,467.4121,510.7546,946.7004
2023-07-13 15:00:00,655.957,467.7987,531.5527,987.846
2023-07-13 16:00:00,513.8062,373.9173,435.6385,800.7991
2023-07-13 17:00:00,383.6926,290.5523,341.1549,624.6005
2023-07-13 18:00:00,170.2587,116.5766,129.097,239.4976
2023-07-13 19:00:00,71.57471,43.45712,51.3876,85.71
2023-07-13 20:00:00,4.145538,0.9793054,1.024079,-7.378457
2023-07-13 21:00:00,0.04996569,0,0,-5.130283
2023-07-13 22:00:00,0.004411765,0,0,-5.150615
2023-07-13 23:00:00,0,0,0,-5.161135
2023-07-14 00:00:00,0,0,0,-5.092199
2023-07-14 01:00:00,0,0,0,-4.923784
2023-07-14 02:00:00,0,0,0,-4.950165
2023-07-14 03:00:00,0,0,0,-4.997854
2023-07-14 04:00:00,0,0,0,-5.009391
2023-07-14 05:00:00,0,0,0,-6.173964
2023-07-14 06:00:00,14.6325,11.18297,13.38355,15.2277
2023-07-14 07:00:00,35.14734,25.97997,30.84853,47.64248
2023-07-14 08:00:00,27.81591,19.41414,23.10903,33.3241
2023-07-14 09:00:00,20.71302,13.73361,16.03875,20.66051
2023-07-14 10:00:00,12.62425,8.673334,10.24454,8.974966
2023-07-14 11:00:00,26.60936,21.95779,26.27265,38.37496
2023-07-14 12:00:00,28.5058,22.84542,26.74971,40.17249
2023-07-14 13:00:00,261.7429,207.5213,243.0076,448.2064
2023-07-14 14:00:00,613.7335,471.1264,548.2413,1013.998
2023-07-14 15:00:00,595.1972,453.5759,528.8881,978.2894
2023-07-14 16:00:00,96.00817,72.86096,84.96265,148.718
2023-07-14 17:00:00,152.0288,122.5645,145.3764,259.8712
2023-07-14 18:00:00,96.17926,73.2898,86.07513,150.0044
2023-07-14 19:00:00,55.58414,39.14506,45.74192,75.24176
2023-07-14 20:00:00,3.974138,1.346189,1.770204,-6.193841
2023-07-14 21:00:00,0,0,0,-5.01967
2023-07-14 22:00:00,0.01693056,0,0,-5.072776
2023-07-14 23:00:00,0,0,0,-5.010192
2023-07-15 00:00:00,0,0,0,-4.99851
2023-07-15 01:00:00,0,0,0,-5.058363
2023-07-15 02:00:00,0.01130555,0,0,-5.007123
2023-07-15 03:00:00,0,0,0,-4.952821
2023-07-15 04:00:00,0,0,0,-4.922767
2023-07-15 05:00:00,0,0,0,-5.88259
2023-07-15 06:00:00,7.601027,4.696848,6.831429,2.25502
2023-07-15 07:00:00,71.43459,56.59433,67.46436,114.8842
2023-07-15 08:00:00,179.4053,138.7436,163.8488,294.6145
2023-07-15 09:00:00,248.9559,191.4261,222.7639,407.313
2023-07-15 10:00:00,430.8155,327.8626,403.6451,734.4022
2023-07-15 11:00:00,703.4088,534.9756,617.1241,1179.004
2023-07-15 12:00:00,817.8569,485.5797,588.213,1058.905
2023-07-15 13:00:00,784.1182,517.8444,631.4824,1108.522
2023-07-15 14:00:00,708.4604,506.7299,588.8499,1117.739
2023-07-15 15:00:00,367.4061,297.2818,340.2003,637.3619
2023-07-15 16:00:00,69.13575,52.05352,61.5682,104.5664
2023-07-15 17:00:00,119.247,101.0898,118.9097,211.8557
2023-07-15 18:00:00,124.8561,95.42816,112.6659,199.551
2023-07-15 19:00:00,52.05722,33.1091,39.21444,62.25543
2023-07-15 20:00:00,4.664763,2.310364,2.582383,-4.266312
2023-07-15 21:00:00,0.005652779,0,0,-5.116098
2023-07-15 22:00:00,0,0,0,-5.038105
2023-07-15 23:00:00,0.02263889,0,0,-5.105646
2023-07-16 00:00:00,0.02258333,0,0,-5.14947
2023-07-16 01:00:00,0,0,0,-5.164581
2023-07-16 02:00:00,0,0,0,-5.06074
2023-07-16 03:00:00,0,0,0,-5.091874
2023-07-16 04:00:00,0,0,0,-5.094642
2023-07-16 05:00:00,0,0,0,-5.986883
2023-07-16 06:00:00,8.20284,6.051744,7.030934,3.501983
2023-07-16 07:00:00,51.84455,44.09673,52.41594,86.87815
2023-07-16 08:00:00,147.8595,115.1156,134.6938,241.2337
2023-07-16 09:00:00,338.3086,274.7897,319.7522,570.5714
2023-07-16 10:00:00,649.0954,481.0999,564.5424,1031.701
2023-07-16 11:00:00,535.6009,372.3577,392.5687,765.0563
2023-07-16 12:00:00,863.604,623.579,727.7754,1353.524
2023-07-16 13:00:00,866.5441,611.5058,706.269,1305.183
2023-07-16 14:00:00,898.3076,618.2959,742.6255,1343.73
2023-07-16 15:00:00,822.0295,510.9571,624.7554,1119.751
2023-07-16 16:00:00,517.107,332.7552,429.4955,768.1356
2023-07-16 17:00:00,413.3231,307.8216,356.3626,652.8442
2023-07-16 18:00:00,209.7619,142.8673,166.2984,300.7303
2023-07-16 19:00:00,72.9894,38.78704,44.58998,73.97958
2023-07-16 20:00:00,8.728894,3.276114,3.630423,-2.19833
2023-07-16 21:00:00,0.03069798,0,0,-5.059237
2023-07-16 22:00:00,0,0,0,-5.070433
2023-07-16 23:00:00,0.01375,0,0,-5.141868
2023-07-17 00:00:00,0,0,0,-5.153249
2023-07-17 01:00:00,0,0,0,-5.17411
2023-07-17 02:00:00,0,0,0,-5.163607
2023-07-17 03:00:00,0,0,0,-5.175338
2023-07-17 04:00:00,0,0,0,-5.138496
2023-07-17 05:00:00,0.002336737,0,0,-6.026445
2023-07-17 06:00:00,14.90225,12.848,15.31406,19.03188
2023-07-17 07:00:00,107.9932,79.94006,95.15718,166.7145
2023-07-17 08:00:00,236.222,188.9384,222.1721,403.936
2023-07-17 09:00:00,386.7473,305.6465,357.7676,656.3679
2023-07-17 10:00:00,600.6801,467.1136,543.7368,1004.877
2023-07-17 11:00:00,748.767,553.2554,645.7085,1192.966
2023-07-17 12:00:00,835.4246,601.0934,700.3126,1295.002
2023-07-17 13:00:00,862.2944,618.6733,719.689,1331.114
2023-07-17 14:00:00,812.8264,586.9024,683.6333,1264.199
2023-07-17 15:00:00,716.1857,523.9115,608.4698,1125.916
2023-07-17 16:00:00,546.5359,405.5204,472.4091,871.0374
2023-07-17 17:00:00,350.4109,259.4566,302.7092,554.8103
2023-07-17 18:00:00,184.2503,130.3415,152.7782,274.6815
2023-07-17 19:00:00,57.39622,34.84053,41.28342,66.30154
2023-07-17 20:00:00,5.202125,1.395933,1.792489,-5.922397
2023-07-17 21:00:00,0.03794444,0,0,-5.173725
2023-07-17 22:00:00,0.02263889,0,0,-5.076209
2023-07-17 23:00:00,0.01131945,0,0,-5.066858
2023-07-18 00:00:00,0.02268055,0,0,-5.051097
2023-07-18 01:00:00,0,0,0,-5.050118
2023-07-18 02:00:00,0.01958334,0,0,-5.080568
2023-07-18 03:00:00,0.009555555,0,0,-5.091037
2023-07-18 04:00:00,0,0,0,-5.124951
2023-07-18 05:00:00,0,0,0,-5.985187
2023-07-18 06:00:00,11.49213,10.20247,12.42185,12.912
2023-07-18 07:00:00,81.4588,67.04704,79.45321,137.3703
2023-07-18 08:00:00,204.4395,167.2866,197.8723,358.517
2023-07-18 09:00:00,394.6719,313.6749,368.4843,676.3204
2023-07-18 10:00:00,576.8459,442.7898,518.2917,955.8434
2023-07-18 11:00:00,742.3273,560.0767,651.3292,1205.759
2023-07-18 12:00:00,859.6741,620.0024,722.4731,1336.148
2023-07-18 13:00:00,876.7286,624.8262,729.9158,1347.47
2023-07-18 14:00:00,824.845,588.7968,684.0021,1265.54
2023-07-18 15:00:00,728.2566,527.3514,615.3611,1135.95
2023-07-18 16:00:00,554.6991,405.873,473.7133,872.6121
2023-07-18 17:00:00,364.2571,266.5603,311.5162,570.5175
2023-07-18 18:00:00,185.2066,128.3406,150.0747,270.1886
2023-07-18 19:00:00,61.73194,37.56603,44.57287,72.41928
2023-07-18 20:00:00,4.861494,1.413815,1.806691,-5.860956
2023-07-18 21:00:00,0.008958332,0,0,-5.029842
2023-07-18 22:00:00,0.009472222,0,0,-5.055404
2023-07-18 23:00:00,0.01322222,0,0,-5.055419
2023-07-19 00:00:00,0,0,0,-5.015537
2023-07-19 01:00:00,0.01308333,0,0,-5.067765
2023-07-19 02:00:00,0.05488887,0,0,-5.090923
2023-07-19 03:00:00,0.05429168,0,0,-5.061854
2023-07-19 04:00:00,0.01370833,0,0,-5.031456
2023-07-19 05:00:00,0,0,0,-6.192621
2023-07-19 06:00:00,9.445995,7.089153,8.580403,6.325538
2023-07-19 07:00:00,97.08987,76.27646,90.01301,157.5087
2023-07-19 08:00:00,176.5005,134.8118,158.3667,284.3161
2023-07-19 09:00:00,117.9428,91.93179,108.7679,191.728
2023-07-19 10:00:00,275.718,215.1693,253.9174,464.651
2023-07-19 11:00:00,412.6088,311.5515,363.8735,669.7476
2023-07-19 12:00:00,507.4895,379.7548,447.5983,825.1652
2023-07-19 13:00:00,660.856,440.4526,511.8949,954.3208
2023-07-19 14:00:00,710.5818,443.6003,578.2242,1024.181
2023-07-19 15:00:00,660.8435,492.9637,583.7975,1086.794
2023-07-19 16:00:00,313.821,232.8478,275.6747,501.3569
2023-07-19 17:00:00,51.10278,28.86786,34.86884,54.01149
2023-07-19 18:00:00,12.89703,7.944613,9.540194,7.664565
2023-07-19 19:00:00,17.11874,12.10903,15.5184,18.19065
2023-07-19 20:00:00,10.78554,5.045854,6.35938,1.838006
2023-07-19 21:00:00,0,0,0,-5.179511
2023-07-19 22:00:00,0,0,0,-5.126159
2023-07-19 23:00:00,0,0,0,-5.158862
2023-07-20 00:00:00,0,0,0,-5.090265
2023-07-20 01:00:00,0,0,0,-4.984057
2023-07-20 02:00:00,0.01891667,0,0,-4.921939
2023-07-20 03:00:00,0,0,0,-4.916547
2023-07-20 04:00:00,0.01180555,0,0,-4.915731
2023-07-20 05:00:00,0.0008672088,0,0,-5.835385
2023-07-20 06:00:00,8.677397,6.330406,8.326935,5.047523
2023-07-20 07:00:00,83.36926,54.22485,65.45547,110.8826
2023-07-20 08:00:00,250.1642,196.1227,233.8272,422.6681
2023-07-20 09:00:00,464.9931,372.3898,440.0565,807.4561
2023-07-20 10:00:00,662.5974,518.1041,608.7767,1121.332
2023-07-20 11:00:00,822.6215,614.9797,719.7812,1326.017
2023-07-20 12:00:00,890.2308,643.27,757.3226,1395.367
2023-07-20 13:00:00,939.3394,650.2171,778.4784,1423.685
2023-07-20 14:00:00,676.5929,539.6273,581.4633,1125.721
2023-07-20 15:00:00,664.2226,486.7736,566.5787,1036.313
2023-07-20 16:00:00,572.5662,413.0568,489.6585,881.1095
2023-07-20 17:00:00,339.1552,254.1771,297.9157,543.202
2023-07-20 18:00:00,116.8644,83.36932,99.31322,173.7924
2023-07-20 19:00:00,47.20255,30.48965,35.92006,56.51755
2023-07-20 20:00:00,4.712817,1.51808,1.584759,-6.00438
2023-07-20 21:00:00,0.02284722,0,0,-5.154062
2023-07-20 22:00:00,0.04534722,0,0,-5.134602
2023-07-20 23:00:00,0.05070832,0,0,-5.106037
2023-07-21 00:00:00,0.02305556,0,0,-5.15466
2023-07-21 01:00:00,0,0,0,-5.179408
2023-07-21 02:00:00,0,0,0,-5.09751
2023-07-21 03:00:00,0,0,0,-4.981629
2023-07-21 04:00:00,0,0,0,-5.015193
2023-07-21 05:00:00,0,0,0,-5.942963
2023-07-21 06:00:00,8.647993,6.01861,7.465889,4.124011
2023-07-21 07:00:00,79.59383,51.00999,61.48233,103.7652
2023-07-21 08:00:00,252.2547,198.3162,236.6198,427.9499
2023-07-21 09:00:00,464.5195,378.8957,448.1421,821.444
2023-07-21 10:00:00,649.6646,518.8438,608.1161,1126.969
2023-07-21 11:00:00,826.9636,634.4502,744.0822,1372.538
2023-07-21 12:00:00,923.6526,688.7556,807.004,1487.88
2023-07-21 13:00:00,899.7921,707.3608,770.8562,1467.652
2023-07-21 14:00:00,946.5795,674.2746,793.2211,1457.576
2023-07-21 15:00:00,719.6716,481.7426,595.6636,1084.598
2023-07-21 16:00:00,516.6581,428.8972,504.4486,921.8155
2023-07-21 17:00:00,435.0871,324.6323,381.5367,698.4903
2023-07-21 18:00:00,215.5735,142.7809,168.4543,302.9084
2023-07-21 19:00:00,62.58798,30.32445,35.88572,56.42926
2023-07-21 20:00:00,3.889464,0.9730065,1.22768,-6.957952
2023-07-21 21:00:00,0,0,0,-5.112391
2023-07-21 22:00:00,0.022625,0,0,-5.126031
2023-07-21 23:00:00,0.005652777,0,0,-5.110523
2023-07-22 00:00:00,0,0,0,-5.170555
2023-07-22 01:00:00,0,0,0,-5.172861
2023-07-22 02:00:00,0,0,0,-5.023979
2023-07-22 03:00:00,0.005680555,0,0,-5.043702
2023-07-22 04:00:00,0,0,0,-5.063525
2023-07-22 05:00:00,0,0,0,-5.96567
2023-07-22 06:00:00,8.561792,6.705127,8.24332,5.479606
2023-07-22 07:00:00,73.3082,59.39603,71.31246,121.9077
2023-07-22 08:00:00,220.8967,166.7408,198.1687,357.0486
2023-07-22 09:00:00,417.9366,335.8286,392.3021,724.5883
2023-07-22 10:00:00,293.6452,223.4693,266.9589,483.2943
2023-07-22 11:00:00,569.1105,59.06578,545.4433,605.1556
2023-07-22 12:00:00,808.3563,0,582.4062,577.9031
2023-07-22 13:00:00,708.1889,0,633.5068,632.0001
2023-07-22 14:00:00,540.8109,0,481.4198,464.7059
2023-07-22 15:00:00,105.2444,0,92.46285,83.95124
2023-07-22 16:00:00,266.3607,0,234.4701,226.4846
2023-07-22 17:00:00,314.9379,0,277.5083,272.8882
2023-07-22 18:00:00,129.2617,0,115.1913,107.0339
2023-07-22 19:00:00,30.3245,0,20.64656,11.36779
2023-07-22 20:00:00,4.555579,0,1.068484,-8.133036
2023-07-22 21:00:00,0.001656863,0,0,-5.181447
2023-07-22 22:00:00,0,0,0,-5.20808
2023-07-22 23:00:00,0,0,0,-5.152189
2023-07-23 00:00:00,0,0,0,-5.111204
2023-07-23 01:00:00,0,0,0,-5.11481
2023-07-23 02:00:00,0,0,0,-5.100575
2023-07-23 03:00:00,0,0,0,-5.033006
2023-07-23 04:00:00,0,0,0,-4.922988
2023-07-23 05:00:00,0,0,0,-5.593672
2023-07-23 06:00:00,11.87115,0,13.12399,6.034238
2023-07-23 07:00:00,87.44838,0,72.55125,65.95111
2023-07-23 08:00:00,229.3243,0,215.4924,210.2211
2023-07-23 09:00:00,408.9112,0,417.7313,412.5403
2023-07-23 10:00:00,631.2674,433.6261,562.9865,882.9761
2023-07-23 11:00:00,698.5095,530.6712,616.087,1128.423
2023-07-23 12:00:00,652.2419,74.44042,536.2453,607.4785
2023-07-23 13:00:00,715.5668,0,523.7042,518.0292
2023-07-23 14:00:00,919.3371,0,776.9598,777.1828
2023-07-23 15:00:00,803.5993,0,680.9069,674.0838
2023-07-23 16:00:00,607.9176,0,518.6064,511.3718
2023-07-23 17:00:00,407.5396,0,348.5107,338.7757
2023-07-23 18:00:00,117.9238,0,90.55769,81.84137
2023-07-23 19:00:00,11.18629,0,5.955219,-3.156484
2023-07-23 20:00:00,0.883514,0,0,-8.658505
2023-07-23 21:00:00,0,0,0,-5.205609
2023-07-23 22:00:00,0,0,0,-5.234087
2023-07-23 23:00:00,0.004173783,0,0,-5.268143
2023-07-24 00:00:00,0.002103996,0,0,-5.094006
2023-07-24 01:00:00,0,0,0,-5.048841
2023-07-24 02:00:00,0,0,0,-5.10259
2023-07-24 03:00:00,0,0,0,-4.963249
2023-07-24 04:00:00,0,0,0,-4.888949
2023-07-24 05:00:00,0,0,0,-5.11336
2023-07-24 06:00:00,2.91474,0,3.425277,-3.744932
2023-07-24 07:00:00,72.11692,0,60.38837,53.67767
2023-07-24 08:00:00,225.5653,0,232.0514,226.7836
2023-07-24 09:00:00,407.2071,0,367.8486,363.6891
2023-07-24 10:00:00,665.412,0,557.7471,556.4673
2023-07-24 11:00:00,717.2519,0,562.7724,551.3203
2023-07-24 12:00:00,622.6981,0,584.2215,578.6582
2023-07-24 13:00:00,464.238,0,154.5494,33.57341
2023-07-24 14:00:00,831.961,0,595.8993,591.6956
2023-07-24 15:00:00,444.7862,,330.5828,325.4969
2023-07-24 16:00:00,201.4915,,173.0392,167.6216
2023-07-24 17:00:00,381.9527,,340.5279,332.4038
2023-07-24 18:00:00,214.6113,,166.9863,160.5148
2023-07-24 19:00:00,60.39817,,34.75221,27.50533
2023-07-24 20:00:00,5.053223,,1.86565,-4.792572
2023-07-24 21:00:00,0.02354167,,0,-4.902351
2023-07-24 22:00:00,0,,0,-4.915374
2023-07-24 23:00:00,0,,0,-4.933435
2023-07-25 00:00:00,0,,0,-4.958704
2023-07-25 01:00:00,0,,0,-4.986368
2023-07-25 02:00:00,0,,0,-4.930071
2023-07-25 03:00:00,0.006,,0,-4.860736
2023-07-25 04:00:00,0,,0,-4.783905
2023-07-25 05:00:00,0,,0,-5.199228
2023-07-25 06:00:00,9.45283,,8.725329,1.461876
2023-07-25 07:00:00,84.00041,,68.72563,61.77999
2023-07-25 08:00:00,248.9863,,230.7997,225.396
2023-07-25 09:00:00,459.6114,,429.8494,425.3718
2023-07-25 10:00:00,657.6086,,39.2573,31.89197
2023-07-25 11:00:00,776.6676,0,0,-7.042196
2023-07-25 12:00:00,732.9654,0,0,-6.690525
2023-07-25 13:00:00,650.9503,0,0,-5.090309
2023-07-25 14:00:00,781.4465,,0,-5.340488
2023-07-25 15:00:00,841.5884,,,-4.623329
2023-07-25 16:00:00,530.7618,,,-4.660177
2023-07-25 17:00:00,361.7113,,,-4.647618
2023-07-25 18:00:00,237.4852,,,-4.618645
2023-07-25 19:00:00,68.56499,,,-4.616713
2023-07-25 20:00:00,4.75153,,,-4.623602
2023-07-25 21:00:00,0.02525,,,-4.682373
2023-07-25 22:00:00,0,,,-4.675017
2023-07-25 23:00:00,0.01233333,,,-4.620581
2023-07-26 00:00:00,0,,,-4.73029
2023-07-26 01:00:00,0,,,-4.677593
2023-07-26 02:00:00,0,,,-4.632896
2023-07-26 03:00:00,0,,,-4.635243
2023-07-26 04:00:00,0,,,-4.642259
2023-07-26 05:00:00,0,,,-4.540485
2023-07-26 06:00:00,9.571535,,,-4.630785
2023-07-26 07:00:00,109.9747,,,-4.523376
2023-07-26 08:00:00,240.5068,,,-4.455502
2023-07-26 09:00:00,377.4996,,,-4.683321
2023-07-26 10:00:00,519.4527,0,0,-6.70936
2023-07-26 11:00:00,698.707,0,0,-7.05328
2023-07-26 12:00:00,912.0316,0,,-4.797862
2023-07-26 13:00:00,620.0704,0,,-4.715875
2023-07-26 14:00:00,787.5452,0,,-4.773818
2023-07-26 15:00:00,803.2751,0,,-4.751266
2023-07-26 16:00:00,386.4804,0,,-4.765686
2023-07-26 17:00:00,438.5144,0,,-4.762514
2023-07-26 18:00:00,196.1127,0,,-4.759912
2023-07-26 19:00:00,55.62045,0,,-4.731812
2023-07-26 20:00:00,4.232072,0,,-4.796697
2023-07-26 21:00:00,0.005375,0,,-4.896495
2023-07-26 22:00:00,0,0,,-4.891057
2023-07-26 23:00:00,0,0,,-4.839104
2023-07-27 00:00:00,0.03519445,0,,-4.939651
2023-07-27 01:00:00,0.01766667,0,,-4.78511
2023-07-27 02:00:00,0,0,,-4.759953
2023-07-27 03:00:00,0,0,,-4.785965
2023-07-27 04:00:00,0,0,,-4.808912
2023-07-27 05:00:00,0,0,,-4.772823
2023-07-27 06:00:00,8.946821,0,,-4.861791
2023-07-27 07:00:00,83.48872,0,,-4.78726
2023-07-27 08:00:00,249.706,0,,-4.792214
2023-07-27 09:00:00,461.274,0,,-4.759746
2023-07-27 10:00:00,664.1532,0,,-5.181531
2023-07-27 11:00:00,808.4447,23.78889,,16.84019
2023-07-27 12:00:00,826.795,52.0675,,53.7614
2023-07-27 13:00:00,850.8331,14.82609,,8.674129
2023-07-27 14:00:00,817.9413,295.4997,,9.499712
2023-07-27 15:00:00,811.7257,313.6883,,226.6538
2023-07-27 16:00:00,557.4399,364.7329,,360.8671
2023-07-27 17:00:00,385.1199,266.481,,262.3609
2023-07-27 18:00:00,203.254,131.1747,,123.1665
2023-07-27 19:00:00,46.29036,26.32495,,19.24408
2023-07-27 20:00:00,5.931062,1.510221,,-5.287796
2023-07-27 21:00:00,0.01754167,0,,-4.9287
2023-07-27 22:00:00,0.01763889,0,,-4.937204
2023-07-27 23:00:00,0,0,,-5.000206
2023-07-28 00:00:00,0.05295834,0,,-4.982793
2023-07-28 01:00:00,0,0,,-5.043963
2023-07-28 02:00:00,0.017625,0,,-4.828938
2023-07-28 03:00:00,0,0,,-4.824297
2023-07-28 04:00:00,0,0,,-4.865119
2023-07-28 05:00:00,0.0435,0,,-5.157492
2023-07-28 06:00:00,3.873692,2.456088,,-4.568069
2023-07-28 07:00:00,76.13071,45.85452,,39.05721
2023-07-28 08:00:00,255.3272,188.4517,,181.9473
2023-07-28 09:00:00,501.0597,356.2564,,347.8943
2023-07-28 10:00:00,356.8709,53.78169,,46.67486
2023-07-28 11:00:00,553.2192,0,,-7.169092
2023-07-28 12:00:00,640.8638,0,,-7.163869
2023-07-28 13:00:00,589.9019,0,,-6.857203
2023-07-28 14:00:00,632.2532,0,,-4.658535
2023-07-28 15:00:00,376.8577,,,-4.616597
2023-07-28 16:00:00,505.5935,,,-4.63077
2023-07-28 17:00:00,290.7375,,,-4.610859
2023-07-28 18:00:00,181.978,,,-4.65029
2023-07-28 19:00:00,61.85809,,,-4.624995
2023-07-28 20:00:00,3.463377,,,-4.745371
2023-07-28 21:00:00,0,,,-4.777466
2023-07-28 22:00:00,0,,,-4.794166
2023-07-28 23:00:00,0,,,-4.677556
2023-07-29 00:00:00,0,,,-4.639678
2023-07-29 01:00:00,0,,,-4.682433
2023-07-29 02:00:00,0,,,-4.702185
2023-07-29 03:00:00,0,,,-4.746862
2023-07-29 04:00:00,0,,,-4.745177
2023-07-29 05:00:00,0,,,-4.659899
2023-07-29 06:00:00,9.447075,,,-4.660953
2023-07-29 07:00:00,70.72097,,,-4.634017
2023-07-29 08:00:00,212.7909,,,-4.533174
2023-07-29 09:00:00,235.2043,,,-4.443273
2023-07-29 10:00:00,267.7726,,,-4.432419
2023-07-29 11:00:00,560.8536,,,-4.504453
2023-07-29 12:00:00,637.3631,,,-4.49474
2023-07-29 13:00:00,549.0406,,,-4.71097
2023-07-29 14:00:00,610.0952,,,-4.658791
2023-07-29 15:00:00,232.8258,,,-4.621463
2023-07-29 16:00:00,151.5768,,,-4.658368
2023-07-29 17:00:00,325.8418,,,-4.693971
2023-07-29 18:00:00,276.9302,,,-4.716069
2023-07-29 19:00:00,59.19123,,,-4.659083
2023-07-29 20:00:00,2.184784,,,-4.579806
2023-07-29 21:00:00,0.02475253,,,-4.638903
2023-07-29 22:00:00,0.02308081,,,-4.640349
2023-07-29 23:00:00,0,,,-4.652554
2023-07-30 00:00:00,0,,,-4.603951
2023-07-30 01:00:00,0,,,-4.534408
2023-07-30 02:00:00,0,,,-4.597099
2023-07-30 03:00:00,0,,,-4.577249
2023-07-30 04:00:00,0,,,-4.511749
2023-07-30 05:00:00,0,,,-4.494962
2023-07-30 06:00:00,7.498458,,,-4.525177
2023-07-30 07:00:00,82.13499,,,-4.359851
2023-07-30 08:00:00,228.0864,,,-4.281022
2023-07-30 09:00:00,320.7624,,,-4.663227
2023-07-30 10:00:00,496.7931,,,-4.620314
2023-07-30 11:00:00,808.3231,,,-4.624871
2023-07-30 12:00:00,901.3954,,,-4.562167
2023-07-30 13:00:00,935.5292,,,-4.519849
2023-07-30 14:00:00,831.1674,,,-4.512189
2023-07-30 15:00:00,781.2328,,,-4.510218
2023-07-30 16:00:00,642.105,,,-4.567556
2023-07-30 17:00:00,423.6765,,,-4.568612
2023-07-30 18:00:00,132.1769,,,-4.40696
2023-07-30 19:00:00,28.27221,,,-4.539374
2023-07-30 20:00:00,2.328375,,,-4.604114
2023-07-30 21:00:00,0,,,-4.599781
2023-07-30 22:00:00,0.00611111,,,-4.656027
2023-07-30 23:00:00,0,,,-4.663758
2023-07-31 00:00:00,0,,,-4.716613
2023-07-31 01:00:00,0,,,-4.591034
2023-07-31 02:00:00,0,,,-4.496624
2023-07-31 03:00:00,0,,,-4.488294
2023-07-31 04:00:00,0,,,-4.388405
2023-07-31 05:00:00,0,,,-4.307305
2023-07-31 06:00:00,6.90415,,,-4.600451
2023-07-31 07:00:00,82.74841,,,-4.493974
2023-07-31 08:00:00,271.8401,,,-4.46447
2023-07-31 09:00:00,506.3946,,,-4.407015
2023-07-31 10:00:00,660.7952,,,-4.571789
2023-07-31 11:00:00,817.8316,,,-4.555762
2023-07-31 12:00:00,908.6751,0,,-4.814291
2023-07-31 13:00:00,1016.005,398.3367,,227.8386
2023-07-31 14:00:00,624.4235,377.8088,0,369.948
2023-07-31 15:00:00,788.9897,562.0944,,556.2548
2023-07-31 16:00:00,607.36,417.8405,,408.4074
2023-07-31 17:00:00,188.4641,133.7352,,126.9505
2023-07-31 18:00:00,120.8997,81.12782,,72.98617
2023-07-31 19:00:00,80.58054,38.31182,,31.10794
2023-07-31 20:00:00,3.606054,0.9459643,,-5.659044
2023-07-31 21:00:00,0,0,,-4.824276
2023-07-31 22:00:00,0,0,,-4.816454
2023-07-31 23:00:00,0,0,,-4.710375
