Timestamp,POA Irradiance,Meter Power,Inverter_1,Inverter_2,Inverter_3,Inverter_4,Inverter_5,Inverter_6,Inverter_7,Inverter_8,Inverter_9,Inverter_10,Avg_Top_20%,Expected Sum
2022-09-01 00:00:00,0.0,,0.0,0.0,0.0,0.0,0.0,0.0,0.0,,0.0,0.0,,0.0
2022-09-01 01:00:00,0.0,,0.0,0.0,0.0,0.0,0.0,0.0,0.0,,0.0,0.0,,0.0
2022-09-01 02:00:00,0.0,,0.0,0.0,0.0,0.0,0.0,0.0,0.0,,0.0,0.0,,0.0
2022-09-01 03:00:00,0.0,,0.0,0.0,0.0,0.0,0.0,0.0,0.0,,0.0,0.0,,0.0
2022-09-01 04:00:00,0.0,,0.0,0.0,0.0,0.0,0.0,0.0,0.0,,0.0,0.0,,0.0
2022-09-01 05:00:00,0.0,,0.0,0.0,0.0,0.0,0.0,0.0,0.0,,0.0,0.0,,0.0
2022-09-01 06:00:00,0.08597375,,0.0,0.0,0.0,0.0,0.0,0.0,0.0,,0.0,0.0,,0.0
2022-09-01 07:00:00,53.29787,,29.21705,29.83088,25.35227,29.43722,28.94565,29.5161,28.87066,,29.78273,28.96062,29.806805,259.91318
2022-09-01 08:00:00,202.7174,,110.0593,106.5801,104.2488,114.7989,101.2281,101.939,108.0922,,102.8718,107.05,112.4291,956.8682
2022-09-01 09:00:00,410.5315,,218.7914,210.8286,212.9534,228.735,196.5466,199.8699,214.0442,,200.7459,209.1777,223.7632,1891.6926999999998
2022-09-01 10:00:00,640.8478,,327.6488,322.16,322.8495,340.9848,296.4087,297.8272,320.1451,,293.9461,310.8043,334.3168,2832.7745000000004
2022-09-01 11:00:00,877.4439,,418.6185,416.8234,420.976,438.4882,385.8948,384.4358,409.0866,,362.3639,387.477,429.7321,3624.1641999999997
2022-09-01 12:00:00,738.1103,,344.0707,345.0049,339.4158,350.2997,326.54,307.7694,341.3802,,329.5124,347.525,348.91234999999995,3031.5181000000002
2022-09-01 13:00:00,709.4498,,336.6545,342.2227,338.4545,351.7859,322.8502,314.9964,336.0073,,311.3621,326.9542,347.0043,2981.2878
2022-09-01 14:00:00,604.213,,282.4373,283.2363,282.3527,294.8467,266.9099,268.8992,283.8253,,264.2343,280.8008,289.336,2507.5425
2022-09-01 15:00:00,567.5737,,274.4384,272.4885,273.2743,284.431,254.8014,254.3026,268.9426,,249.054,262.6084,279.4347,2394.3412000000003
2022-09-01 16:00:00,290.3373,,153.4566,151.7555,152.1821,159.2905,146.5862,147.4216,153.5798,,142.9591,150.2934,156.43515000000002,1357.5248000000001
2022-09-01 17:00:00,153.9606,,83.78996,82.61633,83.11262,87.24978,80.86679,81.55273,84.58614,,79.15762,83.04581,85.91796,745.9777799999998
2022-09-01 18:00:00,69.48202,,36.63199,36.12266,36.1869,38.34489,35.59187,35.98605,37.10792,,34.92735,35.05779,37.726405,325.95742
2022-09-01 19:00:00,11.25099,,3.916739,3.809504,3.666527,4.153626,3.809031,3.37585,2.449303,,3.04089,2.321314,,30.542784
2022-09-01 20:00:00,0.2415416,,0.0,0.0,0.0,0.0,0.0,0.0,0.0,,0.0,0.0,,0.0
2022-09-01 21:00:00,0.0,,0.0,0.0,0.0,0.0,0.0,0.0,0.0,,0.0,0.0,,0.0
2022-09-01 22:00:00,0.0,,0.0,0.0,0.0,0.0,0.0,0.0,0.0,,0.0,0.0,,0.0
2022-09-01 23:00:00,0.0,,0.0,0.0,0.0,0.0,0.0,0.0,0.0,,0.0,0.0,,0.0
2022-09-02 00:00:00,0.0,,0.0,0.0,0.0,0.0,0.0,0.0,0.0,,0.0,0.0,,0.0
2022-09-02 01:00:00,0.0,,0.0,0.0,0.0,0.0,0.0,0.0,0.0,,0.0,0.0,,0.0
2022-09-02 02:00:00,0.0,,0.0,0.0,0.0,0.0,0.0,0.0,0.0,,0.0,0.0,,0.0
2022-09-02 03:00:00,0.0,,0.0,0.0,0.0,0.0,0.0,0.0,0.0,,0.0,0.0,,0.0
2022-09-02 04:00:00,0.0,,0.0,0.0,0.0,0.0,0.0,0.0,0.0,,0.0,0.0,,0.0
2022-09-02 05:00:00,0.0,,0.0,0.0,0.0,0.0,0.0,0.0,0.0,,0.0,0.0,,0.0
2022-09-02 06:00:00,0.2893661,,0.0764151,0.07340503,0.0,0.0,0.0,0.0,0.0,,0.05782977,0.0,,0.2076499
2022-09-02 07:00:00,55.60501,,27.91733,27.6722,21.21745,26.51888,27.31059,28.31222,25.79794,,27.43027,25.14612,28.114775,237.32299999999998
2022-09-02 08:00:00,210.1957,,109.3281,106.4298,102.0617,116.8449,101.6417,102.0465,110.7135,,101.7664,106.3358,113.7792,957.1684
2022-09-02 09:00:00,343.7946,,180.0451,176.5997,177.5656,191.8834,162.1496,163.6552,177.2857,,165.6017,173.5988,185.96425,1568.3847999999998
2022-09-02 10:00:00,618.9136,,306.059,304.7135,307.8448,326.1566,276.1716,275.0422,300.2221,,276.2883,291.1303,317.00070000000005,2663.6284
2022-09-02 11:00:00,858.5904,,384.5691,385.5431,388.1749,406.6896,351.9365,348.9931,376.8124,,347.2307,367.4987,397.43224999999995,3357.4481000000005
2022-09-02 12:00:00,847.1065,,367.6933,366.9024,365.5501,377.8914,341.2374,337.9861,352.5477,,364.2212,350.4878,372.79235,3224.5173999999997
2022-09-02 13:00:00,878.5934,,380.4624,383.7233,403.8081,404.3906,360.079,347.2657,383.5912,,339.633,369.8199,404.09935,3372.7731999999996
2022-09-02 14:00:00,905.9199,,401.2303,400.659,398.493,412.8306,371.3398,360.2325,389.9076,,364.6863,381.769,407.03045,3481.1480999999994
2022-09-02 15:00:00,756.9363,,341.995,357.9753,363.1991,374.1383,319.7632,309.0099,329.6674,,306.9022,306.4382,368.6687,3009.0886
2022-09-02 16:00:00,560.1556,,259.1809,259.9522,257.5396,270.0143,238.308,236.6791,253.3957,,237.9505,250.3304,264.98325,2263.3506999999995
2022-09-02 17:00:00,372.0416,,172.0125,167.9846,166.6517,177.884,154.259,153.7671,164.7002,,149.5276,158.9056,174.94824999999997,1465.6923000000002
2022-09-02 18:00:00,153.6302,,61.75736,60.31569,59.45574,62.93773,57.71764,58.86038,60.48762,,55.50725,58.63462,62.347545,535.67403
2022-09-02 19:00:00,12.94317,,3.561393,3.582458,3.411968,3.578956,4.5473,3.704961,2.114211,,2.968271,2.345933,,29.815451
2022-09-02 20:00:00,0.0003041812,,0.0,0.0,0.0,0.0,0.0,0.0,0.0,,0.0,0.0,,0.0
2022-09-02 21:00:00,0.0,,0.0,0.0,0.0,0.0,0.0,0.0,0.0,,0.0,0.0,,0.0
2022-09-02 22:00:00,0.0,,0.0,0.0,0.0,0.0,0.0,0.0,0.0,,0.0,0.0,,0.0
2022-09-02 23:00:00,0.0,,0.0,0.0,0.0,0.0,0.0,0.0,0.0,,0.0,0.0,,0.0
2022-09-03 00:00:00,0.0,,0.0,0.0,0.0,0.0,0.0,0.0,0.0,,0.0,0.0,,0.0
2022-09-03 01:00:00,0.0,,0.0,0.0,0.0,0.0,0.0,0.0,0.0,,0.0,0.0,,0.0
2022-09-03 02:00:00,0.0,,0.0,0.0,0.0,0.0,0.0,0.0,0.0,,0.0,0.0,,0.0
2022-09-03 03:00:00,0.0,,0.0,0.0,0.0,0.0,0.0,0.0,0.0,,0.0,0.0,,0.0
2022-09-03 04:00:00,0.0,,0.0,0.0,0.0,0.0,0.0,0.0,0.0,,0.0,0.0,,0.0
2022-09-03 05:00:00,0.0,,0.0,0.0,0.0,0.0,0.0,0.0,0.0,,0.0,0.0,,0.0
2022-09-03 06:00:00,0.2767439,,0.0,0.0,0.0,0.0,0.0,0.0,0.0,,0.0,0.0,,0.0
2022-09-03 07:00:00,51.95201,,21.34452,21.32665,13.93175,18.96505,21.13655,21.42626,17.5245,,21.64546,19.65141,21.53586,176.95215000000002
2022-09-03 08:00:00,238.8898,,114.3468,110.5888,105.0259,123.1948,101.0177,101.4937,112.8639,,102.9778,107.3643,118.77080000000001,978.8737
2022-09-03 09:00:00,510.9239,,249.6303,243.4519,250.386,270.0091,215.1577,213.7786,241.8425,,212.4265,222.5441,260.19755,2119.2267
2022-09-03 10:00:00,651.7534,,309.158,295.6689,314.5386,323.7302,270.0871,266.2184,299.0341,,269.297,280.5882,319.1344,2628.3205000000003
2022-09-03 11:00:00,777.0734,,368.5863,363.5429,369.9433,385.9932,331.261,328.9591,356.8987,,339.2361,350.9201,377.96825,3195.3407
2022-09-03 12:00:00,812.1677,,392.7465,382.8118,343.8012,353.4112,335.2797,333.7465,326.8642,,341.2856,343.1011,387.77915,3153.0478000000003
2022-09-03 13:00:00,643.5413,,342.4774,328.9027,329.6942,337.1056,269.4409,275.6072,306.1652,,302.6296,281.4275,339.7915,2773.4502999999995
2022-09-03 14:00:00,909.9655,,400.4723,401.2974,394.6729,398.9312,363.2178,359.5797,369.0267,,358.3061,376.5665,400.88485000000003,3422.0706
2022-09-03 15:00:00,781.4839,,345.2687,349.2974,342.1506,365.6917,319.4488,318.4239,342.0173,,318.2754,333.8805,357.49455,3034.4543000000003
2022-09-03 16:00:00,261.9205,,178.1889,169.0501,179.8221,186.916,131.0635,121.2181,154.8035,,128.6196,138.6487,183.36905000000002,1388.3305
2022-09-03 17:00:00,219.4067,,123.3918,110.9173,117.552,113.275,94.19031,102.1092,100.6004,,107.2452,107.8912,120.4719,977.17241
2022-09-03 18:00:00,91.15647,,41.84118,39.99879,39.38018,41.47668,38.9332,38.9428,39.16867,,39.22194,40.7948,41.65893,359.75824
2022-09-03 19:00:00,13.00266,,3.684899,3.883219,4.058987,4.332021,4.393024,3.597538,1.903005,,3.633955,2.362349,,31.848996999999997
2022-09-03 20:00:00,0.00597685,,0.0,0.0,0.0,0.0,0.0,0.0,0.0,,0.0,0.0,,0.0
2022-09-03 21:00:00,0.0,,0.0,0.0,0.0,0.0,0.0,0.0,0.0,,0.0,0.0,,0.0
2022-09-03 22:00:00,0.0,,0.0,0.0,0.0,0.0,0.0,0.0,0.0,,0.0,0.0,,0.0
2022-09-03 23:00:00,0.0,,0.0,0.0,0.0,0.0,0.0,0.0,0.0,,0.0,0.0,,0.0
2022-09-04 00:00:00,0.0,,0.0,0.0,0.0,0.0,0.0,0.0,0.0,,0.0,0.0,,0.0
2022-09-04 01:00:00,0.0,,0.0,0.0,0.0,0.0,0.0,0.0,0.0,,0.0,0.0,,0.0
2022-09-04 02:00:00,0.0,,0.0,0.0,0.0,0.0,0.0,0.0,0.0,,0.0,0.0,,0.0
2022-09-04 03:00:00,0.0,,0.0,0.0,0.0,0.0,0.0,0.0,0.0,,0.0,0.0,,0.0
2022-09-04 04:00:00,0.0,,0.0,0.0,0.0,0.0,0.0,0.0,0.0,,0.0,0.0,,0.0
2022-09-04 05:00:00,0.0,,0.0,0.0,0.0,0.0,0.0,0.0,0.0,,0.0,0.0,,0.0
2022-09-04 06:00:00,0.3824418,,0.0,0.0,0.0,0.0,0.0,0.0,0.0,,0.0,0.0,,0.0
2022-09-04 07:00:00,51.91364,,20.84896,20.5335,13.51097,18.18353,20.4709,20.26395,17.57981,,20.92523,18.73993,20.887095000000002,171.05678
2022-09-04 08:00:00,235.8235,,111.4986,107.4725,102.1325,120.7856,97.38454,96.99709,109.8134,,100.2113,104.8309,116.1421,951.1264299999999
2022-09-04 09:00:00,464.6611,,225.6275,218.5033,223.0879,240.9359,192.4803,190.3103,215.0983,,194.5719,203.0951,233.2817,1903.7105000000001
2022-09-04 10:00:00,638.4789,,306.9395,302.0341,288.2114,309.1839,258.1228,244.5114,292.4871,,264.9316,273.9341,308.0617,2540.3559
2022-09-04 11:00:00,655.9037,,256.6831,295.8844,299.7028,324.3265,285.7068,271.4463,295.4489,,303.2693,287.6938,313.7979,2620.1619
2022-09-04 12:00:00,738.4921,,313.0805,323.9508,310.0969,345.7091,317.0629,309.9683,354.7844,,335.9099,362.9841,358.88425,2973.5469000000003
2022-09-04 13:00:00,789.8827,,341.7107,348.537,353.9354,371.1153,317.0239,330.1829,356.9781,,320.0248,333.6995,364.0467,3073.2076
2022-09-04 14:00:00,586.507,,268.0729,274.8064,276.613,296.3036,251.7164,251.8681,280.0396,,243.0315,257.2644,288.1716,2399.7159
2022-09-04 15:00:00,615.5853,,302.7701,293.9798,297.7096,307.7086,264.8065,259.468,283.2544,,244.9424,273.2434,305.23935,2527.8828
2022-09-04 16:00:00,525.6318,,231.0614,236.4203,199.8391,226.3405,214.7666,211.1737,233.0128,,219.4372,247.1445,241.7824,2019.1961000000001
2022-09-04 17:00:00,258.8601,,124.6581,121.4126,121.8097,130.7852,111.803,112.8552,121.2764,,106.9915,111.7897,127.72165000000001,1063.3814
2022-09-04 18:00:00,143.4259,,59.09621,58.14832,57.57068,61.16048,55.14054,54.99963,57.51442,,52.36715,55.28214,60.128344999999996,511.2795699999999
2022-09-04 19:00:00,11.26228,,4.395575,4.452949,4.515536,4.648455,4.414262,4.486674,3.155969,,3.956674,3.409756,,37.43585
2022-09-04 20:00:00,0.004199073,,0.0,0.0,0.0,0.0,0.0,0.0,0.0,,0.0,0.0,,0.0
2022-09-04 21:00:00,0.0,,0.0,0.0,0.0,0.0,0.0,0.0,0.0,,0.0,0.0,,0.0
2022-09-04 22:00:00,0.0,,0.0,0.0,0.0,0.0,0.0,0.0,0.0,,0.0,0.0,,0.0
2022-09-04 23:00:00,0.0,,0.0,0.0,0.0,0.0,0.0,0.0,0.0,,0.0,0.0,,0.0
2022-09-05 00:00:00,0.0,,0.0,0.0,0.0,0.0,0.0,0.0,0.0,,0.0,0.0,,0.0
2022-09-05 01:00:00,0.0,,0.0,0.0,0.0,0.0,0.0,0.0,0.0,,0.0,0.0,,0.0
2022-09-05 02:00:00,0.0,,0.0,0.0,0.0,0.0,0.0,0.0,0.0,,0.0,0.0,,0.0
2022-09-05 03:00:00,0.0,,0.0,0.0,0.0,0.0,0.0,0.0,0.0,,0.0,0.0,,0.0
2022-09-05 04:00:00,0.0,,0.0,0.0,0.0,0.0,0.0,0.0,0.0,,0.0,0.0,,0.0
2022-09-05 05:00:00,0.0,,0.0,0.0,0.0,0.0,0.0,0.0,0.0,,0.0,0.0,,0.0
2022-09-05 06:00:00,0.2777177,,0.0,0.0,0.0,0.0,0.0,0.0,0.0,,0.0,0.0,,0.0
2022-09-05 07:00:00,38.35032,,16.33269,16.26743,12.44871,15.31263,16.07082,15.19544,11.86242,,16.38392,11.12363,,130.99769
2022-09-05 08:00:00,293.1889,,142.3539,137.6724,132.8777,152.0615,123.2608,122.5995,137.5648,,127.0064,133.1208,147.2077,1208.5177999999999
2022-09-05 09:00:00,279.3052,,139.1374,136.217,137.5186,146.7973,126.5135,126.7971,137.366,,125.4374,132.9354,142.96735,1208.7197
2022-09-05 10:00:00,420.4164,,211.8423,204.5385,210.6505,218.8241,186.8799,186.8395,203.2372,,191.6398,202.4689,215.33319999999998,1816.9207
2022-09-05 11:00:00,506.2802,,252.8833,244.0463,250.5634,263.1538,221.7425,218.2816,241.9661,,225.1856,240.4489,258.01855,2158.2715
2022-09-05 12:00:00,385.7233,,190.9777,186.3343,183.448,200.1687,171.1251,171.4653,186.6621,,177.0283,182.9985,195.57319999999999,1650.2079999999999
2022-09-05 13:00:00,378.1881,,185.4895,182.3691,183.6848,190.9713,172.3908,173.1165,182.4304,,174.4945,182.9653,188.2304,1627.9122000000002
2022-09-05 14:00:00,84.59386,,41.93611,41.30136,41.06034,44.02422,39.85812,40.47229,38.39217,,40.43563,36.82521,42.980165,364.30544999999995
2022-09-05 15:00:00,25.579,,11.17912,11.90577,11.81311,12.93151,10.64075,10.94849,6.254581,,11.43566,4.351688,,91.46067899999998
2022-09-05 16:00:00,27.97623,,12.75423,12.26363,12.51132,12.82081,11.85,11.15442,8.731141,,10.90821,7.95985,,100.953611
2022-09-05 17:00:00,63.29281,,31.95467,33.03615,32.19377,34.27112,30.56453,31.16802,31.94256,,30.10927,30.73992,33.653635,285.98001000000005
2022-09-05 18:00:00,126.6833,,62.1388,60.79541,60.97295,65.25163,58.14111,58.82945,60.84626,,57.80226,60.0417,63.695215000000005,544.81957
2022-09-05 19:00:00,6.281754,,0.9095285,1.274534,1.330686,2.072659,1.609536,1.072521,0.9958079,,1.278121,1.295115,,11.838508400000002
2022-09-05 20:00:00,0.002784407,,0.0,0.0,0.0,0.0,0.0,0.0,0.0,,0.0,0.0,,0.0
2022-09-05 21:00:00,0.0,,0.0,0.0,0.0,0.0,0.0,0.0,0.0,,0.0,0.0,,0.0
2022-09-05 22:00:00,0.0,,0.0,0.0,0.0,0.0,0.0,0.0,0.0,,0.0,0.0,,0.0
2022-09-05 23:00:00,0.0,,0.0,0.0,0.0,0.0,0.0,0.0,0.0,,0.0,0.0,,0.0
2022-09-06 00:00:00,0.0,,0.0,0.0,0.0,0.0,0.0,0.0,0.0,,0.0,0.0,,0.0
2022-09-06 01:00:00,0.0,,0.0,0.0,0.0,0.0,0.0,0.0,0.0,,0.0,0.0,,0.0
2022-09-06 02:00:00,0.0,,0.0,0.0,0.0,0.0,0.0,0.0,0.0,,0.0,0.0,,0.0
2022-09-06 03:00:00,0.0,,0.0,0.0,0.0,0.0,0.0,0.0,0.0,,0.0,0.0,,0.0
2022-09-06 04:00:00,0.0,,0.0,0.0,0.0,0.0,0.0,0.0,0.0,,0.0,0.0,,0.0
2022-09-06 05:00:00,0.0,,0.0,0.0,0.0,0.0,0.0,0.0,0.0,,0.0,0.0,,0.0
2022-09-06 06:00:00,0.04421623,,0.0,0.0,0.0,0.0,0.0,0.0,0.0,,0.0,0.0,,0.0
2022-09-06 07:00:00,13.26919,,5.2652,4.273757,4.683654,5.000885,5.593179,4.074097,3.047843,,5.544024,3.927384,,41.41002300000001
2022-09-06 08:00:00,84.98784,,43.14537,41.31521,42.03051,44.91177,39.29697,38.82924,41.94004,,39.35635,40.46896,44.02857,371.29442
2022-09-06 09:00:00,247.146,,140.4395,139.3698,138.0927,155.2974,120.8901,109.3954,133.1574,,124.2875,145.725,150.5112,1206.6547999999998
2022-09-06 10:00:00,534.0662,,245.9289,252.4749,246.4585,263.3833,226.0376,229.1875,233.5552,,209.1598,219.9545,257.9291,2126.1402
2022-09-06 11:00:00,646.8595,,299.3088,282.4578,306.1092,303.9664,262.1289,304.1415,299.2295,,287.5501,285.6853,305.12535,2630.5775
2022-09-06 12:00:00,763.1165,,369.0786,381.4696,346.1062,352.4668,312.7715,323.5458,322.0047,,277.5779,299.0204,375.2741,2984.0415
2022-09-06 13:00:00,803.0812,,349.5913,345.6601,356.3966,366.0297,316.3349,299.171,336.2808,,314.7549,335.0563,361.21315,3019.2756
2022-09-06 14:00:00,711.6042,,323.4731,282.062,321.9466,337.8807,255.7278,266.4844,291.2903,,249.4563,247.4411,330.6769,2575.7623
2022-09-06 15:00:00,527.8194,,258.2239,239.0632,269.6922,275.8172,203.7492,193.6398,215.196,,220.0592,249.5296,272.7547,2124.9703
2022-09-06 16:00:00,418.1626,,184.1627,189.0379,184.5203,199.8504,170.8659,169.5148,183.4962,,178.3111,185.8147,194.44415,1645.574
2022-09-06 17:00:00,242.207,,111.4258,104.9091,105.0637,114.2926,93.00893,91.52783,102.4823,,93.85881,99.28085,112.85919999999999,915.84992
2022-09-06 18:00:00,161.3217,,66.51824,64.59866,63.9884,68.67912,59.28534,59.24915,63.26848,,58.54125,61.73166,67.59868,565.8602999999999
2022-09-06 19:00:00,7.475984,,1.732121,2.602867,2.600244,2.444963,2.013432,2.572682,1.093045,,1.625418,0.6856022,,17.370374200000004
2022-09-06 20:00:00,0.004824074,,0.0,0.0,0.0,0.0,0.0,0.0,0.0,,0.0,0.0,,0.0
2022-09-06 21:00:00,0.0,,0.0,0.0,0.0,0.0,0.0,0.0,0.0,,0.0,0.0,,0.0
2022-09-06 22:00:00,0.0,,0.0,0.0,0.0,0.0,0.0,0.0,0.0,,0.0,0.0,,0.0
2022-09-06 23:00:00,0.0,,0.0,0.0,0.0,0.0,0.0,0.0,0.0,,0.0,0.0,,0.0
2022-09-07 00:00:00,0.0,,0.0,0.0,0.0,0.0,0.0,0.0,0.0,,0.0,0.0,,0.0
2022-09-07 01:00:00,0.0,,0.0,0.0,0.0,0.0,0.0,0.0,0.0,,0.0,0.0,,0.0
2022-09-07 02:00:00,0.0,,0.0,0.0,0.0,0.0,0.0,0.0,0.0,,0.0,0.0,,0.0
2022-09-07 03:00:00,0.0,,0.0,0.0,0.0,0.0,0.0,0.0,0.0,,0.0,0.0,,0.0
2022-09-07 04:00:00,0.0,,0.0,0.0,0.0,0.0,0.0,0.0,0.0,,0.0,0.0,,0.0
2022-09-07 05:00:00,0.0,,0.0,0.0,0.0,0.0,0.0,0.0,0.0,,0.0,0.0,,0.0
2022-09-07 06:00:00,0.1495778,,0.0,0.0,0.0,0.0,0.0,0.0,0.0,,0.0,0.0,,0.0
2022-09-07 07:00:00,41.82618,,21.00388,21.02478,19.30091,21.53111,20.03277,19.74539,16.87524,,21.41799,19.59473,,180.5268
2022-09-07 08:00:00,181.7818,,87.5048,86.55735,86.47321,94.51824,78.44502,76.34325,86.49264,,84.34186,88.20349,91.360865,768.8798599999999
2022-09-07 09:00:00,310.4596,,152.003,148.216,149.5679,162.3826,130.1519,126.3528,144.4859,,129.9949,136.6159,157.19279999999998,1279.7709
2022-09-07 10:00:00,607.9521,,288.3579,279.538,285.1755,303.9236,241.0843,240.6557,269.0107,,250.4447,260.9897,296.14075,2419.1801
2022-09-07 11:00:00,727.4642,,251.6681,261.6656,260.8081,299.9301,278.4516,,309.2264,,252.0663,253.4332,304.57825,2167.2493999999997
2022-09-07 12:00:00,807.8953,,345.3698,348.1372,341.5541,370.1827,305.4583,,328.6275,,344.8791,363.2794,366.73105,2747.4881
2022-09-07 13:00:00,887.5604,,357.1148,356.0923,363.6558,382.4773,329.5998,,349.0078,,327.2766,349.1522,373.06655,2814.3766
2022-09-07 14:00:00,856.6261,,382.9628,375.9478,380.0481,399.4558,319.5798,254.3402,356.1629,,315.622,329.1069,391.2093,3113.2262999999994
2022-09-07 15:00:00,688.2962,,306.8245,281.0225,312.8054,327.838,239.9209,236.5835,285.844,,264.1926,264.2268,320.3217,2519.2581999999998
2022-09-07 16:00:00,580.4211,,269.7137,256.7093,260.4306,274.6756,213.549,201.9262,235.44,,210.4504,221.9551,272.19465,2144.8498999999997
2022-09-07 17:00:00,193.4083,,92.00018,87.95371,89.78809,91.12687,78.71553,77.9055,85.56883,,78.24165,83.03259,91.563525,764.3329500000001
2022-09-07 18:00:00,32.89215,,15.95045,15.48001,15.60186,16.75562,14.99728,14.94077,10.19091,,14.97176,8.97998,,127.86864
2022-09-07 19:00:00,6.711394,,2.725175,2.880734,2.653284,2.886233,2.483991,2.433515,1.044778,,2.531418,1.828524,,21.467652
2022-09-07 20:00:00,0.0,,0.0,0.0,0.0,0.0,0.0,0.0,0.0,,0.0,0.0,,0.0
2022-09-07 21:00:00,0.0,,0.0,0.0,0.0,0.0,0.0,0.0,0.0,,0.0,0.0,,0.0
2022-09-07 22:00:00,0.0,,0.0,0.0,0.0,0.0,0.0,0.0,0.0,,0.0,0.0,,0.0
2022-09-07 23:00:00,0.0,,0.0,0.0,0.0,0.0,0.0,0.0,0.0,,0.0,0.0,,0.0
2022-09-08 00:00:00,0.0,,0.0,0.0,0.0,0.0,0.0,0.0,0.0,,0.0,0.0,,0.0
2022-09-08 01:00:00,0.0,,0.0,0.0,0.0,0.0,0.0,0.0,0.0,,0.0,0.0,,0.0
2022-09-08 02:00:00,0.0,,0.0,0.0,0.0,0.0,0.0,0.0,0.0,,0.0,0.0,,0.0
2022-09-08 03:00:00,0.0,,0.0,0.0,0.0,0.0,0.0,0.0,0.0,,0.0,0.0,,0.0
2022-09-08 04:00:00,0.0,,0.0,0.0,0.0,0.0,0.0,0.0,0.0,,0.0,0.0,,0.0
2022-09-08 05:00:00,0.0,,0.0,0.0,0.0,0.0,0.0,0.0,0.0,,0.0,0.0,,0.0
2022-09-08 06:00:00,0.04207992,,0.0,0.0,0.0,0.0,0.0,0.0,0.0,,0.0,0.0,,0.0
2022-09-08 07:00:00,12.36346,,5.419925,4.827014,5.008058,5.21408,4.690344,4.743026,2.114469,,4.688308,1.368597,,38.073821
2022-09-08 08:00:00,75.70126,,37.90707,37.33654,37.54544,40.68198,35.47292,35.58408,35.65866,,35.36948,34.52042,39.294525,330.07659
2022-09-08 09:00:00,212.2067,,106.8979,106.0773,107.7225,113.5791,93.0219,94.20786,97.72559,,103.4417,108.7368,111.15795,931.41065
2022-09-08 10:00:00,336.8449,,159.0557,154.9497,144.4162,161.689,140.5613,141.9972,152.1252,,137.724,140.961,160.37234999999998,1333.4793
2022-09-08 11:00:00,597.3456,,263.1631,244.7522,248.5213,270.3954,249.8338,239.9328,248.8866,,243.0054,238.0678,266.77925,2246.5584
2022-09-08 12:00:00,478.5406,,237.4516,230.218,203.9019,224.5529,202.5408,190.864,212.5511,,196.8082,216.5222,233.8348,1915.4107
2022-09-08 13:00:00,505.5875,,244.448,254.3815,236.8114,249.2355,221.7401,214.7585,239.4158,,220.711,240.2408,251.80849999999998,2121.7426
2022-09-08 14:00:00,713.2086,,311.0858,290.4116,295.8261,305.4486,265.7074,287.3766,299.6959,,313.0668,314.0374,313.5521,2682.6562
2022-09-08 15:00:00,673.0251,,302.6902,292.8594,288.1996,287.3046,253.502,257.7179,277.0925,,319.6176,314.6015,317.10955,2593.5852999999997
2022-09-08 16:00:00,547.033,,256.1215,250.6165,253.2975,272.1825,216.5934,214.8495,240.9055,,207.6737,213.808,264.15200000000004,2126.0481
2022-09-08 17:00:00,307.3166,,138.7532,134.5041,128.6982,141.4698,112.1028,107.172,121.3254,,109.8841,115.7496,140.11149999999998,1109.6592
2022-09-08 18:00:00,139.7663,,54.12152,51.5949,49.97892,55.23079,44.81265,44.06429,48.23843,,44.73781,46.19203,54.676154999999994,438.97134
2022-09-08 19:00:00,9.199316,,1.857679,1.923931,2.086448,1.696051,2.013184,2.050751,0.6463365,,0.7418265,1.125255,,14.141461999999999
2022-09-08 20:00:00,0.002296297,,0.0,0.0,0.0,0.0,0.0,0.0,0.0,,0.0,0.0,,0.0
2022-09-08 21:00:00,0.0,,0.0,0.0,0.0,0.0,0.0,0.0,0.0,,0.0,0.0,,0.0
2022-09-08 22:00:00,0.0,,0.0,0.0,0.0,0.0,0.0,0.0,0.0,,0.0,0.0,,0.0
2022-09-08 23:00:00,0.0,,0.0,0.0,0.0,0.0,0.0,0.0,0.0,,0.0,0.0,,0.0
2022-09-09 00:00:00,0.0,,0.0,0.0,0.0,0.0,0.0,0.0,0.0,,0.0,0.0,,0.0
2022-09-09 01:00:00,0.0,,0.0,0.0,0.0,0.0,0.0,0.0,0.0,,0.0,0.0,,0.0
2022-09-09 02:00:00,0.0,,0.0,0.0,0.0,0.0,0.0,0.0,0.0,,0.0,0.0,,0.0
2022-09-09 03:00:00,0.0,,0.0,0.0,0.0,0.0,0.0,0.0,0.0,,0.0,0.0,,0.0
2022-09-09 04:00:00,0.0,,0.0,0.0,0.0,0.0,0.0,0.0,0.0,,0.0,0.0,,0.0
2022-09-09 05:00:00,0.0,,0.0,0.0,0.0,0.0,0.0,0.0,0.0,,0.0,0.0,,0.0
2022-09-09 06:00:00,0.3072003,,0.0,0.0,0.0,0.0,0.0,0.0,0.0,,0.0,0.0,,0.0
2022-09-09 07:00:00,58.06349,,25.93284,25.96386,17.53473,23.62037,23.09157,22.85262,21.14631,,24.26808,23.65292,25.948349999999998,208.0633
2022-09-09 08:00:00,212.0934,,107.6049,104.9294,101.9435,115.5959,92.85998,90.64836,103.5433,,94.70163,99.5966,111.60040000000001,911.42357
2022-09-09 09:00:00,297.1567,,152.2121,146.2213,148.8785,160.127,127.9481,125.5877,141.9966,,130.1703,137.7923,156.16955000000002,1270.9339
2022-09-09 10:00:00,627.8741,,325.3999,303.2053,312.3878,324.0836,256.1095,239.4487,278.8824,,247.1084,276.0487,324.74175,2562.6742999999997
2022-09-09 11:00:00,844.881,,398.6555,403.4896,388.1823,410.0326,329.9088,318.8099,367.7679,,328.1454,349.9498,406.7611,3294.9417999999996
2022-09-09 12:00:00,640.0294,,286.1083,290.0149,278.0067,304.6215,272.5346,278.6285,293.1263,,255.0902,292.3127,298.87390000000005,2550.4437000000003
2022-09-09 13:00:00,779.7203,,316.1612,315.4409,334.4503,349.84,286.0815,294.4828,332.4071,,280.5313,310.7198,342.14515,2820.1149
2022-09-09 14:00:00,575.8929,,238.7414,249.6122,252.3238,275.9963,226.3766,228.8555,253.6946,,222.6226,244.2825,264.84545,2192.5054999999998
2022-09-09 15:00:00,607.4979,,274.1079,274.3725,259.9449,275.8464,237.3461,224.7345,242.1245,,245.381,262.9627,275.10945000000004,2296.8205
2022-09-09 16:00:00,354.5728,,169.5098,169.0858,168.4298,180.743,149.9054,150.9334,159.5005,,151.7993,161.3493,175.1264,1461.2563
2022-09-09 17:00:00,137.0263,,68.61321,66.5927,67.17182,71.50719,61.93304,61.34015,66.54381,,61.79684,65.22491,70.0602,590.72367
2022-09-09 18:00:00,57.43107,,28.13317,27.26085,27.5687,29.63686,25.80101,25.60015,27.0145,,25.71475,24.69748,28.885015,241.42747000000003
2022-09-09 19:00:00,6.329625,,1.861269,1.847808,1.96768,2.022853,1.100176,1.053154,1.033561,,1.222019,1.068789,,13.177309
2022-09-09 20:00:00,0.0003333333,,0.0,0.0,0.0,0.0,0.0,0.0,0.0,,0.0,0.0,,0.0
2022-09-09 21:00:00,0.0,,0.0,0.0,0.0,0.0,0.0,0.0,0.0,,0.0,0.0,,0.0
2022-09-09 22:00:00,0.0,,0.0,0.0,0.0,0.0,0.0,0.0,0.0,,0.0,0.0,,0.0
2022-09-09 23:00:00,0.0,,0.0,0.0,0.0,0.0,0.0,0.0,0.0,,0.0,0.0,,0.0
2022-09-10 00:00:00,0.0,,0.0,0.0,0.0,0.0,0.0,0.0,0.0,,0.0,0.0,,0.0
2022-09-10 01:00:00,0.0,,0.0,0.0,0.0,0.0,0.0,0.0,0.0,,0.0,0.0,,0.0
2022-09-10 02:00:00,0.0,,0.0,0.0,0.0,0.0,0.0,0.0,0.0,,0.0,0.0,,0.0
2022-09-10 03:00:00,0.0,,0.0,0.0,0.0,0.0,0.0,0.0,0.0,,0.0,0.0,,0.0
2022-09-10 04:00:00,0.0,,0.0,0.0,0.0,0.0,0.0,0.0,0.0,,0.0,0.0,,0.0
2022-09-10 05:00:00,0.0,,0.0,0.0,0.0,0.0,0.0,0.0,0.0,,0.0,0.0,,0.0
2022-09-10 06:00:00,0.0,,0.0,0.0,0.0,0.0,0.0,0.0,0.0,,0.0,0.0,,0.0
2022-09-10 07:00:00,10.04889,,3.314785,3.73921,3.43658,3.782701,3.564398,3.9744,1.538855,,3.357892,1.997336,,28.706157
2022-09-10 08:00:00,34.03873,,15.62715,15.32822,15.80699,16.68922,13.8625,15.02771,11.26927,,13.85225,9.893573,,127.35688300000001
2022-09-10 09:00:00,105.9799,,52.80281,51.78806,52.24036,56.69331,48.83041,48.92228,53.13566,,48.92665,51.40963,54.914485,464.74917
2022-09-10 10:00:00,197.8056,,105.0597,103.9989,106.0025,115.1282,96.03292,94.52914,105.9493,,91.26881,97.67982,110.56535,915.6492900000001
2022-09-10 11:00:00,473.8273,,230.5041,227.8949,223.8503,246.7433,200.8258,197.8786,228.9386,,194.6704,209.3196,238.62369999999999,1960.6256
2022-09-10 12:00:00,223.0524,,114.5256,110.8054,114.7383,120.6735,101.2109,100.229,110.9303,,97.32464,103.8926,117.7059,974.3302400000001
2022-09-10 13:00:00,415.2652,,192.6541,195.4209,191.8736,212.5823,171.2758,166.9785,186.7494,,158.8228,168.7668,204.0016,1645.1241999999997
2022-09-10 14:00:00,674.3419,,226.9181,245.9097,277.2923,307.4623,251.3997,257.3887,272.9677,,245.791,239.1306,292.3773,2324.2601
2022-09-10 15:00:00,495.9645,,223.6355,212.0865,220.8262,226.1015,188.0564,183.1915,201.2939,,186.799,199.9429,224.86849999999998,1841.9334
2022-09-10 16:00:00,139.3891,,70.61358,68.70292,69.42027,74.69725,63.03918,61.77484,68.54149,,62.69487,66.13003,72.655415,605.6144300000001
2022-09-10 17:00:00,73.65498,,37.60845,36.05528,36.7901,39.21016,33.29863,32.6439,35.83894,,33.18925,31.57821,38.409305,316.21292000000005
2022-09-10 18:00:00,45.60729,,21.52772,20.90081,21.01061,22.66284,19.88373,19.70913,17.51408,,20.18778,16.51264,,179.90934000000001
2022-09-10 19:00:00,4.873173,,0.9039685,0.8240662,1.155309,0.9527262,0.8265327,0.863843,0.7586783,,0.9306707,0.38475,,7.600544600000001
2022-09-10 20:00:00,0.0,,0.0,0.0,0.0,0.0,0.0,0.0,0.0,,0.0,0.0,,0.0
2022-09-10 21:00:00,0.0,,0.0,0.0,0.0,0.0,0.0,0.0,0.0,,0.0,0.0,,0.0
2022-09-10 22:00:00,0.0,,0.0,0.0,0.0,0.0,0.0,0.0,0.0,,0.0,0.0,,0.0
2022-09-10 23:00:00,0.0,,0.0,0.0,0.0,0.0,0.0,0.0,0.0,,0.0,0.0,,0.0
2022-09-11 00:00:00,0.0,,0.0,0.0,0.0,0.0,0.0,0.0,0.0,,0.0,0.0,,0.0
2022-09-11 01:00:00,0.0,,0.0,0.0,0.0,0.0,0.0,0.0,0.0,,0.0,0.0,,0.0
2022-09-11 02:00:00,0.0,,0.0,0.0,0.0,0.0,0.0,0.0,0.0,,0.0,0.0,,0.0
2022-09-11 03:00:00,0.001009009,,0.0,0.0,0.0,0.0,0.0,0.0,0.0,,0.0,0.0,,0.0
2022-09-11 04:00:00,0.006467843,,0.0,0.0,0.0,0.0,0.0,0.0,0.0,,0.0,0.0,,0.0
2022-09-11 05:00:00,0.0,,0.0,0.0,0.0,0.0,0.0,0.0,0.0,,0.0,0.0,,0.0
2022-09-11 06:00:00,0.2906967,,0.0,0.0,0.0,0.0,0.0,0.0,0.0,,0.0,0.0,,0.0
2022-09-11 07:00:00,26.04356,,12.66097,12.52618,13.56571,14.10145,12.41774,11.60106,11.65172,,11.03106,9.278181,,108.834071
2022-09-11 08:00:00,43.1753,,21.15252,20.92979,20.80806,23.2302,18.95341,17.69193,19.0773,,18.99502,19.49662,,180.33485000000002
2022-09-11 09:00:00,123.3121,,56.14449,56.73764,55.17777,60.00933,48.88805,46.67794,52.60631,,50.46449,52.33375,58.373485,479.03977000000003
2022-09-11 10:00:00,643.7289,,285.9327,275.5911,269.6159,301.2952,236.6869,212.9621,233.5185,,242.1557,250.1214,293.61395000000005,2307.8795
2022-09-11 11:00:00,836.575,,373.6236,358.7273,373.6183,397.6547,298.5982,284.0471,336.2782,,304.7191,307.7082,385.63915,3034.9747000000007
2022-09-11 12:00:00,915.1497,,383.5665,388.4272,382.5389,417.6301,325.8717,311.7102,363.9487,,303.4449,334.1838,403.02865,3211.322
2022-09-11 13:00:00,937.581,,397.3268,402.6533,381.6581,411.5992,334.0129,295.2343,361.8484,,342.0781,353.1693,407.12625,3279.5804000000003
2022-09-11 14:00:00,893.8638,,397.8252,375.0605,379.3932,396.9377,322.6789,299.8057,359.7461,,315.8188,330.8346,397.38145,3178.1007
2022-09-11 15:00:00,687.2269,,328.0648,309.5419,321.9589,328.2733,243.3165,207.0896,275.8199,,244.9624,250.6094,328.16904999999997,2509.6367
2022-09-11 16:00:00,535.0364,,202.6748,220.9079,209.4155,258.9561,186.8831,174.511,215.8271,,182.6159,187.7424,239.93200000000002,1839.5338000000002
2022-09-11 17:00:00,297.9346,,150.0192,130.8792,136.7329,144.8353,101.4205,90.12483,116.7364,,94.477,99.92114,147.42725000000002,1065.14647
2022-09-11 18:00:00,94.43399,,35.19368,35.41866,34.83775,38.90831,27.29774,24.82691,29.57079,,28.28269,28.44898,37.163485,282.78551000000004
2022-09-11 19:00:00,4.226344,,0.3903472,0.5924628,0.7222341,0.380033,0.2645535,0.5714257,0.3705,,0.318276,0.349125,,3.9589573
2022-09-11 20:00:00,0.0003689597,,0.0,0.0,0.0,0.0,0.0,0.0,0.0,,0.0,0.0,,0.0
2022-09-11 21:00:00,0.0,,0.0,0.0,0.0,0.0,0.0,0.0,0.0,,0.0,0.0,,0.0
2022-09-11 22:00:00,0.0,,0.0,0.0,0.0,0.0,0.0,0.0,0.0,,0.0,0.0,,0.0
2022-09-11 23:00:00,0.0,,0.0,0.0,0.0,0.0,0.0,0.0,0.0,,0.0,0.0,,0.0
2022-09-12 00:00:00,0.0,,0.0,0.0,0.0,0.0,0.0,0.0,0.0,,0.0,0.0,,0.0
2022-09-12 01:00:00,0.0,,0.0,0.0,0.0,0.0,0.0,0.0,0.0,,0.0,0.0,,0.0
2022-09-12 02:00:00,0.0,,0.0,0.0,0.0,0.0,0.0,0.0,0.0,,0.0,0.0,,0.0
2022-09-12 03:00:00,0.0,,0.0,0.0,0.0,0.0,0.0,0.0,0.0,,0.0,0.0,,0.0
2022-09-12 04:00:00,0.0,,0.0,0.0,0.0,0.0,0.0,0.0,0.0,,0.0,0.0,,0.0
2022-09-12 05:00:00,0.0,,0.0,0.0,0.0,0.0,0.0,0.0,0.0,,0.0,0.0,,0.0
2022-09-12 06:00:00,0.06820348,,0.0,0.0,0.0,0.02205904,0.0,0.0,0.0,,0.0,0.0,,0.02205904
2022-09-12 07:00:00,51.26668,,25.72588,25.91822,23.4201,26.28378,23.51354,22.31814,22.1848,,23.88161,22.16609,26.101,215.41216
2022-09-12 08:00:00,119.3695,,59.18603,57.12777,57.39714,62.85588,51.6643,50.21478,56.86154,,52.74504,55.14427,61.020955,503.19675
2022-09-12 09:00:00,236.0177,,119.8745,113.9993,115.592,125.8961,102.1615,100.4721,114.4285,,104.5106,111.6456,122.8853,1008.5801999999999
2022-09-12 10:00:00,327.8081,,176.6866,163.755,164.1794,173.5389,137.0745,127.225,148.2182,,149.5887,153.9572,175.11275,1394.2235
2022-09-12 11:00:00,455.596,,219.4721,208.8999,212.9835,227.2594,183.3034,174.487,201.9603,,204.6328,209.3097,223.36575,1842.3081000000002
2022-09-12 12:00:00,557.1689,,258.8682,254.8769,253.7907,258.8716,213.386,206.5133,243.7869,,213.7383,235.8452,258.86990000000003,2139.6771000000003
2022-09-12 13:00:00,567.5139,,250.0093,245.735,257.8033,274.5199,226.1568,230.9945,266.7618,,234.6815,235.8658,270.64085,2222.5279
2022-09-12 14:00:00,611.1755,,284.327,264.5859,287.6947,278.7432,230.3058,206.7513,261.5567,,240.7243,258.8499,286.01085,2313.5388000000003
2022-09-12 15:00:00,520.9159,,240.515,247.2447,245.4176,260.9119,203.1656,185.5638,227.0373,,195.7983,211.188,254.0783,2016.8422
2022-09-12 16:00:00,389.4918,,213.0997,167.7385,185.3452,178.5293,150.5214,142.343,166.3774,,139.06,155.0618,199.22245,1498.0763
2022-09-12 17:00:00,238.4064,,111.2398,102.8973,103.7573,113.1138,84.17879,77.88346,99.45269,,86.42569,91.84566,112.1768,870.79449
2022-09-12 18:00:00,76.06116,,34.19309,31.22568,31.53269,35.05402,25.48168,23.35455,28.65817,,24.96367,25.45047,34.623554999999996,259.91402
2022-09-12 19:00:00,2.636689,,0.138,0.0,0.1430555,0.489197,0.412106,0.4246855,0.4553865,,0.4079818,0.2332359,,2.7036481999999995
2022-09-12 20:00:00,0.0,,0.0,0.0,0.0,0.0,0.0,0.0,0.0,,0.0,0.0,,0.0
2022-09-12 21:00:00,0.0,,0.0,0.0,0.0,0.0,0.0,0.0,0.0,,0.0,0.0,,0.0
2022-09-12 22:00:00,0.0,,0.0,0.0,0.0,0.0,0.0,0.0,0.0,,0.0,0.0,,0.0
2022-09-12 23:00:00,0.0,,0.0,0.0,0.0,0.0,0.0,0.0,0.0,,0.0,0.0,,0.0
2022-09-13 00:00:00,0.0,,0.0,0.0,0.0,0.0,0.0,0.0,0.0,,0.0,0.0,,0.0
2022-09-13 01:00:00,0.0,,0.0,0.0,0.0,0.0,0.0,0.0,0.0,,0.0,0.0,,0.0
2022-09-13 02:00:00,0.0,,0.0,0.0,0.0,0.0,0.0,0.0,0.0,,0.0,0.0,,0.0
2022-09-13 03:00:00,0.0,,0.0,0.0,0.0,0.0,0.0,0.0,0.0,,0.0,0.0,,0.0
2022-09-13 04:00:00,0.0,,0.0,0.0,0.0,0.0,0.0,0.0,0.0,,0.0,0.0,,0.0
2022-09-13 05:00:00,0.0,,0.0,0.0,0.0,0.0,0.0,0.0,0.0,,0.0,0.0,,0.0
2022-09-13 06:00:00,0.04503333,,0.0,0.0,0.0,0.0,0.0,0.0,0.0,,0.0,0.0,,0.0
2022-09-13 07:00:00,34.17995,,13.57526,13.60692,11.33897,13.4934,12.73593,11.62855,10.93219,,11.61047,9.806297,,108.72798699999998
2022-09-13 08:00:00,83.41375,,41.55002,40.52586,41.39746,44.78585,37.60963,36.98754,41.15595,,37.81036,39.78076,43.167935,361.60343
2022-09-13 09:00:00,267.4479,,132.5775,125.5593,121.0922,128.7855,111.7804,102.4406,123.6623,,114.1896,119.0173,130.6815,1079.1047
2022-09-13 10:00:00,647.7814,,295.3929,280.808,260.5324,299.1111,217.2566,209.5174,239.2027,,263.6944,270.9416,297.252,2336.4571
2022-09-13 11:00:00,690.2827,,339.3221,329.1623,317.7666,350.5118,262.8401,237.1563,293.4679,,256.2408,272.1474,344.91695,2658.6153
2022-09-13 12:00:00,786.3182,,340.9659,338.346,344.0226,357.714,289.3401,274.8575,331.4753,,302.7723,319.7978,350.8683,2899.2915
2022-09-13 13:00:00,502.5279,,221.8654,230.9184,226.854,232.4751,191.1706,192.8795,217.8907,,243.5015,233.7773,238.6394,1991.3325000000002
2022-09-13 14:00:00,855.0638,,361.6028,335.4204,358.05,376.3405,258.4484,254.5825,312.3018,,296.245,305.5368,368.97165,2858.5281999999997
2022-09-13 15:00:00,777.133,,329.5901,318.9765,322.8882,352.0269,256.0252,246.4469,293.5976,,244.0816,249.941,340.8085,2613.5739999999996
2022-09-13 16:00:00,510.5343,,247.0506,216.6554,224.6267,229.1963,167.8392,157.7399,195.6066,,162.7823,163.6605,238.12345,1765.1575
2022-09-13 17:00:00,338.9645,,154.6276,146.3048,146.1232,155.1063,111.5193,99.2333,129.0551,,114.4325,120.2017,154.86695,1176.6038000000003
2022-09-13 18:00:00,161.0844,,66.67436,64.99092,64.95983,66.41814,54.88238,52.33901,61.22327,,56.01299,58.97911,66.54624999999999,546.48001
2022-09-13 19:00:00,9.251514,,3.4292,2.801877,3.221242,3.34025,3.203738,2.013179,1.447107,,2.103363,2.080873,,23.640829
2022-09-13 20:00:00,0.0,,0.0,0.0,0.0,0.0,0.0,0.0,0.0,,0.0,0.0,,0.0
2022-09-13 21:00:00,0.0,,0.0,0.0,0.0,0.0,0.0,0.0,0.0,,0.0,0.0,,0.0
2022-09-13 22:00:00,0.0,,0.0,0.0,0.0,0.0,0.0,0.0,0.0,,0.0,0.0,,0.0
2022-09-13 23:00:00,0.0,,0.0,0.0,0.0,0.0,0.0,0.0,0.0,,0.0,0.0,,0.0
2022-09-14 00:00:00,0.0,,0.0,0.0,0.0,0.0,0.0,0.0,0.0,,0.0,0.0,,0.0
2022-09-14 01:00:00,0.0,,0.0,0.0,0.0,0.0,0.0,0.0,0.0,,0.0,0.0,,0.0
2022-09-14 02:00:00,0.0,,0.0,0.0,0.0,0.0,0.0,0.0,0.0,,0.0,0.0,,0.0
2022-09-14 03:00:00,0.0,,0.0,0.0,0.0,0.0,0.0,0.0,0.0,,0.0,0.0,,0.0
2022-09-14 04:00:00,0.0,,0.0,0.0,0.0,0.0,0.0,0.0,0.0,,0.0,0.0,,0.0
2022-09-14 05:00:00,0.0,,0.0,0.0,0.0,0.0,0.0,0.0,0.0,,0.0,0.0,,0.0
2022-09-14 06:00:00,0.00434728,,0.0,0.0,0.0,0.0,0.0,0.0,0.0,,0.0,0.0,,0.0
2022-09-14 07:00:00,43.66046,,16.2766,16.1591,8.665048,13.12583,12.41477,9.516953,10.20679,,14.41339,13.50386,,114.282341
2022-09-14 08:00:00,228.5534,,106.6339,98.77338,93.8486,116.9943,69.80219,60.80115,86.25289,,80.66475,81.68398,111.8141,795.45514
2022-09-14 09:00:00,500.2679,,237.8606,219.7615,229.316,254.5045,162.7209,146.9188,196.785,,183.4739,186.5094,246.18255,1817.8506
2022-09-14 10:00:00,650.7732,,306.8283,287.9505,298.1976,325.523,223.4559,205.7101,263.9561,,243.8738,251.1637,316.17565,2406.659
2022-09-14 11:00:00,850.843,,392.8271,380.9051,388.0512,415.4484,301.6583,277.8688,344.5755,,323.5477,332.7533,404.13775,3157.6353999999997
2022-09-14 12:00:00,949.6854,,424.5503,414.5555,421.6304,447.2494,337.1367,314.373,378.4506,,352.5689,364.7038,435.89985,3455.2186
2022-09-14 13:00:00,957.9903,,423.3888,415.7581,421.7668,445.5516,338.8407,319.0171,379.3844,,354.5869,365.5455,434.4702,3463.8399
2022-09-14 14:00:00,887.7347,,396.7286,384.1072,392.0768,418.0373,308.0705,289.0335,350.5122,,326.7705,336.4952,407.38295,3201.8318
2022-09-14 15:00:00,755.6631,,344.538,331.0231,338.1049,362.9385,260.9325,239.5058,297.139,,275.7788,283.9049,353.73825,2733.8655
2022-09-14 16:00:00,550.4167,,249.4874,238.5834,237.1658,260.6031,185.3969,167.9719,211.3094,,198.4385,203.4986,255.04525,1952.455
2022-09-14 17:00:00,239.6438,,100.5209,94.88165,89.62789,110.5063,78.69843,70.03574,91.07996,,80.6996,83.54966,105.5136,799.60013
2022-09-14 18:00:00,61.16309,,25.27353,24.13142,24.18184,26.93639,19.85158,18.2352,18.46592,,20.7037,13.36336,26.10496,191.14293999999998
2022-09-14 19:00:00,3.65004,,0.9663917,1.029566,1.032387,1.288335,0.3525277,0.6490495,0.3820418,,0.6835161,0.0,,6.3838148
2022-09-14 20:00:00,0.0,,0.0,0.0,0.0,0.0,0.0,0.0,0.0,,0.0,0.0,,0.0
2022-09-14 21:00:00,0.0,,0.0,0.0,0.0,0.0,0.0,0.0,0.0,,0.0,0.0,,0.0
2022-09-14 22:00:00,0.0,,0.0,0.0,0.0,0.0,0.0,0.0,0.0,,0.0,0.0,,0.0
2022-09-14 23:00:00,0.0,,0.0,0.0,0.0,0.0,0.0,0.0,0.0,,0.0,0.0,,0.0
2022-09-15 00:00:00,0.0,,0.0,0.0,0.0,0.0,0.0,0.0,0.0,,0.0,0.0,,0.0
2022-09-15 01:00:00,0.0,,0.0,0.0,0.0,0.0,0.0,0.0,0.0,,0.0,0.0,,0.0
2022-09-15 02:00:00,0.0,,0.0,0.0,0.0,0.0,0.0,0.0,0.0,,0.0,0.0,,0.0
2022-09-15 03:00:00,0.0,,0.0,0.0,0.0,0.0,0.0,0.0,0.0,,0.0,0.0,,0.0
2022-09-15 04:00:00,0.0,,0.0,0.0,0.0,0.0,0.0,0.0,0.0,,0.0,0.0,,0.0
2022-09-15 05:00:00,0.0,,0.0,0.0,0.0,0.0,0.0,0.0,0.0,,0.0,0.0,,0.0
2022-09-15 06:00:00,9.042244e-05,,0.0,0.0,0.0,0.0,0.0,0.0,0.0,,0.0,0.0,,0.0
2022-09-15 07:00:00,44.19267,,16.96853,15.33472,9.035893,13.54078,11.54851,10.67589,11.33643,,12.86585,0.0,,101.306603
2022-09-15 08:00:00,242.785,,109.7091,100.9384,96.38647,120.7781,71.13676,61.78827,88.53732,,81.87656,115.2436,115.2436,846.39458
2022-09-15 09:00:00,472.3271,,224.5056,210.0007,219.5625,244.6034,154.0085,136.8125,186.2226,,173.5624,234.5545,234.5545,1783.8327
2022-09-15 10:00:00,680.2228,,321.4295,305.7762,315.1472,343.481,234.4473,211.7255,274.3823,,254.4845,332.45525,332.45525,2593.32875
2022-09-15 11:00:00,835.7386,,394.3625,372.3618,347.1003,398.9861,297.6352,267.0575,339.8867,,320.7484,396.6743,396.6743,3134.8128
2022-09-15 12:00:00,874.9465,,402.5411,405.0474,404.1208,435.1239,316.4173,289.5537,371.3359,,326.2381,420.08565,420.08565,3370.46385
2022-09-15 13:00:00,961.4586,,380.6335,365.2664,403.5724,430.6259,302.7093,280.5572,354.2713,,330.7508,417.09915,417.09915,3265.4859500000002
2022-09-15 14:00:00,844.1493,,402.0803,392.7993,395.666,421.9898,317.7808,286.7025,357.3458,,331.5755,412.03505,412.03505,3317.9750499999996
2022-09-15 15:00:00,754.7203,,343.4405,329.2906,333.9661,361.9454,266.2545,246.6773,300.5544,,255.9908,352.69295,352.69295,2790.81255
2022-09-15 16:00:00,517.0252,,230.2106,214.2225,217.1236,235.6483,167.7097,155.0123,191.9387,,187.4467,232.92945,232.92945,1832.2418499999999
2022-09-15 17:00:00,352.7939,,156.3606,146.4645,141.6589,163.9096,109.7573,95.80055,127.2425,,110.454,160.13510000000002,160.13510000000002,1211.78305
2022-09-15 18:00:00,100.5255,,40.6476,38.14665,37.65277,42.58825,29.71343,27.27176,29.54154,,30.61308,41.617925,41.617925,317.79300500000005
2022-09-15 19:00:00,3.487373,,1.01722,0.9005542,0.8723857,1.090532,0.94734,0.5321813,0.367625,,0.3319333,0.0,,6.059771500000001
2022-09-15 20:00:00,0.0,,0.0,0.0,0.0,0.0,0.0,0.0,0.0,,0.0,0.0,,0.0
2022-09-15 21:00:00,0.0,,0.0,0.0,0.0,0.0,0.0,0.0,0.0,,0.0,0.0,,0.0
2022-09-15 22:00:00,0.0,,0.0,0.0,0.0,0.0,0.0,0.0,0.0,,0.0,0.0,,0.0
2022-09-15 23:00:00,0.0,,0.0,0.0,0.0,0.0,0.0,0.0,0.0,,0.0,0.0,,0.0
2022-09-16 00:00:00,0.0,,0.0,0.0,0.0,0.0,0.0,0.0,0.0,,0.0,0.0,,0.0
2022-09-16 01:00:00,0.0,,0.0,0.0,0.0,0.0,0.0,0.0,0.0,,0.0,0.0,,0.0
2022-09-16 02:00:00,0.0,,0.0,0.0,0.0,0.0,0.0,0.0,0.0,,0.0,0.0,,0.0
2022-09-16 03:00:00,0.0,,0.0,0.0,0.0,0.0,0.0,0.0,0.0,,0.0,0.0,,0.0
2022-09-16 04:00:00,0.0,,0.0,0.0,0.0,0.0,0.0,0.0,0.0,,0.0,0.0,,0.0
2022-09-16 05:00:00,0.0,,0.0,0.0,0.0,0.0,0.0,0.0,0.0,,0.0,0.0,,0.0
2022-09-16 06:00:00,0.005723649,,0.0,0.0,0.0,0.0,0.0,0.0,0.0,,0.0,0.0,,0.0
2022-09-16 07:00:00,36.70073,,17.51713,16.96099,13.86631,16.57713,13.10917,11.95998,11.67129,,14.18473,0.0,,115.84673000000001
2022-09-16 08:00:00,211.2804,,98.30046,91.6168,89.06084,107.576,66.80331,58.58066,80.93592,,74.93076,102.93823,102.93823,770.74298
2022-09-16 09:00:00,434.9894,,204.6971,192.2765,199.7556,222.3485,141.0745,125.3071,170.4472,,158.1291,213.52280000000002,213.52280000000002,1627.5584000000001
2022-09-16 10:00:00,640.1104,,295.0476,281.0449,290.6015,317.6012,213.0504,191.0642,251.9223,,231.7789,306.32439999999997,306.32439999999997,2378.4354
2022-09-16 11:00:00,766.4869,,333.0009,319.3607,324.1458,345.5596,245.8804,233.0751,297.8724,,286.4704,339.28025,339.28025,2724.64555
2022-09-16 12:00:00,574.5949,,290.0451,259.0569,306.4008,287.8856,197.5935,182.1422,231.125,,247.0309,298.22294999999997,298.22294999999997,2299.5029499999996
2022-09-16 13:00:00,890.4316,,377.0073,358.3758,347.1776,368.4317,300.3314,294.4207,315.2842,,337.4126,372.7195,372.7195,3071.1608
2022-09-16 14:00:00,677.9519,,284.2283,271.0477,302.4615,310.3279,248.5301,231.8625,292.1507,,258.9909,306.3947,306.3947,2505.9943
2022-09-16 15:00:00,391.3349,,193.5958,189.2605,193.9489,198.4211,154.4924,138.7186,178.918,,172.1621,196.185,196.185,1615.7024000000001
2022-09-16 16:00:00,490.9243,,221.0018,207.7567,207.481,218.6712,164.0713,151.621,178.3827,,170.9534,219.8365,219.8365,1739.7756
2022-09-16 17:00:00,282.2956,,126.1664,117.0221,117.2592,129.1901,88.99801,81.30302,101.8222,,96.48562,127.67824999999999,127.67824999999999,985.9249
2022-09-16 18:00:00,94.82319,,37.9551,35.79546,35.76266,39.89609,28.40069,25.74041,30.19514,,29.39193,38.925595,38.925595,302.06307499999997
2022-09-16 19:00:00,2.830954,,0.6958375,0.3666767,0.5525106,1.20637,0.4154587,0.376889,0.2982875,,0.412313,0.0,,4.324343
2022-09-16 20:00:00,0.0,,0.0,0.0,0.0,0.0,0.0,0.0,0.0,,0.0,0.0,,0.0
2022-09-16 21:00:00,0.0,,0.0,0.0,0.0,0.0,0.0,0.0,0.0,,0.0,0.0,,0.0
2022-09-16 22:00:00,0.0,,0.0,0.0,0.0,0.0,0.0,0.0,0.0,,0.0,0.0,,0.0
2022-09-16 23:00:00,0.0,,0.0,0.0,0.0,0.0,0.0,0.0,0.0,,0.0,0.0,,0.0
2022-09-17 00:00:00,0.0,,0.0,0.0,0.0,0.0,0.0,0.0,0.0,,0.0,0.0,,0.0
2022-09-17 01:00:00,0.0,,0.0,0.0,0.0,0.0,0.0,0.0,0.0,,0.0,0.0,,0.0
2022-09-17 02:00:00,0.0,,0.0,0.0,0.0,0.0,0.0,0.0,0.0,,0.0,0.0,,0.0
2022-09-17 03:00:00,0.0,,0.0,0.0,0.0,0.0,0.0,0.0,0.0,,0.0,0.0,,0.0
2022-09-17 04:00:00,0.0,,0.0,0.0,0.0,0.0,0.0,0.0,0.0,,0.0,0.0,,0.0
2022-09-17 05:00:00,0.0,,0.0,0.0,0.0,0.0,0.0,0.0,0.0,,0.0,0.0,,0.0
2022-09-17 06:00:00,0.002129983,,0.0,0.0,0.0,0.0,0.0,0.0,0.0,,0.0,0.0,,0.0
2022-09-17 07:00:00,39.73394,,17.10983,17.48691,12.86143,16.48693,13.91847,11.55217,12.88313,,14.4074,0.0,,116.70626999999999
2022-09-17 08:00:00,220.7352,,100.4813,93.24454,90.804,110.7591,66.02882,56.88922,81.59986,,74.72609,105.62020000000001,105.62020000000001,780.1531299999999
2022-09-17 09:00:00,452.9024,,210.3645,197.6516,206.2141,229.8336,142.2225,124.7756,173.4452,,159.6524,220.09904999999998,220.09904999999998,1664.2585499999998
2022-09-17 10:00:00,656.6538,,301.9318,286.9465,297.3854,326.0406,214.4253,191.328,255.072,,234.5829,313.9862,313.9862,2421.6987
2022-09-17 11:00:00,821.7292,,366.6134,354.3574,364.4688,393.9037,273.4014,249.2561,318.2606,,293.6764,380.25855,380.25855,2994.19635
2022-09-17 12:00:00,921.6815,,401.6379,390.4368,400.3036,427.7461,307.949,284.1042,353.8874,,327.4114,414.692,414.692,3308.1684000000005
2022-09-17 13:00:00,955.9977,,412.0889,401.9886,408.6904,435.5733,320.5355,296.0774,363.5125,,337.5686,423.8311,423.8311,3399.8663
2022-09-17 14:00:00,900.6541,,392.7795,382.8776,389.2157,414.6535,301.705,275.7307,343.2235,,319.2653,403.7165,403.7165,3223.1673
2022-09-17 15:00:00,747.6855,,331.3977,320.7777,326.6714,349.3809,247.5659,225.0258,285.0147,,262.3909,340.3893,340.3893,2688.6142999999997
2022-09-17 16:00:00,542.9618,,243.916,231.4541,236.4341,258.0646,171.8654,152.4615,202.4484,,184.021,250.9903,250.9903,1931.6553999999999
2022-09-17 17:00:00,313.1992,,135.4416,126.2893,127.8956,144.2548,90.22513,77.88327,108.425,,97.41783,139.8482,139.8482,1047.68073
2022-09-17 18:00:00,99.08443,,37.74406,35.29654,34.60093,39.57562,26.58833,23.07103,27.26215,,27.96254,38.65984,38.65984,290.76104
2022-09-17 19:00:00,2.612932,,0.6109207,0.5761822,0.5714392,0.8515183,0.4997382,0.497659,0.3731165,,0.5502782,0.0,,4.5308523
2022-09-17 20:00:00,0.0,,0.0,0.0,0.0,0.0,0.0,0.0,0.0,,0.0,0.0,,0.0
2022-09-17 21:00:00,0.0,,0.0,0.0,0.0,0.0,0.0,0.0,0.0,,0.0,0.0,,0.0
2022-09-17 22:00:00,0.0,,0.0,0.0,0.0,0.0,0.0,0.0,0.0,,0.0,0.0,,0.0
2022-09-17 23:00:00,0.0,,0.0,0.0,0.0,0.0,0.0,0.0,0.0,,0.0,0.0,,0.0
2022-09-18 00:00:00,0.0,,0.0,0.0,0.0,0.0,0.0,0.0,0.0,,0.0,0.0,,0.0
2022-09-18 01:00:00,0.0,,0.0,0.0,0.0,0.0,0.0,0.0,0.0,,0.0,0.0,,0.0
2022-09-18 02:00:00,0.0,,0.0,0.0,0.0,0.0,0.0,0.0,0.0,,0.0,0.0,,0.0
2022-09-18 03:00:00,0.0,,0.0,0.0,0.0,0.0,0.0,0.0,0.0,,0.0,0.0,,0.0
2022-09-18 04:00:00,0.0,,0.0,0.0,0.0,0.0,0.0,0.0,0.0,,0.0,0.0,,0.0
2022-09-18 05:00:00,0.0,,0.0,0.0,0.0,0.0,0.0,0.0,0.0,,0.0,0.0,,0.0
2022-09-18 06:00:00,0.02575864,,0.0,0.0,0.0,0.0,0.0,0.0,0.0,,0.0,0.0,,0.0
2022-09-18 07:00:00,38.92316,,15.98237,15.69112,11.0875,14.5034,11.45733,9.471971,10.26181,,12.84217,0.0,,101.297671
2022-09-18 08:00:00,214.983,,99.94979,89.14605,88.00818,106.3203,59.98571,50.62859,75.35534,,72.92234,103.13504499999999,103.13504499999999,745.451345
2022-09-18 09:00:00,453.2951,,208.0477,193.3037,200.7117,218.6262,142.3869,126.7688,173.1335,,158.1369,213.33695,213.33695,1634.45235
2022-09-18 10:00:00,637.5124,,294.3355,265.9966,276.0102,305.8381,192.3806,157.5311,237.6026,,227.9221,300.08680000000004,300.08680000000004,2257.7036000000003
2022-09-18 11:00:00,821.3992,,365.7037,353.337,362.4955,392.4854,262.9387,238.2518,315.7164,,288.9345,379.09455,379.09455,2958.95755
2022-09-18 12:00:00,835.8173,,301.3823,317.7589,339.075,360.9417,232.1053,217.0339,279.7621,,231.8503,350.00835,350.00835,2629.9178500000003
2022-09-18 13:00:00,791.0999,,330.3626,317.4872,318.878,334.886,247.6918,216.1184,275.8834,,282.5141,332.6243,332.6243,2656.4458
2022-09-18 14:00:00,779.0112,,329.6442,317.7592,323.5218,345.2735,255.6731,235.4971,291.4026,,266.0334,337.45885,337.45885,2702.2637499999996
2022-09-18 15:00:00,762.1133,,335.2666,318.6858,326.5412,352.0279,246.6062,222.0314,282.6414,,261.5419,343.64725,343.64725,2688.98965
2022-09-18 16:00:00,384.5553,,181.7398,165.3773,169.1207,175.5309,120.5626,96.90919,122.9,,141.2337,178.63535000000002,178.63535000000002,1352.0095400000002
2022-09-18 17:00:00,328.3135,,139.1002,129.4676,131.2896,147.5998,89.20998,75.41071,108.335,,96.5507,143.35,143.35,1060.31359
2022-09-18 18:00:00,96.71637,,35.53408,33.25907,33.03587,38.40984,23.49971,19.99825,27.76888,,24.66709,36.97196,36.97196,273.14475
2022-09-18 19:00:00,1.726152,,0.1935,0.2132774,0.2077481,0.3845862,0.1807476,0.0,0.146081,,0.0,0.0,,1.3259403
2022-09-18 20:00:00,0.003120371,,0.0,0.0,0.0,0.0,0.0,0.0,0.0,,0.0,0.0,,0.0
2022-09-18 21:00:00,0.0,,0.0,0.0,0.0,0.0,0.0,0.0,0.0,,0.0,0.0,,0.0
2022-09-18 22:00:00,0.0,,0.0,0.0,0.0,0.0,0.0,0.0,0.0,,0.0,0.0,,0.0
2022-09-18 23:00:00,0.0,,0.0,0.0,0.0,0.0,0.0,0.0,0.0,,0.0,0.0,,0.0
2022-09-19 00:00:00,0.0,,0.0,0.0,0.0,0.0,0.0,0.0,0.0,,0.0,0.0,,0.0
2022-09-19 01:00:00,0.0,,0.0,0.0,0.0,0.0,0.0,0.0,0.0,,0.0,0.0,,0.0
2022-09-19 02:00:00,0.0,,0.0,0.0,0.0,0.0,0.0,0.0,0.0,,0.0,0.0,,0.0
2022-09-19 03:00:00,0.0,,0.0,0.0,0.0,0.0,0.0,0.0,0.0,,0.0,0.0,,0.0
2022-09-19 04:00:00,0.0,,0.0,0.0,0.0,0.0,0.0,0.0,0.0,,0.0,0.0,,0.0
2022-09-19 05:00:00,0.0,,0.0,0.0,0.0,0.0,0.0,0.0,0.0,,0.0,0.0,,0.0
2022-09-19 06:00:00,0.0007658377,,0.0,0.0,0.0,0.0,0.0,0.0,0.0,,0.0,0.0,,0.0
2022-09-19 07:00:00,37.33999,,14.64388,14.78477,9.949718,13.80695,10.02667,8.273058,9.546391,,11.56325,0.0,,92.594687
2022-09-19 08:00:00,230.8919,,100.4266,92.56,89.93324,111.9485,61.2121,50.74995,78.51893,,70.47137,106.18754999999999,106.18754999999999,762.00824
2022-09-19 09:00:00,458.8823,,209.8663,195.914,206.0335,230.5181,136.03,115.6881,169.543,,153.8605,220.1922,220.1922,1637.6457
2022-09-19 10:00:00,665.9557,,299.812,284.367,296.0822,324.4795,205.5004,180.3003,248.8443,,228.0806,312.14575,312.14575,2379.61205
2022-09-19 11:00:00,832.8042,,361.564,349.1127,360.7728,387.5288,261.1473,230.6914,305.3198,,283.2594,374.5464,374.5464,2913.9426000000003
2022-09-19 12:00:00,930.4562,,393.7044,383.6027,395.2103,422.4048,294.5309,267.024,341.9811,,315.0185,408.80755,408.80755,3222.28425
2022-09-19 13:00:00,914.0093,,384.4211,375.5729,381.7686,402.7718,298.151,273.0443,343.6104,,310.3204,393.59645,393.59645,3163.2569500000004
2022-09-19 14:00:00,908.3077,,383.2709,373.7272,383.8983,398.8527,288.3242,261.847,322.7329,,306.0351,391.3755,391.3755,3110.0638
2022-09-19 15:00:00,719.1016,,304.7284,299.7726,307.0909,329.1371,219.4241,204.4663,253.3492,,249.7546,318.114,318.114,2485.8372
2022-09-19 16:00:00,465.2335,,204.3233,192.6763,195.5134,215.4621,140.8934,120.7057,163.9539,,158.8898,209.8927,209.8927,1602.3105999999998
2022-09-19 17:00:00,272.6415,,116.1156,108.3137,109.6825,123.9129,76.80638,65.49739,92.04749,,81.70016,120.01425,120.01425,894.0903699999999
2022-09-19 18:00:00,87.28964,,33.72152,32.00977,32.17812,36.07664,24.08885,21.55267,26.65373,,25.10145,34.89908,34.89908,266.28183
2022-09-19 19:00:00,3.786808,,0.990247,0.9258095,0.954844,0.4985325,0.4355673,0.3482455,0.4176668,,0.4468237,0.0,,5.0177363
2022-09-19 20:00:00,0.0,,0.0,0.0,0.0,0.0,0.0,0.0,0.0,,0.0,0.0,,0.0
2022-09-19 21:00:00,0.0,,0.0,0.0,0.0,0.0,0.0,0.0,0.0,,0.0,0.0,,0.0
2022-09-19 22:00:00,0.0,,0.0,0.0,0.0,0.0,0.0,0.0,0.0,,0.0,0.0,,0.0
2022-09-19 23:00:00,0.0,,0.0,0.0,0.0,0.0,0.0,0.0,0.0,,0.0,0.0,,0.0
2022-09-20 00:00:00,0.0,,0.0,0.0,0.0,0.0,0.0,0.0,0.0,,0.0,0.0,,0.0
2022-09-20 01:00:00,0.0,,0.0,0.0,0.0,0.0,0.0,0.0,0.0,,0.0,0.0,,0.0
2022-09-20 02:00:00,0.0,,0.0,0.0,0.0,0.0,0.0,0.0,0.0,,0.0,0.0,,0.0
2022-09-20 03:00:00,0.0,,0.0,0.0,0.0,0.0,0.0,0.0,0.0,,0.0,0.0,,0.0
2022-09-20 04:00:00,0.0,,0.0,0.0,0.0,0.0,0.0,0.0,0.0,,0.0,0.0,,0.0
2022-09-20 05:00:00,0.0,,0.0,0.0,0.0,0.0,0.0,0.0,0.0,,0.0,0.0,,0.0
2022-09-20 06:00:00,0.002208333,,0.0,0.0,0.0,0.0,0.0,0.0,0.0,,0.0,0.0,,0.0
2022-09-20 07:00:00,38.56013,,14.66853,14.00928,9.330507,13.01865,9.728586,7.978396,9.155074,,10.47802,0.0,,88.36704300000001
2022-09-20 08:00:00,223.2215,,94.89749,88.65654,86.72991,107.8538,57.78599,47.44725,74.59023,,66.7354,101.375645,101.375645,726.0722549999999
2022-09-20 09:00:00,450.1245,,203.3408,190.4275,200.2892,224.0407,130.831,110.0618,163.1465,,148.0263,213.69074999999998,213.69074999999998,1583.8545499999998
2022-09-20 10:00:00,653.9551,,293.2469,279.7315,291.7303,319.0849,202.655,176.0544,244.6673,,222.8183,306.16589999999997,306.16589999999997,2336.1544999999996
2022-09-20 11:00:00,813.6036,,350.2665,338.5769,349.8384,377.3176,252.8174,223.7,298.309,,279.3551,363.79205,363.79205,2833.9729499999994
2022-09-20 12:00:00,893.8932,,374.1407,359.3729,376.1795,401.394,276.1409,251.9946,324.873,,303.4977,388.78675,388.78675,3056.3800499999998
2022-09-20 13:00:00,935.5928,,370.6621,364.5753,382.765,401.2955,283.1333,265.7142,325.4492,,289.2516,392.03025,392.03025,3074.8764500000007
2022-09-20 14:00:00,902.0097,,367.6934,360.2302,370.1859,392.7003,284.0079,252.8916,313.829,,297.1075,381.4431,381.4431,3020.0889
2022-09-20 15:00:00,694.9041,,294.6523,278.2824,284.0614,301.0115,218.6893,199.1882,245.5074,,223.452,297.8319,297.8319,2342.6764
2022-09-20 16:00:00,293.0564,,118.4401,117.023,116.048,128.8336,94.94998,90.52676,103.7539,,98.81705,123.63685,123.63685,992.02924
2022-09-20 17:00:00,305.0678,,125.3344,116.6827,120.0153,135.8065,78.41307,64.10218,96.3819,,83.81115,130.57045,130.57045,951.1176499999999
2022-09-20 18:00:00,77.78015,,27.5481,25.93723,26.24328,30.18467,18.75209,15.65599,18.71751,,19.01464,28.866385,28.866385,210.91989500000003
2022-09-20 19:00:00,1.895534,,0.1671519,0.0,0.1564444,0.4597673,0.0,0.0,0.2377864,,0.2322449,0.0,,1.2533949
2022-09-20 20:00:00,0.0,,0.0,0.0,0.0,0.0,0.0,0.0,0.0,,0.0,0.0,,0.0
2022-09-20 21:00:00,0.0,,0.0,0.0,0.0,0.0,0.0,0.0,0.0,,0.0,0.0,,0.0
2022-09-20 22:00:00,0.00576389,,0.0,0.0,0.0,0.0,0.0,0.0,0.0,,0.0,0.0,,0.0
2022-09-20 23:00:00,0.001666667,,0.0,0.0,0.0,0.0,0.0,0.0,0.0,,0.0,0.0,,0.0
2022-09-21 00:00:00,0.0,,0.0,0.0,0.0,0.0,0.0,0.0,0.0,,0.0,0.0,,0.0
2022-09-21 01:00:00,0.0,,0.0,0.0,0.0,0.0,0.0,0.0,0.0,,0.0,0.0,,0.0
2022-09-21 02:00:00,0.0,,0.0,0.0,0.0,0.0,0.0,0.0,0.0,,0.0,0.0,,0.0
2022-09-21 03:00:00,0.0,,0.0,0.0,0.0,0.0,0.0,0.0,0.0,,0.0,0.0,,0.0
2022-09-21 04:00:00,0.0,,0.0,0.0,0.0,0.0,0.0,0.0,0.0,,0.0,0.0,,0.0
2022-09-21 05:00:00,0.0,,0.0,0.0,0.0,0.0,0.0,0.0,0.0,,0.0,0.0,,0.0
2022-09-21 06:00:00,0.0,,0.0,0.0,0.0,0.0,0.0,0.0,0.0,,0.0,0.0,,0.0
2022-09-21 07:00:00,38.90818,,13.32361,13.13249,8.466237,11.86423,9.13162,7.116268,7.347271,,9.673862,0.0,,80.055588
2022-09-21 08:00:00,223.9876,,95.24332,88.23376,85.79003,107.3323,56.63939,45.79506,73.28741,,65.01546,101.28781000000001,101.28781000000001,718.62454
2022-09-21 09:00:00,455.3501,,202.5056,188.9784,199.6721,224.0577,128.3588,106.8957,161.1626,,145.6263,213.28165,213.28165,1570.53885
2022-09-21 10:00:00,662.5729,,290.3202,276.5171,288.6375,317.1332,197.1226,170.0659,239.9996,,218.6521,303.7267,303.7267,2302.1749
2022-09-21 11:00:00,826.4658,,351.4403,340.4342,351.5918,380.1776,251.6127,220.9105,296.6977,,271.7906,365.88469999999995,365.88469999999995,2830.5400999999997
2022-09-21 12:00:00,873.7053,,372.1071,367.7032,352.7615,385.393,280.4607,249.9109,307.3032,,274.9309,378.75005,378.75005,2969.32055
2022-09-21 13:00:00,833.0998,,346.4071,340.1235,353.3414,369.0223,260.4504,233.5357,299.261,,298.514,361.18185,361.18185,2861.83725
2022-09-21 14:00:00,832.7648,,357.0175,351.9334,353.3186,382.5311,259.8519,224.6776,306.6178,,267.0638,369.7743,369.7743,2872.786
2022-09-21 15:00:00,731.7502,,307.4187,296.0885,305.9423,330.0289,212.9857,184.997,253.1431,,230.0994,318.7238,318.7238,2439.4273999999996
2022-09-21 16:00:00,538.0987,,226.1115,213.637,221.7493,244.0146,146.2586,122.2502,179.2518,,160.0417,235.06305,235.06305,1748.37775
2022-09-21 17:00:00,309.0773,,124.1556,115.0344,118.5698,134.8237,73.74378,59.02279,92.9362,,80.94969,129.48965,129.48965,928.7256100000001
2022-09-21 18:00:00,96.77753,,31.69078,29.48353,29.61469,34.08797,19.29848,15.69801,22.07131,,19.37425,32.889375,32.889375,234.208395
2022-09-21 19:00:00,1.623409,,0.1635555,0.1496296,0.2981565,0.3349862,0.0,0.0,0.0,,0.0,0.0,,0.9463278
2022-09-21 20:00:00,0.0,,0.0,0.0,0.0,0.0,0.0,0.0,0.0,,0.0,0.0,,0.0
2022-09-21 21:00:00,0.0,,0.0,0.0,0.0,0.0,0.0,0.0,0.0,,0.0,0.0,,0.0
2022-09-21 22:00:00,0.0,,0.0,0.0,0.0,0.0,0.0,0.0,0.0,,0.0,0.0,,0.0
2022-09-21 23:00:00,0.0,,0.0,0.0,0.0,0.0,0.0,0.0,0.0,,0.0,0.0,,0.0
2022-09-22 00:00:00,0.0,,0.0,0.0,0.0,0.0,0.0,0.0,0.0,,0.0,0.0,,0.0
2022-09-22 01:00:00,0.0,,0.0,0.0,0.0,0.0,0.0,0.0,0.0,,0.0,0.0,,0.0
2022-09-22 02:00:00,0.0,,0.0,0.0,0.0,0.0,0.0,0.0,0.0,,0.0,0.0,,0.0
2022-09-22 03:00:00,0.0,,0.0,0.0,0.0,0.0,0.0,0.0,0.0,,0.0,0.0,,0.0
2022-09-22 04:00:00,0.0,,0.0,0.0,0.0,0.0,0.0,0.0,0.0,,0.0,0.0,,0.0
2022-09-22 05:00:00,0.0,,0.0,0.0,0.0,0.0,0.0,0.0,0.0,,0.0,0.0,,0.0
2022-09-22 06:00:00,0.0,,0.0,0.0,0.0,0.0,0.0,0.0,0.0,,0.0,0.0,,0.0
2022-09-22 07:00:00,38.27977,,12.99803,12.85826,7.82145,11.44812,8.382589,6.198699,7.481597,,9.556845,0.0,,76.74559
2022-09-22 08:00:00,235.3455,,97.0211,89.43335,86.92445,109.8069,56.22133,44.60953,74.39703,,64.51905,103.414,103.414,726.34674
2022-09-22 09:00:00,427.3259,,190.6784,181.1671,190.8129,212.6126,125.4457,105.6358,157.0148,,143.3824,201.71275,201.71275,1508.4624499999998
2022-09-22 10:00:00,609.1654,,267.1983,255.0297,266.458,290.6671,182.5411,156.7321,223.1858,,210.3397,278.9327,278.9327,2131.0845
2022-09-22 11:00:00,818.5434,,352.8123,341.3845,353.861,379.6201,250.2623,220.3376,300.7797,,273.0337,366.74055,366.74055,2838.83175
2022-09-22 12:00:00,897.299,,378.4858,369.1382,381.2979,406.3169,276.615,246.519,324.7274,,297.2073,393.80740000000003,393.80740000000003,3074.1149
2022-09-22 13:00:00,909.4337,,374.8993,365.8484,377.8605,403.0474,273.1612,242.825,319.8219,,293.1071,390.45394999999996,390.45394999999996,3041.0247500000005
2022-09-22 14:00:00,846.9286,,350.627,340.3343,352.3343,377.2995,247.9243,216.3009,293.0747,,266.886,364.81690000000003,364.81690000000003,2809.5978999999998
2022-09-22 15:00:00,704.7119,,296.2688,284.6958,295.3032,320.5377,199.2878,170.7541,241.2978,,217.7472,308.40324999999996,308.40324999999996,2334.29565
2022-09-22 16:00:00,418.2474,,192.7617,184.202,194.9999,213.2697,131.9005,113.0617,159.1608,,130.9151,204.13479999999998,204.13479999999998,1524.4062
2022-09-22 17:00:00,33.92689,,14.16558,13.81679,13.22076,15.2975,10.93919,9.722489,10.51766,,10.41481,0.0,,98.094779
2022-09-22 18:00:00,26.8249,,9.665986,10.29598,10.67235,11.5407,8.266305,8.626962,7.479693,,8.822855,0.0,,75.37083100000001
2022-09-22 19:00:00,2.998672,,0.5020278,0.049537,0.524049,0.05902778,0.265764,0.04976562,0.2380612,,0.1971401,0.0,,1.8853725
2022-09-22 20:00:00,0.0002214062,,0.0,0.0,0.0,0.0,0.0,0.0,0.0,,0.0,0.0,,0.0
2022-09-22 21:00:00,0.00581563,,0.0,0.0,0.0,0.0,0.0,0.0,0.0,,0.0,0.0,,0.0
2022-09-22 22:00:00,0.0,,0.0,0.0,0.0,0.0,0.0,0.0,0.0,,0.0,0.0,,0.0
2022-09-22 23:00:00,0.0,,0.0,0.0,0.0,0.0,0.0,0.0,0.0,,0.0,0.0,,0.0
2022-09-23 00:00:00,0.0,,0.0,0.0,0.0,0.0,0.0,0.0,0.0,,0.0,0.0,,0.0
2022-09-23 01:00:00,0.0,,0.0,0.0,0.0,0.0,0.0,0.0,0.0,,0.0,0.0,,0.0
2022-09-23 02:00:00,0.0,,0.0,0.0,0.0,0.0,0.0,0.0,0.0,,0.0,0.0,,0.0
2022-09-23 03:00:00,0.0,,0.0,0.0,0.0,0.0,0.0,0.0,0.0,,0.0,0.0,,0.0
2022-09-23 04:00:00,0.0,,0.0,0.0,0.0,0.0,0.0,0.0,0.0,,0.0,0.0,,0.0
2022-09-23 05:00:00,0.0,,0.0,0.0,0.0,0.0,0.0,0.0,0.0,,0.0,0.0,,0.0
2022-09-23 06:00:00,4.164863e-05,,0.0,0.0,0.0,0.0,0.0,0.0,0.0,,0.0,0.0,,0.0
2022-09-23 07:00:00,46.03257,,13.46738,13.77305,6.414965,10.62225,9.739987,8.603085,7.469856,,10.91121,0.0,,81.001783
2022-09-23 08:00:00,264.238,,115.9394,108.8578,101.5069,127.2971,78.9604,69.58577,90.81116,,83.06525,121.61825,121.61825,897.64203
2022-09-23 09:00:00,508.2753,,247.5664,236.2858,243.1797,267.7261,183.3421,169.2017,203.9502,,190.815,257.64625,257.64625,1999.71325
2022-09-23 10:00:00,723.0053,,353.3655,345.6612,350.2128,377.2919,278.8216,262.5013,304.0806,,283.4555,365.3287,365.3287,2920.7191
2022-09-23 11:00:00,885.0929,,420.6476,416.491,418.7641,444.1769,346.8091,327.6825,371.0962,,350.195,432.41225,432.41225,3528.2746500000003
2022-09-23 12:00:00,975.3486,,450.033,448.2876,448.9483,474.2751,379.9463,360.5471,345.3412,,380.3072,462.15405,462.15405,3749.8398500000003
2022-09-23 13:00:00,990.2852,,452.7154,451.3627,450.6523,475.0716,383.1719,362.6118,325.2625,200.405,380.8033,463.8935,463.8935,3945.9500000000003
2022-09-23 14:00:00,923.5943,,421.1136,417.7013,419.2802,443.2029,348.9967,328.9265,370.4175,324.7519,347.9795,432.15825,432.15825,3854.5283499999996
2022-09-23 15:00:00,781.6613,,359.0157,353.2889,354.368,378.631,288.0039,266.8332,306.8352,264.6691,287.3433,368.82335,368.82335,3227.81165
2022-09-23 16:00:00,582.9283,,268.241,258.7404,259.1324,283.4629,201.8074,183.7702,218.5574,182.1016,202.2467,275.85195,275.85195,2333.9119499999997
2022-09-23 17:00:00,343.2902,,147.5995,138.854,138.9513,156.7902,101.462,89.21366,111.8942,87.5014,101.9828,152.19485,152.19485,1226.44391
2022-09-23 18:00:00,101.9686,,34.4667,32.39201,31.93576,36.36505,21.85436,17.85632,22.40098,18.40858,21.341,35.415875,35.415875,272.436635
2022-09-23 19:00:00,0.8922765,,0.05826363,0.0,0.3232898,0.06282245,0.043087,0.0,0.0511671,0.04820197,0.05306203,0.0,,0.6398939800000001
2022-09-23 20:00:00,0.0,,0.0,0.0,0.0,0.0,0.0,0.0,0.0,0.0,0.0,0.0,,0.0
2022-09-23 21:00:00,0.0,,0.0,0.0,0.0,0.0,0.0,0.0,0.0,0.0,0.0,0.0,,0.0
2022-09-23 22:00:00,0.0,,0.0,0.0,0.0,0.0,0.0,0.0,0.0,0.0,0.0,0.0,,0.0
2022-09-23 23:00:00,0.0,,0.0,0.0,0.0,0.0,0.0,0.0,0.0,0.0,0.0,0.0,,0.0
2022-09-24 00:00:00,0.0,,0.0,0.0,0.0,0.0,0.0,0.0,0.0,0.0,0.0,0.0,,0.0
2022-09-24 01:00:00,0.0,,0.0,0.0,0.0,0.0,0.0,0.0,0.0,0.0,0.0,0.0,,0.0
2022-09-24 02:00:00,0.0,,0.0,0.0,0.0,0.0,0.0,0.0,0.0,0.0,0.0,0.0,,0.0
2022-09-24 03:00:00,0.0,,0.0,0.0,0.0,0.0,0.0,0.0,0.0,0.0,0.0,0.0,,0.0
2022-09-24 04:00:00,0.0,,0.0,0.0,0.0,0.0,0.0,0.0,0.0,0.0,0.0,0.0,,0.0
2022-09-24 05:00:00,0.0,,0.0,0.0,0.0,0.0,0.0,0.0,0.0,0.0,0.0,0.0,,0.0
2022-09-24 06:00:00,1.792115e-06,,0.0,0.0,0.0,0.0,0.0,0.0,0.0,0.0,0.0,0.0,,0.0
2022-09-24 07:00:00,41.80449,,15.15213,15.61302,7.446471,11.26096,11.81076,9.737391,8.845778,7.749594,12.06136,0.0,,99.67746400000001
2022-09-24 08:00:00,196.2626,,100.434,94.96572,92.63033,109.9199,71.32682,63.45401,80.61457,65.5019,73.38068,105.17695,105.17695,857.40488
2022-09-24 09:00:00,495.6339,,238.8965,229.5833,236.6319,259.3912,177.3166,161.1685,197.8102,165.3762,180.938,249.14385000000001,249.14385000000001,2096.25625
2022-09-24 10:00:00,701.756,,330.7149,322.9442,328.2502,354.5845,256.7464,236.9618,281.0045,240.0619,264.0006,342.6497,342.6497,2957.9187
2022-09-24 11:00:00,854.7299,,388.5102,383.5902,388.4819,413.8871,315.4551,293.4357,340.4327,294.9084,318.4979,401.19865,401.19865,3538.3978499999994
2022-09-24 12:00:00,946.8876,,417.0712,413.7535,418.1125,441.0207,345.1226,323.2121,370.1347,325.5245,346.2083,429.5666,429.5666,3829.7267
2022-09-24 13:00:00,968.4724,,421.274,418.0894,421.9216,444.6636,349.7695,327.2703,373.3356,328.9583,349.7813,433.2926,433.2926,3868.3562
2022-09-24 14:00:00,766.4457,,350.327,340.5758,346.2734,368.0918,285.4756,266.0811,305.4065,266.6938,299.9365,359.20939999999996,359.20939999999996,3188.0708999999997
2022-09-24 15:00:00,732.8136,,330.1605,331.1078,337.1604,348.4967,267.3629,237.3876,287.8605,240.6474,263.512,342.82854999999995,342.82854999999995,2986.5243499999997
2022-09-24 16:00:00,551.8715,,245.3553,235.8283,238.5818,255.9677,180.4213,161.3492,198.46,162.442,182.5359,250.6615,250.6615,2111.603
2022-09-24 17:00:00,269.9513,,114.3849,112.6456,101.6429,117.1576,83.3092,74.96204,93.56946,74.69746,84.93302,115.77125000000001,115.77125000000001,973.0734300000001
2022-09-24 18:00:00,67.49023,,26.4266,25.80337,9.727298,10.10067,21.89317,20.32043,20.92418,19.54365,20.22011,26.114985,26.114985,201.074463
2022-09-24 19:00:00,0.758413,,0.0,0.0,0.04124005,0.0,0.0268008,0.0,0.0,0.0,0.0,0.0,,0.06804085
2022-09-24 20:00:00,0.0,,0.0,0.0,0.0,0.0,0.0,0.0,0.0,0.0,0.0,0.0,,0.0
2022-09-24 21:00:00,0.0,,0.0,0.0,0.0,0.0,0.0,0.0,0.0,0.0,0.0,0.0,,0.0
2022-09-24 22:00:00,0.0,,0.0,0.0,0.0,0.0,0.0,0.0,0.0,0.0,0.0,0.0,,0.0
2022-09-24 23:00:00,0.0,,0.0,0.0,0.0,0.0,0.0,0.0,0.0,0.0,0.0,0.0,,0.0
2022-09-25 00:00:00,0.0,,0.0,0.0,0.0,0.0,0.0,0.0,0.0,0.0,0.0,0.0,,0.0
2022-09-25 01:00:00,0.0,,0.0,0.0,0.0,0.0,0.0,0.0,0.0,0.0,0.0,0.0,,0.0
2022-09-25 02:00:00,0.0,,0.0,0.0,0.0,0.0,0.0,0.0,0.0,0.0,0.0,0.0,,0.0
2022-09-25 03:00:00,0.0,,0.0,0.0,0.0,0.0,0.0,0.0,0.0,0.0,0.0,0.0,,0.0
2022-09-25 04:00:00,0.0,,0.0,0.0,0.0,0.0,0.0,0.0,0.0,0.0,0.0,0.0,,0.0
2022-09-25 05:00:00,0.0,,0.0,0.0,0.0,0.0,0.0,0.0,0.0,0.0,0.0,0.0,,0.0
2022-09-25 06:00:00,0.01252061,,0.0,0.0,0.0,0.0,0.0,0.0,0.0,0.0,0.0,0.0,,0.0
2022-09-25 07:00:00,23.04418,,9.679677,9.475669,8.821332,10.53577,7.927384,7.485564,4.527163,7.234753,8.349541,0.0,,74.036853
2022-09-25 08:00:00,195.7336,,89.81552,86.65209,83.43623,96.46863,69.93697,66.09595,76.76096,66.32124,72.55333,93.142075,93.142075,801.1829949999999
2022-09-25 09:00:00,291.8184,,141.759,140.4576,143.8674,154.5002,111.2484,105.9464,126.379,107.2058,114.6204,149.18380000000002,149.18380000000002,1295.1680000000001
2022-09-25 10:00:00,566.8374,,264.2783,248.9014,258.2521,277.7681,210.9409,199.655,233.5112,201.1958,218.7872,271.0232,271.0232,2384.3132000000005
2022-09-25 11:00:00,549.3204,,257.5333,254.3321,264.9156,276.6281,218.3044,216.8659,236.0073,212.8097,240.9944,270.77185,270.77185,2449.1626499999998
2022-09-25 12:00:00,927.0519,,409.6701,396.4016,399.7539,422.1639,326.5186,306.8511,359.9722,313.2144,338.1548,415.91700000000003,415.91700000000003,3688.6176
2022-09-25 13:00:00,932.4138,,403.0332,402.7653,401.9373,430.5608,328.5023,300.5757,358.5524,305.1721,306.8834,416.797,416.797,3654.7795000000006
2022-09-25 14:00:00,804.6188,,354.5112,362.8619,360.6421,395.05,300.5898,276.4923,334.8834,285.3415,314.3852,378.95595000000003,378.95595000000003,3363.71335
2022-09-25 15:00:00,657.4368,,301.5755,281.1753,289.469,302.6447,220.3222,199.293,244.2927,201.4362,239.3353,302.1101,302.1101,2581.654
2022-09-25 16:00:00,497.6319,,224.4574,217.9561,227.7883,244.777,169.2681,150.5806,191.0925,152.8774,175.7861,236.28265,236.28265,1990.8661499999998
2022-09-25 17:00:00,99.19136,,47.31883,45.97757,46.09739,49.60725,41.75367,39.22364,44.61839,40.22247,41.87545,48.46304,48.46304,445.1577
2022-09-25 18:00:00,34.44219,,14.54634,14.47184,14.3931,15.56307,12.94449,11.79699,11.25688,11.9971,11.57946,0.0,,118.54926999999999
2022-09-25 19:00:00,1.308852,,0.1026298,0.0,0.1984334,0.1024699,0.0,0.0,0.0,0.0,0.0,0.0,,0.4035331
2022-09-25 20:00:00,0.0,,0.0,0.0,0.0,0.0,0.0,0.0,0.0,0.0,0.0,0.0,,0.0
2022-09-25 21:00:00,0.0,,0.0,0.0,0.0,0.0,0.0,0.0,0.0,0.0,0.0,0.0,,0.0
2022-09-25 22:00:00,0.0,,0.0,0.0,0.0,0.0,0.0,0.0,0.0,0.0,0.0,0.0,,0.0
2022-09-25 23:00:00,0.0,,0.0,0.0,0.0,0.0,0.0,0.0,0.0,0.0,0.0,0.0,,0.0
2022-09-26 00:00:00,0.0,,0.0,0.0,0.0,0.0,0.0,0.0,0.0,0.0,0.0,0.0,,0.0
2022-09-26 01:00:00,0.0,,0.0,0.0,0.0,0.0,0.0,0.0,0.0,0.0,0.0,0.0,,0.0
2022-09-26 02:00:00,0.0,,0.0,0.0,0.0,0.0,0.0,0.0,0.0,0.0,0.0,0.0,,0.0
2022-09-26 03:00:00,0.0,,0.0,0.0,0.0,0.0,0.0,0.0,0.0,0.0,0.0,0.0,,0.0
2022-09-26 04:00:00,0.0,,0.0,0.0,0.0,0.0,0.0,0.0,0.0,0.0,0.0,0.0,,0.0
2022-09-26 05:00:00,0.0,,0.0,0.0,0.0,0.0,0.0,0.0,0.0,0.0,0.0,0.0,,0.0
2022-09-26 06:00:00,0.0,,0.0,0.0,0.0,0.0,0.0,0.0,0.0,0.0,0.0,0.0,,0.0
2022-09-26 07:00:00,36.61046,,12.27628,12.80835,7.598379,10.06144,9.57256,7.730258,7.218696,6.509981,8.950811,0.0,,82.72675500000001
2022-09-26 08:00:00,232.7719,,99.80328,94.43678,88.73473,110.572,64.99367,54.28671,77.85909,58.86172,69.36236,105.18764,105.18764,824.09798
2022-09-26 09:00:00,463.8566,,213.9229,205.2435,211.8277,234.5896,151.3148,131.903,174.6915,140.6134,159.9506,224.25625,224.25625,1848.3132499999997
2022-09-26 10:00:00,674.248,,308.8544,301.6361,307.3352,332.7213,233.882,210.041,262.2793,217.6893,242.3483,320.78785,320.78785,2737.57475
2022-09-26 11:00:00,828.6617,,366.9996,362.4666,367.2828,391.993,290.1751,264.748,320.5309,272.7978,298.3666,379.6379,379.6379,3314.9983
2022-09-26 12:00:00,922.5328,,397.1554,393.4942,137.3491,380.5856,319.9009,292.7275,349.5011,300.7527,325.8618,395.3248,395.3248,3292.6531
2022-09-26 13:00:00,941.2761,,399.4567,394.2566,332.9455,292.0135,317.5812,292.0855,348.0081,300.1487,324.921,396.85665,396.85665,3398.27345
2022-09-26 14:00:00,800.6032,,334.295,335.2598,329.3944,352.5331,275.1076,250.5733,293.4,249.9763,306.4886,343.89644999999996,343.89644999999996,3070.9245499999997
2022-09-26 15:00:00,713.5648,,309.7053,301.1148,306.9981,329.9926,230.0094,202.1273,256.2186,207.9843,235.2274,319.84895,319.84895,2699.2267500000003
2022-09-26 16:00:00,425.0068,,195.6389,182.2477,185.8306,195.1064,130.8238,117.5668,145.8047,119.796,147.7368,195.37265000000002,195.37265000000002,1615.92435
2022-09-26 17:00:00,306.9698,,131.6034,127.9815,128.1186,141.5784,85.26307,70.91655,99.82374,73.79748,85.09956,136.59089999999998,136.59089999999998,1080.7731999999999
2022-09-26 18:00:00,85.24131,,27.74169,26.13232,26.22782,28.74995,16.46051,13.94975,18.34628,14.34946,16.10631,28.24582,28.24582,216.30991
2022-09-26 19:00:00,0.8110662,,0.0,0.0,0.1051299,0.0,0.0,0.0,0.0,0.0,0.0,0.0,,0.1051299
2022-09-26 20:00:00,0.0,,0.0,0.0,0.0,0.0,0.0,0.0,0.0,0.0,0.0,0.0,,0.0
2022-09-26 21:00:00,0.0,,0.0,0.0,0.0,0.0,0.0,0.0,0.0,0.0,0.0,0.0,,0.0
2022-09-26 22:00:00,0.0,,0.0,0.0,0.0,0.0,0.0,0.0,0.0,0.0,0.0,0.0,,0.0
2022-09-26 23:00:00,0.0,,0.0,0.0,0.0,0.0,0.0,0.0,0.0,0.0,0.0,0.0,,0.0
2022-09-27 00:00:00,0.0,,0.0,0.0,0.0,0.0,0.0,0.0,0.0,0.0,0.0,0.0,,0.0
2022-09-27 01:00:00,0.0,,0.0,0.0,0.0,0.0,0.0,0.0,0.0,0.0,0.0,0.0,,0.0
2022-09-27 02:00:00,0.0,,0.0,0.0,0.0,0.0,0.0,0.0,0.0,0.0,0.0,0.0,,0.0
2022-09-27 03:00:00,0.0,,0.0,0.0,0.0,0.0,0.0,0.0,0.0,0.0,0.0,0.0,,0.0
2022-09-27 04:00:00,0.0,,0.0,0.0,0.0,0.0,0.0,0.0,0.0,0.0,0.0,0.0,,0.0
2022-09-27 05:00:00,0.0,,0.0,0.0,0.0,0.0,0.0,0.0,0.0,0.0,0.0,0.0,,0.0
2022-09-27 06:00:00,0.0,,0.0,0.0,0.0,0.0,0.0,0.0,0.0,0.0,0.0,0.0,,0.0
2022-09-27 07:00:00,6.241223,,1.055606,1.117371,1.450655,1.250489,0.6621004,0.31589,0.9205343,0.5267779,0.3578252,0.0,,7.6572488000000005
2022-09-27 08:00:00,126.5461,,59.08245,54.2704,56.30795,65.90762,40.28354,33.42612,46.4288,37.24984,42.93645,62.495035,62.495035,498.38820499999997
2022-09-27 09:00:00,408.2174,,191.5417,182.8867,189.346,209.041,135.153,117.8099,157.5379,125.793,141.9082,200.29135,200.29135,1651.30875
2022-09-27 10:00:00,631.1162,,292.5174,289.3387,293.3678,320.0024,223.8169,201.9248,249.8606,208.2589,234.458,306.68510000000003,306.68510000000003,2620.2306000000003
2022-09-27 11:00:00,782.0209,,370.1338,358.6019,362.5182,387.1519,287.2361,263.6397,313.4597,267.2325,293.3594,378.64285,378.64285,3281.9760499999998
2022-09-27 12:00:00,843.8117,,383.2281,378.9793,384.098,405.5147,310.1825,282.3281,333.3829,286.5428,317.0878,394.80635,394.80635,3476.1505500000003
2022-09-27 13:00:00,700.7997,,320.2186,311.0449,315.0223,330.792,254.9481,233.6549,274.1258,236.9662,253.5462,325.5053,325.5053,2855.8242999999993
2022-09-27 14:00:00,735.7531,,324.1029,327.506,330.3691,353.6977,268.5121,242.3825,292.6345,252.3591,272.6191,342.03340000000003,342.03340000000003,3006.2164000000002
2022-09-27 15:00:00,594.7312,,256.5992,262.7253,265.6401,287.3764,210.4852,189.3378,228.7374,193.9401,207.4234,276.50825,276.50825,2378.77315
2022-09-27 16:00:00,378.067,,171.0028,169.1112,171.0374,185.9274,138.4596,126.7327,151.3707,128.939,139.6606,178.48239999999998,178.48239999999998,1560.7237999999998
2022-09-27 17:00:00,205.0927,,93.20396,90.95611,91.89838,99.94979,75.33312,69.79652,81.91344,70.15824,74.18164,96.576875,96.576875,843.968075
2022-09-27 18:00:00,51.4104,,21.13761,21.20182,21.36324,22.83884,18.59355,17.49036,18.62467,17.38898,18.12946,22.10104,22.10104,198.86957
2022-09-27 19:00:00,1.570399,,0.0,0.0,0.0,0.1130208,0.0,0.0,0.0,0.0,0.0,0.0,,0.1130208
2022-09-27 20:00:00,0.0,,0.0,0.0,0.0,0.0,0.0,0.0,0.0,0.0,0.0,0.0,,0.0
2022-09-27 21:00:00,0.0,,0.0,0.0,0.0,0.0,0.0,0.0,0.0,0.0,0.0,0.0,,0.0
2022-09-27 22:00:00,0.0,,0.0,0.0,0.0,0.0,0.0,0.0,0.0,0.0,0.0,0.0,,0.0
2022-09-27 23:00:00,0.0,,0.0,0.0,0.0,0.0,0.0,0.0,0.0,0.0,0.0,0.0,,0.0
2022-09-28 00:00:00,0.0,,0.0,0.0,0.0,0.0,0.0,0.0,0.0,0.0,0.0,0.0,,0.0
2022-09-28 01:00:00,0.0,,0.0,0.0,0.0,0.0,0.0,0.0,0.0,0.0,0.0,0.0,,0.0
2022-09-28 02:00:00,0.0,,0.0,0.0,0.0,0.0,0.0,0.0,0.0,0.0,0.0,0.0,,0.0
2022-09-28 03:00:00,0.0,,0.0,0.0,0.0,0.0,0.0,0.0,0.0,0.0,0.0,0.0,,0.0
2022-09-28 04:00:00,0.0,,0.0,0.0,0.0,0.0,0.0,0.0,0.0,0.0,0.0,0.0,,0.0
2022-09-28 05:00:00,0.0,,0.0,0.0,0.0,0.0,0.0,0.0,0.0,0.0,0.0,0.0,,0.0
2022-09-28 06:00:00,0.0,,0.0,0.0,0.0,0.0,0.0,0.0,0.0,0.0,0.0,0.0,,0.0
2022-09-28 07:00:00,21.68805,,9.086588,9.689267,9.249053,10.01174,8.445563,7.160518,6.975404,7.479043,7.427932,0.0,,75.52510799999999
2022-09-28 08:00:00,181.0098,,86.60561,80.18236,83.94456,90.39967,64.1568,58.65913,70.89429,59.73114,63.52548,88.50264,88.50264,746.6016800000001
2022-09-28 09:00:00,417.5167,,217.6907,199.5407,227.9266,222.4713,145.7634,129.9653,164.33,133.9953,152.0803,225.19895000000002,225.19895000000002,1818.9625500000002
2022-09-28 10:00:00,549.7303,,292.0251,291.5507,295.7895,304.2106,229.9313,178.5852,253.0338,185.7517,201.56,300.00005,300.00005,2532.43795
2022-09-28 11:00:00,843.6295,,423.5331,427.361,428.2549,438.8504,387.4967,288.0809,432.7018,401.5483,313.4382,435.7761,435.7761,3977.0413999999996
2022-09-28 12:00:00,892.4471,,424.799,429.3813,430.264,435.141,400.9033,344.7153,431.9249,428.8782,332.9614,433.53295,433.53295,4092.5013499999995
2022-09-28 13:00:00,869.4104,,416.1876,424.3316,422.88,431.8809,413.9373,411.7371,430.3541,425.9632,341.4559,431.1175,431.1175,4149.8452
2022-09-28 14:00:00,711.0707,,348.6433,349.9013,350.9413,362.6755,345.0403,350.4034,353.775,350.3659,288.5049,358.22524999999996,358.22524999999996,3458.47615
2022-09-28 15:00:00,595.0292,,296.2481,299.7311,297.7403,310.0688,300.319,306.058,306.2176,299.8004,295.0752,308.1432,308.1432,3019.4017
2022-09-28 16:00:00,384.064,,198.0899,196.3273,195.1452,203.3133,195.6416,198.875,198.9909,193.3553,191.4847,201.15210000000002,201.15210000000002,1972.3753
2022-09-28 17:00:00,169.2301,,84.55447,84.16636,83.78283,87.8096,84.28918,85.74538,86.17582,83.63746,83.78673,86.99271,86.99271,850.94054
2022-09-28 18:00:00,37.42406,,17.19154,17.00999,16.95354,17.7573,17.85763,17.2576,14.66719,16.97967,16.64639,0.0,,152.32085
2022-09-28 19:00:00,0.3954498,,0.0,0.0,0.0,0.0,0.0,0.0,0.0,0.0,0.0,0.0,,0.0
2022-09-28 20:00:00,0.0,,0.0,0.0,0.0,0.0,0.0,0.0,0.0,0.0,0.0,0.0,,0.0
2022-09-28 21:00:00,0.0,,0.0,0.0,0.0,0.0,0.0,0.0,0.0,0.0,0.0,0.0,,0.0
2022-09-28 22:00:00,0.0,,0.0,0.0,0.0,0.0,0.0,0.0,0.0,0.0,0.0,0.0,,0.0
2022-09-28 23:00:00,0.0,,0.0,0.0,0.0,0.0,0.0,0.0,0.0,0.0,0.0,0.0,,0.0
2022-09-29 00:00:00,0.0,,0.0,0.0,0.0,0.0,0.0,0.0,0.0,0.0,0.0,0.0,,0.0
2022-09-29 01:00:00,0.0,,0.0,0.0,0.0,0.0,0.0,0.0,0.0,0.0,0.0,0.0,,0.0
2022-09-29 02:00:00,0.0,,0.0,0.0,0.0,0.0,0.0,0.0,0.0,0.0,0.0,0.0,,0.0
2022-09-29 03:00:00,0.0,,0.0,0.0,0.0,0.0,0.0,0.0,0.0,0.0,0.0,0.0,,0.0
2022-09-29 04:00:00,0.0,,0.0,0.0,0.0,0.0,0.0,0.0,0.0,0.0,0.0,0.0,,0.0
2022-09-29 05:00:00,0.0,,0.0,0.0,0.0,0.0,0.0,0.0,0.0,0.0,0.0,0.0,,0.0
2022-09-29 06:00:00,0.0,,0.0,0.0,0.0,0.0,0.0,0.0,0.0,0.0,0.0,0.0,,0.0
2022-09-29 07:00:00,7.659299,,2.235884,2.355121,2.548506,2.752784,2.515164,1.800561,1.569444,2.602598,2.366858,0.0,,20.746920000000003
2022-09-29 08:00:00,43.6763,,23.37897,23.33526,22.98084,24.82893,23.66083,23.97564,21.97125,23.59883,23.72912,0.0,,211.45967
2022-09-29 09:00:00,93.91209,,50.05811,49.86078,49.67439,52.62664,50.29578,51.06837,51.51631,50.13171,50.53559,52.071475,52.071475,507.839155
2022-09-29 10:00:00,152.7211,,81.60069,81.50553,81.17284,85.53123,81.91463,83.25318,83.93026,81.73444,82.32697,84.730745,84.730745,827.700515
2022-09-29 11:00:00,151.1841,,83.51485,83.6674,83.30765,87.43696,84.14647,85.35586,85.87726,83.9077,84.22641,86.65711,86.65711,848.09767
2022-09-29 12:00:00,194.4901,,104.3764,104.5744,104.2119,109.6695,106.6034,108.4842,109.0417,106.4306,105.1432,109.35560000000001,109.35560000000001,1067.8909
2022-09-29 13:00:00,179.4537,,96.47065,96.22153,95.39226,100.5032,96.79082,97.99949,98.56503,96.20354,97.12951,99.534115,99.534115,974.810145
2022-09-29 14:00:00,155.41,,83.99346,83.61353,83.24229,87.79726,84.19668,85.60603,86.38011,84.11153,84.03665,87.088685,87.088685,850.066225
2022-09-29 15:00:00,95.41298,,50.90661,50.46271,50.42811,53.18597,50.85631,51.62403,52.20921,50.66655,51.24207,52.69759,52.69759,514.27916
2022-09-29 16:00:00,49.97952,,26.90655,26.52633,26.39213,28.11476,26.66269,27.2499,27.04238,26.64179,27.15521,0.0,,242.69174
2022-09-29 17:00:00,18.48779,,6.465683,7.126042,6.767179,7.166529,8.496511,6.698558,3.78169,6.533483,6.637338,0.0,,59.673013
2022-09-29 18:00:00,3.747672,,0.1949476,0.1600455,0.0,0.2277682,0.441781,0.0,0.03857027,0.2079826,0.0412539,0.0,,1.31234907
2022-09-29 19:00:00,0.05783733,,0.0,0.0,0.0,0.0,0.0,0.0,0.0,0.0,0.0,0.0,,0.0
2022-09-29 20:00:00,0.0,,0.0,0.0,0.0,0.0,0.0,0.0,0.0,0.0,0.0,0.0,,0.0
2022-09-29 21:00:00,0.0,,0.0,0.0,0.0,0.0,0.0,0.0,0.0,0.0,0.0,0.0,,0.0
2022-09-29 22:00:00,0.0,,0.0,0.0,0.0,0.0,0.0,0.0,0.0,0.0,0.0,0.0,,0.0
2022-09-29 23:00:00,0.0,,0.0,0.0,0.0,0.0,0.0,0.0,0.0,0.0,0.0,0.0,,0.0
2022-09-30 00:00:00,0.0,,0.0,0.0,0.0,0.0,0.0,0.0,0.0,0.0,0.0,0.0,,0.0
2022-09-30 01:00:00,0.0,,0.0,0.0,0.0,0.0,0.0,0.0,0.0,0.0,0.0,0.0,,0.0
2022-09-30 02:00:00,0.0,,0.0,0.0,0.0,0.0,0.0,0.0,0.0,0.0,0.0,0.0,,0.0
2022-09-30 03:00:00,0.0,,0.0,0.0,0.0,0.0,0.0,0.0,0.0,0.0,0.0,0.0,,0.0
2022-09-30 04:00:00,0.0,,0.0,0.0,0.0,0.0,0.0,0.0,0.0,0.0,0.0,0.0,,0.0
2022-09-30 05:00:00,0.0,,0.0,0.0,0.0,0.0,0.0,0.0,0.0,0.0,0.0,0.0,,0.0
2022-09-30 06:00:00,0.0,,0.0,0.0,0.0,0.0,0.0,0.0,0.0,0.0,0.0,0.0,,0.0
2022-09-30 07:00:00,1.994128,,0.01845478,0.01783665,0.01776782,0.2765975,0.0,0.2537797,0.0,0.0,0.0,0.0,,0.58443645
2022-09-30 08:00:00,24.20878,,11.8235,11.94391,11.88919,12.62233,11.14305,12.44314,7.93536,11.72119,10.78911,0.0,,102.31078
2022-09-30 09:00:00,51.58514,,23.7299,23.87956,23.66601,28.55034,24.07822,27.8213,19.29107,23.75987,23.63336,28.18582,28.18582,246.59545
2022-09-30 10:00:00,26.49738,,13.2253,12.92906,13.34278,14.46812,12.67397,13.77268,3.476498,12.85797,12.9603,0.0,,109.706678
2022-09-30 11:00:00,48.42056,,23.13614,23.20592,22.78205,24.50916,23.63634,23.99444,23.5315,23.32427,24.45099,0.0,,212.57081
2022-09-30 12:00:00,56.3562,,15.62485,14.90539,11.97817,15.18333,12.20429,14.74293,12.28549,12.59565,12.10439,15.40409,15.40409,137.02858
2022-09-30 13:00:00,,,,,,,,,,,,,,0.0
2022-09-30 14:00:00,,,,,,,,,,,,,,0.0
2022-09-30 15:00:00,,,,,,,,,,,,,,0.0
2022-09-30 16:00:00,,,,,,,,,,,,,,0.0
2022-09-30 17:00:00,,,,,,,,,,,,,,0.0
2022-09-30 18:00:00,,,,,,,,,,,,,,0.0
2022-09-30 19:00:00,,,,,,,,,,,,,,0.0
2022-09-30 20:00:00,,,,,,,,,,,,,,0.0
2022-09-30 21:00:00,,,,,,,,,,,,,,0.0
2022-09-30 22:00:00,,,,,,,,,,,,,,0.0
2022-09-30 23:00:00,,,,,,,,,,,,,,0.0
