NC Solar I,Unnamed: 1,Unnamed: 2,Unnamed: 3,Unnamed: 4,Unnamed: 5,Unnamed: 6
,,,,,,
Timestamp,POA,"SMA Inverter - 1A, Total AC Active Power","SMA Inverter - 2A, Total AC Active Power","SMA Inverter - 1B, Total AC Active Power","SMA Inverter - 2B, Total AC Active Power",Production meter active power
,W/mÂ²,kW,kW,kW,kW,kW
2023-06-01 00:00:00,0,0,0,0,0,0.9473387
2023-06-01 01:00:00,0,0,0,0,0,0.9096996
2023-06-01 02:00:00,0,0,0,0,0,0.8605978
2023-06-01 03:00:00,0,0,0,0,0,0.8559729
2023-06-01 04:00:00,0,0,0,0,0,0.7703607
2023-06-01 05:00:00,0.1354734,0.0102783,0.005563618,0.007613438,0.004269795,0.7980633
2023-06-01 06:00:00,28.40791,15.03948,10.04391,15.05919,15.08469,8.23447
2023-06-01 07:00:00,144.523,53.08148,48.0439,67.72187,70.48484,58.94471
2023-06-01 08:00:00,325.9923,153.8372,124.5569,163.1004,175.3651,275.3203
2023-06-01 09:00:00,547.0637,254.5372,205.843,260.6054,284.4696,472.1371
2023-06-01 10:00:00,685.3464,316.2107,248.1169,321.0854,349.377,449.9087
2023-06-01 11:00:00,821.3555,355.0507,269.7153,360.3999,393.0612,641.4699
2023-06-01 12:00:00,867.5286,319.4575,233.9818,326.8111,353.7167,656.0887
2023-06-01 13:00:00,392.8319,134.7327,106.9782,138.3685,149.3623,284.7111
2023-06-01 14:00:00,236.052,82.73928,66.35339,84.48334,81.1866,251.234
2023-06-01 15:00:00,236.4139,131.2619,105.3002,134.9157,145.6784,233.8767
2023-06-01 16:00:00,205.2455,63.48283,50.69397,64.29245,70.88681,129.1957
2023-06-01 17:00:00,255.0495,96.12602,78.31575,96.83128,108.1688,234.8566
2023-06-01 18:00:00,148.0116,39.42216,31.21641,39.67108,45.95076,107.6938
2023-06-01 19:00:00,84.59868,15.35657,12.04044,15.13057,18.97741,50.30607
2023-06-01 20:00:00,6.585361,0.07092539,0.04907262,0.06918029,0.09638117,0.977287
2023-06-01 21:00:00,0.000576389,0,0,0,0,0.1437633
2023-06-01 22:00:00,0,0,0,0,0,0.4876223
2023-06-01 23:00:00,0.02436806,0,0,0,0,0.9260552
2023-06-02 00:00:00,0.01167361,0,0,0,0,0.9407358
2023-06-02 01:00:00,0.01390972,0,0,0,0,0.9140573
2023-06-02 02:00:00,0,0,0,0,0,0.8297539
2023-06-02 03:00:00,0,0,0,0,0,0.7801651
2023-06-02 04:00:00,0,0,0,0,0,0.7222692
2023-06-02 05:00:00,0.01002087,0.002702505,0,0,0,0.6173316
2023-06-02 06:00:00,12.30717,9.961266,7.042518,9.998014,11.04102,4.772739
2023-06-02 07:00:00,85.87125,39.74482,33.8279,43.52889,47.05944,102.5545
2023-06-02 08:00:00,150.5927,78.04979,65.20646,83.85799,90.06518,108.9753
2023-06-02 09:00:00,414.9283,182.7197,158.357,196.7834,214.9551,217.647
2023-06-02 10:00:00,542.1873,235.6469,190.9723,235.207,258.0659,466.5858
2023-06-02 11:00:00,527.4251,234.4002,184.2417,246.1196,263.3666,550.8191
2023-06-02 12:00:00,710.9321,277.2414,225.9438,303.5034,321.1197,573.109
2023-06-02 13:00:00,640.6698,271.7438,204.7039,271.8431,293.309,790.3726
2023-06-02 14:00:00,613.5621,242.6245,180.0895,248.1485,256.6292,332.1621
2023-06-02 15:00:00,505.5522,219.2196,170.7572,222.7095,241.8905,519.9192
2023-06-02 16:00:00,504.2179,169.2275,133.0447,173.3896,192.5897,322.3528
2023-06-02 17:00:00,355.0546,120.754,97.56567,126.4545,145.6891,191.3627
2023-06-02 18:00:00,177.9362,34.94225,26.84074,34.28959,40.53183,40.87509
2023-06-02 19:00:00,54.26358,9.199169,6.064508,8.869414,12.10894,36.4633
2023-06-02 20:00:00,8.064303,0.09468255,0.0612054,0.092561,0.2090924,1.282618
2023-06-02 21:00:00,0.0125,0,0,0,0,0.1714321
2023-06-02 22:00:00,0,0,0,0,0,0.5343663
2023-06-02 23:00:00,0.01241667,0,0,0,0,0.5940952
2023-06-03 00:00:00,0,0,0,0,0,0.7835122
2023-06-03 01:00:00,0,0,0,0,0,0.7540825
2023-06-03 02:00:00,0.025,0,0,0,0,0.6323577
2023-06-03 03:00:00,0,0,0,0,0,0.6866065
2023-06-03 04:00:00,0,0,0,0,0,0.5761312
2023-06-03 05:00:00,0.06427448,0.1412202,0.003477305,0.00778738,0.02163596,0.6919842
2023-06-03 06:00:00,25.81424,10.1877,5.873315,9.926868,9.927672,11.96734
2023-06-03 07:00:00,157.2675,64.02631,42.61139,66.44205,66.31815,170.8146
2023-06-03 08:00:00,338.9796,156.6626,121.5413,162.4625,174.1501,70.21139
2023-06-03 09:00:00,533.9868,245.3513,193.6534,251.1185,271.7416,352.1178
2023-06-03 10:00:00,706.6074,309.0802,237.2383,313.8911,343.912,537.4454
2023-06-03 11:00:00,836.6937,348.0785,257.7343,352.0187,385.6171,640.3031
2023-06-03 12:00:00,909.2411,360.6913,264.3294,367.9063,403.1241,655.2259
2023-06-03 13:00:00,929.5925,355.3564,258.6663,360.5731,399.6552,649.2258
2023-06-03 14:00:00,889.5908,335.3653,246.1658,338.8037,374.0622,620.1919
2023-06-03 15:00:00,779.5349,287.6918,215.3451,289.24,322.9091,816.6173
2023-06-03 16:00:00,612.6476,216.7154,166.9913,218.3828,246.0325,270.2662
2023-06-03 17:00:00,430.3408,137.4395,109.2623,138.0811,158.6888,129.2195
2023-06-03 18:00:00,271.1818,69.85216,55.58549,69.72301,82.26795,168.0512
2023-06-03 19:00:00,122.5297,23.38738,18.19588,23.05872,28.08604,68.56089
2023-06-03 20:00:00,9.88499,0.2562105,0.09491303,0.1496797,0.295171,1.413394
2023-06-03 21:00:00,0,0,0,0,0,0.06066097
2023-06-03 22:00:00,0,0,0,0,0,0.1137394
2023-06-03 23:00:00,0,0,0,0,0,0.08599061
2023-06-04 00:00:00,0,0,0,0,0,0.07229242
2023-06-04 01:00:00,0.01025695,0,0,0,0,0.2885166
2023-06-04 02:00:00,0.002263888,0,0,0,0,0.5317926
2023-06-04 03:00:00,0,0,0,0,0,0.5482784
2023-06-04 04:00:00,0,0,0,0,0,0.5690456
2023-06-04 05:00:00,0.04067406,0,0,0,0.00115511,0.4785902
2023-06-04 06:00:00,13.95714,8.555655,6.035212,8.499137,9.915736,5.634955
2023-06-04 07:00:00,67.4882,28.31691,25.75381,34.40144,36.65839,31.01329
2023-06-04 08:00:00,74.05111,28.19966,25.66603,33.92634,36.22235,40.19824
2023-06-04 09:00:00,110.6283,45.27326,43.22388,54.23326,58.4853,37.96924
2023-06-04 10:00:00,146.0276,55.19002,58.1938,72.75782,78.98977,54.64777
2023-06-04 11:00:00,222.6012,70.34789,71.87121,88.91483,97.50296,146.7262
2023-06-04 12:00:00,268.0492,108.3903,107.46,133.473,145.5801,124.1407
2023-06-04 13:00:00,440.2308,231.4937,179.2881,239.9594,251.1877,172.4505
2023-06-04 14:00:00,525.7216,206.4568,168.6927,208.5208,229.6753,442.458
2023-06-04 15:00:00,564.2245,207.8541,167.2843,209.2894,229.4937,353.666
2023-06-04 16:00:00,403.4015,157.8015,128.7095,161.7513,178.3754,308.5291
2023-06-04 17:00:00,249.7043,82.22138,72.51524,89.4109,100.0121,158.4364
2023-06-04 18:00:00,127.1942,35.55743,34.45813,43.14214,48.47585,62.57429
2023-06-04 19:00:00,50.33021,5.495331,8.715281,11.57173,14.16671,28.24106
2023-06-04 20:00:00,4.882709,0.01708397,0.01445457,0.03165245,0.0761124,0.4422477
2023-06-04 21:00:00,0,0,0,0,0,0.5315763
2023-06-04 22:00:00,0,0,0,0,0,0.530758
2023-06-04 23:00:00,0,0,0,0,0,0.4797229
2023-06-05 00:00:00,0,0,0,0,0,0.5531142
2023-06-05 01:00:00,0,0,0,0,0,0.4280244
2023-06-05 02:00:00,0,0,0,0,0,0.435983
2023-06-05 03:00:00,0,0,0,0,0,0.4543483
2023-06-05 04:00:00,0,0,0,0,0,0.6003878
2023-06-05 05:00:00,0,0.003945853,0,0.002762165,0.005619935,0.7549949
2023-06-05 06:00:00,14.51186,11.03267,7.759632,10.97835,11.56909,22.55063
2023-06-05 07:00:00,103.6905,48.74532,39.29137,50.02219,54.12953,49.41316
2023-06-05 08:00:00,192.1953,114.493,93.6164,117.6716,125.9659,145.7693
2023-06-05 09:00:00,513.8657,217.3017,174.2086,222.8586,238.7955,322.4581
2023-06-05 10:00:00,623.863,284.8347,223.1606,288.3959,208.7879,440.0085
2023-06-05 11:00:00,748.9492,285.9312,233.5796,284.8872,329.3879,258.6922
2023-06-05 12:00:00,651.5957,228.0139,188.3281,233.9364,267.1676,417.7783
2023-06-05 13:00:00,519.2285,255.711,187.3056,261.1455,276.095,529.1749
2023-06-05 14:00:00,583.2854,219.287,187.4728,215.5052,252.4159,743.7562
2023-06-05 15:00:00,503.5498,172.7291,137.2119,173.6858,194.618,255.8963
2023-06-05 16:00:00,466.6606,185.5117,147.3885,187.6397,202.244,246.5099
2023-06-05 17:00:00,474.3311,153.6409,124.9108,154.38,175.5922,466.5739
2023-06-05 18:00:00,246.1738,53.68774,44.00818,52.93285,64.14977,199.8463
2023-06-05 19:00:00,80.65043,11.46134,8.491552,10.82546,14.25278,33.03955
2023-06-05 20:00:00,4.681721,0.03704503,0.01836981,0.02487677,0.07516152,0.5425765
2023-06-05 21:00:00,0,0,0,0,0,0.4275181
2023-06-05 22:00:00,0,0,0,0,0,0.5515251
2023-06-05 23:00:00,0,0,0,0,0,0.5687417
2023-06-06 00:00:00,0,0,0,0,0,0.4615153
2023-06-06 01:00:00,0,0,0,0,0,0.4736037
2023-06-06 02:00:00,0,0,0,0,0,0.5226341
2023-06-06 03:00:00,0,0,0,0,0,0.6625921
2023-06-06 04:00:00,0,0,0,0,0,0.5679631
2023-06-06 05:00:00,0.01724656,0.01084647,0.005720515,0.00955517,0.00758304,0.4647587
2023-06-06 06:00:00,19.8833,14.62809,10.05685,14.75053,15.2577,7.95299
2023-06-06 07:00:00,112.3426,57.86226,43.92337,59.50058,62.14496,28.87722
2023-06-06 08:00:00,279.2784,133.3082,108.7413,137.0105,149.9055,204.5449
2023-06-06 09:00:00,361.67,155.0256,138.2902,169.8411,189.9189,175.2371
2023-06-06 10:00:00,621.1089,262.7722,207.8356,267.1147,293.1325,488.2005
2023-06-06 11:00:00,758.1492,309.9969,243.5656,312.1182,354.4411,269.9299
2023-06-06 12:00:00,736.5688,283.9747,222.7491,280.5912,328.728,162.6658
2023-06-06 13:00:00,833.7081,307.847,238.5336,303.0815,349.9676,171.6465
2023-06-06 14:00:00,724.9838,260.0611,210.1969,262.7272,311.6527,226.1345
2023-06-06 15:00:00,546.6188,187.0333,145.309,188.5783,208.9059,247.119
2023-06-06 16:00:00,443.5039,163.1759,134.3758,165.1638,193.9666,156.4874
2023-06-06 17:00:00,338.5426,119.5835,94.63525,121.173,136.2189,333.1741
2023-06-06 18:00:00,209.2771,41.94442,39.65022,48.88919,58.25627,115.9669
2023-06-06 19:00:00,55.24599,14.87408,11.16965,14.91391,18.15524,29.12919
2023-06-06 20:00:00,11.53856,0.4151235,0.2777845,0.4111438,0.5239663,3.64547
2023-06-06 21:00:00,0.009375,0,0,0,0,0.1282142
2023-06-06 22:00:00,0,0,0,0,0,0.4788603
2023-06-06 23:00:00,0,0,0,0,0,0.5099707
2023-06-07 00:00:00,0,0,0,0,0,0.5389452
2023-06-07 01:00:00,0,0,0,0,0,0.4944393
2023-06-07 02:00:00,0,0,0,0,0,0.4795998
2023-06-07 03:00:00,0,0,0,0,0,0.4672177
2023-06-07 04:00:00,0,0,0,0,0,0.4966469
2023-06-07 05:00:00,0.01909516,0.01154018,0,0.008639872,0.006560595,0.4904374
2023-06-07 06:00:00,21.57415,14.34102,9.984674,14.3768,15.16135,18.25365
2023-06-07 07:00:00,123.479,61.33253,47.01442,63.01981,65.81772,88.26322
2023-06-07 08:00:00,294.2427,138.5112,111.0709,143.1355,154.6494,240.8335
2023-06-07 09:00:00,473.5525,218.7687,175.6027,222.8757,242.0056,431.8926
2023-06-07 10:00:00,671.6323,288.8867,227.5545,291.2494,322.4513,528.2162
2023-06-07 11:00:00,813.4299,329.2842,258.6914,329.9318,368.8238,916.5209
2023-06-07 12:00:00,612.3514,251.581,197.7528,253.264,278.3034,228.3853
2023-06-07 13:00:00,887.8627,332.8057,258.0123,332.1475,380.1527,638.6799
2023-06-07 14:00:00,576.6085,208.3559,159.3749,211.0151,229.1573,561.9434
2023-06-07 15:00:00,553.9584,201.3845,152.8007,204.6483,222.0888,94.11174
2023-06-07 16:00:00,415.2238,131.4899,105.8883,133.039,149.1931,304.6682
2023-06-07 17:00:00,218.7569,83.94523,69.41331,85.6183,97.44294,151.0917
2023-06-07 18:00:00,66.50964,10.43724,9.825573,11.89299,15.01032,14.73596
2023-06-07 19:00:00,9.847622,0.8021512,0.4281936,1.126184,2.003778,1.522716
2023-06-07 20:00:00,1.086714,0.0004499212,0.000160555,0.001031961,0.001115859,0.03740694
2023-06-07 21:00:00,0.00807639,0,0,0,0,0.3005393
2023-06-07 22:00:00,0,0,0,0,0,0.4026494
2023-06-07 23:00:00,0,0,0,0,0,0.1740947
2023-06-08 00:00:00,0,0,0,0,0,0.1898577
2023-06-08 01:00:00,0,0,0,0,0,0.1862781
2023-06-08 02:00:00,0,0,0,0,0,0.1933236
2023-06-08 03:00:00,0,0,0,0,0,0.4285588
2023-06-08 04:00:00,0.002805555,0,0,0,0,0.4434877
2023-06-08 05:00:00,0.009805555,0,0,0,0,0.5291772
2023-06-08 06:00:00,6.487691,9.627041,6.835739,9.890882,9.977964,7.009813
2023-06-08 07:00:00,83.47057,35.79529,26.96086,36.4891,37.72438,108.1389
2023-06-08 08:00:00,69.08584,30.257,26.50956,35.31897,37.38284,28.64057
2023-06-08 09:00:00,252.655,143.9905,129.0835,162.4424,171.9172,82.92665
2023-06-08 10:00:00,621.6023,284.1772,228.4606,287.4921,313.4356,475.7873
2023-06-08 11:00:00,791.0369,341.8961,267.7553,345.0677,379.7888,512.3429
2023-06-08 12:00:00,878.8622,354.3419,273.9577,354.4955,395.571,662.4486
2023-06-08 13:00:00,903.1163,350.9037,271.3271,354.5025,393.3149,306.0136
2023-06-08 14:00:00,881.5742,331.2044,258.4254,329.8925,373.4224,611.1615
2023-06-08 15:00:00,764.9295,286.6573,223.3896,286.5889,317.1354,560.7389
2023-06-08 16:00:00,612.1072,222.4794,177.5369,223.4659,248.6971,697.0214
2023-06-08 17:00:00,431.4945,136.3347,113.9322,137.0818,159.3161,141.7
2023-06-08 18:00:00,238.9135,56.2548,46.51259,55.8037,66.95286,127.9921
2023-06-08 19:00:00,83.47692,12.84552,10.15493,12.58577,16.23255,37.32758
2023-06-08 20:00:00,6.501377,0.05338443,0.05756275,0.07597224,0.1167881,0.5121235
2023-06-08 21:00:00,0,0,0,0,0,0.3520967
2023-06-08 22:00:00,0,0,0,0,0,0.4989513
2023-06-08 23:00:00,0,0,0,0,0,0.4692116
2023-06-09 00:00:00,0.01186805,0,0,0,0,0.4949107
2023-06-09 01:00:00,0,0,0,0,0,0.5604096
2023-06-09 02:00:00,0,0,0,0,0,0.6304283
2023-06-09 03:00:00,0,0,0,0,0,0.6836677
2023-06-09 04:00:00,0,0,0,0,0,0.347506
2023-06-09 05:00:00,0.0406543,0.01850396,0.01019394,0.007893277,0.0107037,0.317784
2023-06-09 06:00:00,21.98962,15.22102,10.42709,15.45153,15.64444,20.62035
2023-06-09 07:00:00,143.8382,70.38812,53.76957,73.12379,76.6824,80.18362
2023-06-09 08:00:00,319.0414,150.6284,120.6163,155.7756,167.164,243.395
2023-06-09 09:00:00,535.1965,238.9254,193.9675,246.0351,269.1751,197.8597
2023-06-09 10:00:00,668.8843,296.1347,231.7155,301.6183,328.3621,499.7775
2023-06-09 11:00:00,823.228,344.2423,270.1878,344.661,387.087,297.9246
2023-06-09 12:00:00,908.0544,357.2925,278.3554,357.4094,403.5748,1002.286
2023-06-09 13:00:00,917.8515,350.7605,271.8307,351.2635,396.8188,657.7618
2023-06-09 14:00:00,880.2373,333.5218,260.2838,331.9951,376.2968,956.0831
2023-06-09 15:00:00,767.6677,288.0057,228.7226,287.4939,325.5843,264.0708
2023-06-09 16:00:00,621.6656,223.7956,179.399,224.2957,253.7417,558.6214
2023-06-09 17:00:00,437.6526,137.1849,112.2834,137.3638,158.7441,448.26
2023-06-09 18:00:00,242.106,54.48461,44.79015,53.97443,65.31883,212.5736
2023-06-09 19:00:00,83.49759,12.0601,9.419331,11.77023,15.51722,39.71649
2023-06-09 20:00:00,7.295534,0.0906165,0.0779948,0.0783885,0.1933355,1.824423
2023-06-09 21:00:00,0.0119033,0,0,0,0,0.2804504
2023-06-09 22:00:00,0,0,0,0,0,0.5481371
2023-06-09 23:00:00,0,0,0,0,0,0.5482473
2023-06-10 00:00:00,0,0,0,0,0,0.5599015
2023-06-10 01:00:00,0,0,0,0,0,0.4900035
2023-06-10 02:00:00,0,0,0,0,0,0.609799
2023-06-10 03:00:00,0,0,0,0,0,0.7260199
2023-06-10 04:00:00,0,0,0,0,0,0.4845709
2023-06-10 05:00:00,0.04777596,0.09579715,0.005060977,0.01353657,0.02423974,0.314682
2023-06-10 06:00:00,25.68915,13.80275,9.383614,13.78784,14.31901,13.39761
2023-06-10 07:00:00,145.0036,62.00687,46.46231,64.24343,68.05349,58.97972
2023-06-10 08:00:00,321.8028,149.9517,118.4585,155.0415,166.7484,239.8308
2023-06-10 09:00:00,518.8337,233.6421,185.0025,238.8587,260.8955,404.9209
2023-06-10 10:00:00,691.1006,258.6027,184.3072,262.9001,270.6591,345.0812
2023-06-10 11:00:00,827.0698,323.0382,245.5365,325.5097,369.3625,561.567
2023-06-10 12:00:00,903.759,336.1305,253.7343,336.4936,385.171,814.2922
2023-06-10 13:00:00,923.6446,307.7641,254.0013,338.4996,385.6727,484.6591
2023-06-10 14:00:00,879.9167,315.3024,240.0483,314.5099,362.7658,601.4098
2023-06-10 15:00:00,780.0736,279.6128,215.2366,279.511,320.2024,553.7638
2023-06-10 16:00:00,632.4327,220.48,173.1779,221.4149,254.1401,333.4166
2023-06-10 17:00:00,432.4724,128.9448,103.8822,129.2891,100.4624,208.612
2023-06-10 18:00:00,209.0222,47.55205,43.66273,54.63828,64.51157,61.65271
2023-06-10 19:00:00,73.6778,16.00463,12.41388,16.00206,19.6123,36.42447
2023-06-10 20:00:00,8.400033,0.2806407,0.1570623,0.2122303,0.4025516,3.7175
2023-06-10 21:00:00,0.0090625,0,0,0,0,0.06805277
2023-06-10 22:00:00,0,0,0,0,0,0.04015973
2023-06-10 23:00:00,0,0,0,0,0,0.1198486
2023-06-11 00:00:00,0,0,0,0,0,0.2705531
2023-06-11 01:00:00,0,0,0,0,0,0.5233779
2023-06-11 02:00:00,0,0,0,0,0,0.4673211
2023-06-11 03:00:00,0,0,0,0,0,0.5799884
2023-06-11 04:00:00,0,0,0,0,0,0.711178
2023-06-11 05:00:00,0.03682487,0.08686225,0.0295132,0.03697085,0.0748507,0.7359691
2023-06-11 06:00:00,25.19163,13.97465,9.518269,13.92393,14.56676,8.487549
2023-06-11 07:00:00,139.0755,53.34258,44.91309,65.38308,66.81298,62.39222
2023-06-11 08:00:00,323.6472,138.2682,114.8491,152.0255,164.8509,193.9423
2023-06-11 09:00:00,505.8006,223.6724,173.6343,228.8218,246.7596,180.8494
2023-06-11 10:00:00,668.2352,285.2891,221.4341,288.9413,322.7569,776.5906
2023-06-11 11:00:00,819.5623,322.2763,248.2849,325.3424,369.1852,780.8373
2023-06-11 12:00:00,862.7874,308.7209,236.2261,312.8954,356.3326,616.8732
2023-06-11 13:00:00,763.1884,284.0864,217.0611,285.1589,324.4815,676.3496
2023-06-11 14:00:00,751.0855,264.7927,206.9595,268.0069,308.3523,444.3305
2023-06-11 15:00:00,472.3511,135.222,111.3929,139.9821,158.6978,254.5524
2023-06-11 16:00:00,66.35841,8.520565,6.53258,8.829151,12.68985,27.25335
2023-06-11 17:00:00,13.92907,5.497675,2.928814,4.549074,6.580201,3.833539
2023-06-11 18:00:00,22.22242,5.093593,4.420671,5.871946,7.463627,12.12943
2023-06-11 19:00:00,3.580715,0.1142178,0.001316242,0.01694258,0.03392608,0.5996474
2023-06-11 20:00:00,1.035299,0,0,0,0.003180321,0.2354258
2023-06-11 21:00:00,0,0,0,0,0,0.5579761
2023-06-11 22:00:00,0,0,0,0,0,0.5639673
2023-06-11 23:00:00,0.001104166,0,0,0,0,0.5324582
2023-06-12 00:00:00,0.01136111,0,0,0,0,0.515337
2023-06-12 01:00:00,0,0,0,0,0,0.4564951
2023-06-12 02:00:00,0.0002727273,0,0,0,0,0.5070865
2023-06-12 03:00:00,0.01188005,0,0,0,0,0.4929974
2023-06-12 04:00:00,0.01258333,0,0,0,0,0.5090443
2023-06-12 05:00:00,0,0,0,0,0,0.4742687
2023-06-12 06:00:00,2.348172,4.790313,1.922871,4.847881,3.397461,0.6602839
2023-06-12 07:00:00,69.45624,27.25247,25.57691,32.39411,36.41574,24.67975
2023-06-12 08:00:00,104.7446,50.95889,42.76833,56.59494,59.7552,62.93443
2023-06-12 09:00:00,156.1362,73.18765,67.56791,89.01178,93.14535,90.33891
2023-06-12 10:00:00,537.1964,240.6905,197.0303,246.1152,273.5009,626.4091
2023-06-12 11:00:00,614.371,282.2736,225.213,286.3116,316.3341,525.8152
2023-06-12 12:00:00,865.6434,333.6979,262.4341,341.7786,386.6176,1035.867
2023-06-12 13:00:00,824.3731,283.8117,215.8576,291.9759,324.9103,205.4509
2023-06-12 14:00:00,477.2595,178.5556,138.7642,183.3457,200.8464,388.1586
2023-06-12 15:00:00,471.4376,155.1136,118.4675,158.0206,166.2368,272.4064
2023-06-12 16:00:00,429.9247,164.2589,142.3822,177.1735,199.558,231.6706
2023-06-12 17:00:00,287.4261,82.51104,63.14175,84.4791,91.41075,127.3085
2023-06-12 18:00:00,200.3192,53.82459,42.67905,54.15781,63.29042,111.5599
2023-06-12 19:00:00,92.18781,8.124798,5.626754,7.510886,10.7993,17.31162
2023-06-12 20:00:00,4.473278,0.07485596,0.02726,0.07334374,0.1303295,0.8810412
2023-06-12 21:00:00,0.00646528,0,0,0,0,0.06785801
2023-06-12 22:00:00,0,0,0,0,0,0.1636972
2023-06-12 23:00:00,0,0,0,0,0,0.4635932
2023-06-13 00:00:00,0,0,0,0,0,0.4362719
2023-06-13 01:00:00,0.01695139,0,0,0,0,0.4475333
2023-06-13 02:00:00,0.008041665,0,0,0,0,0.5768497
2023-06-13 03:00:00,0,0,0,0,0,0.6386778
2023-06-13 04:00:00,0,0,0,0,0,0.6864706
2023-06-13 05:00:00,0.5644584,0.1344534,0.01836298,0.1228127,0.1321815,0.7527322
2023-06-13 06:00:00,19.93271,11.24977,7.576125,11.36944,12.81131,6.038417
2023-06-13 07:00:00,73.58355,43.52138,32.67333,44.50457,49.56045,65.67265
2023-06-13 08:00:00,261.7278,136.9831,106.446,142.0367,151.4974,244.6142
2023-06-13 09:00:00,529.9567,241.4646,189.5699,247.2024,268.0765,204.4129
2023-06-13 10:00:00,690.4049,268.4372,208.9986,273.8951,304.6085,804.8018
2023-06-13 11:00:00,762.2416,325.5197,245.8428,330.4148,363.3894,937.3759
2023-06-13 12:00:00,948.3173,339.5578,253.3221,341.791,387.3647,611.1088
2023-06-13 13:00:00,954.3157,332.4938,251.7377,336.8051,388.2206,158.5458
2023-06-13 14:00:00,877.3423,244.9075,176.7888,245.5892,270.5815,486.7058
2023-06-13 15:00:00,,,,,,
2023-06-13 16:00:00,315.0056,155.7676,,159.4108,,68.16251
2023-06-13 17:00:00,352.5645,116.8061,89.37851,118.7525,131.8347,212.9946
2023-06-13 18:00:00,184.0945,55.79407,44.79043,55.77758,37.11617,109.9457
2023-06-13 19:00:00,116.5468,15.48448,12.10642,15.08775,18.64621,105.5735
2023-06-13 20:00:00,7.77478,0.1639043,0.135166,0.1661314,0.2832948,0.8115475
2023-06-13 21:00:00,8.960575e-05,0,0,0,0,0.1137636
2023-06-13 22:00:00,0,0,0,0,0,0.4724003
2023-06-13 23:00:00,0,0,0,0,0,0.5083632
2023-06-14 00:00:00,0,0,0,0,0,0.5241784
2023-06-14 01:00:00,0,0,0,0,0,0.5104959
2023-06-14 02:00:00,0,0,0,0,0,0.5290066
2023-06-14 03:00:00,0,0,0,0,0,0.5293714
2023-06-14 04:00:00,0,0,0,0,0,0.70977
2023-06-14 05:00:00,0.05185165,0.01815421,0.00519464,0.01175448,0.01507751,0.5608537
2023-06-14 06:00:00,25.64211,10.63529,6.486931,10.6346,10.96056,10.83185
2023-06-14 07:00:00,148.4305,61.73684,41.24294,64.34558,65.54123,101.8143
2023-06-14 08:00:00,327.863,150.7932,116.7017,156.8816,169.1531,221.1136
2023-06-14 09:00:00,519.7354,238.5673,190.1315,244.653,265.6678,405.1723
2023-06-14 10:00:00,671.3214,294.2448,230.3649,298.9634,330.0963,399.7468
2023-06-14 11:00:00,562.7899,206.5243,166.855,211.4709,240.1294,98.6932
2023-06-14 12:00:00,627.0728,265.2637,207.2664,269.5207,293.7267,489.5853
2023-06-14 13:00:00,656.5986,220.5175,178.0535,222.9509,256.1938,510.5646
2023-06-14 14:00:00,483.5717,201.4718,155.4169,202.5871,218.603,418.9459
2023-06-14 15:00:00,428.0189,172.9207,137.1918,177.2471,193.7039,148.4183
2023-06-14 16:00:00,464.9582,184.5306,146.2957,186.1104,205.0103,394.419
2023-06-14 17:00:00,275.4411,91.79071,74.78548,93.46254,106.3908,308.2051
2023-06-14 18:00:00,108.6702,37.28823,29.30969,37.74271,43.27517,106.2862
2023-06-14 19:00:00,59.40812,12.34138,9.168111,12.23045,14.90527,40.12971
2023-06-14 20:00:00,2.792536,0.01833969,0.001385488,0.0036481,0.01720811,0.3116226
2023-06-14 21:00:00,0.02502084,0,0,0,0,0.09855831
2023-06-14 22:00:00,0.01251389,0,0,0,0,0.06190239
2023-06-14 23:00:00,0,0,0,0,0,0.07974215
2023-06-15 00:00:00,0.0125,0,0,0,0,0.1104342
2023-06-15 01:00:00,0,0,0,0,0,0.2715684
2023-06-15 02:00:00,0,0,0,0,0,0.6409203
2023-06-15 03:00:00,0,0,0,0,0,0.7476523
2023-06-15 04:00:00,0,0,0,0,0,0.8574574
2023-06-15 05:00:00,0.00162821,0.02197078,0.003429828,0.01282685,0.01448177,0.6927205
2023-06-15 06:00:00,30.29291,13.83691,11.1256,16.47364,17.18839,18.98944
2023-06-15 07:00:00,134.5081,61.81316,40.90924,64.45437,65.24604,38.14624
2023-06-15 08:00:00,330.6602,141.8197,108.3581,146.1772,156.3349,247.0171
2023-06-15 09:00:00,423.8601,205.5264,159.8979,209.892,223.1996,362.709
2023-06-15 10:00:00,633.8796,270.4661,210.4457,275.1459,306.636,492.2907
2023-06-15 11:00:00,849.0958,316.2454,240.508,319.2997,361.6825,595.6211
2023-06-15 12:00:00,763.0016,268.1269,204.2559,269.7639,304.2682,497.8369
2023-06-15 13:00:00,765.3562,280.6841,218.046,283.9169,326.0582,600.5616
2023-06-15 14:00:00,598.4548,231.6044,176.6891,234.3192,255.3769,405.5976
2023-06-15 15:00:00,608.2095,245.1073,192.6453,247.3027,278.2785,714.8449
2023-06-15 16:00:00,528.6466,183.0341,145.74,185.1813,209.5201,361.8466
2023-06-15 17:00:00,331.0771,104.4586,92.03618,115.6729,131.8651,330.2912
2023-06-15 18:00:00,220.9986,53.54951,42.19687,54.5188,62.82733,160.9292
2023-06-15 19:00:00,66.82272,13.88128,13.09358,13.66933,20.79915,41.84274
2023-06-15 20:00:00,6.198704,0.09706325,0.03664901,0.09124926,0.09574135,1.196278
2023-06-15 21:00:00,0.000705357,0,0,0,0,0.05194375
2023-06-15 22:00:00,0.01187103,0,0,0,0,0.09545486
2023-06-15 23:00:00,0,0,0,0,0,0.4074681
2023-06-16 00:00:00,0,0,0,0,0,0.5112042
2023-06-16 01:00:00,0.01194444,0,0,0,0,0.5514237
2023-06-16 02:00:00,0.000534722,0,0,0,0,0.5404294
2023-06-16 03:00:00,0,0,0,0,0,0.7869536
2023-06-16 04:00:00,0.01248611,0,0,0,0,0.7219896
2023-06-16 05:00:00,0.01784141,0.005188997,0,0.003243037,0.005398508,0.7381284
2023-06-16 06:00:00,19.9983,9.881914,7.588011,11.51528,12.42404,4.760565
2023-06-16 07:00:00,131.6634,58.31454,40.05427,60.25984,60.69616,111.8824
2023-06-16 08:00:00,308.2835,133.957,111.6456,152.2047,163.2821,165.7586
2023-06-16 09:00:00,429.0701,189.6132,149.0552,196.1524,207.5936,408.9557
2023-06-16 10:00:00,579.8715,244.2106,197.6732,249.4697,289.187,540.4159
2023-06-16 11:00:00,661.1345,249.0718,181.77,259.2769,272.9318,524.4173
2023-06-16 12:00:00,764.702,324.3238,239.9483,327.9317,361.2849,409.0341
2023-06-16 13:00:00,694.9164,179.1502,145.4235,180.4142,216.2362,559.6124
2023-06-16 14:00:00,541.8273,269.8324,206.9331,273.8437,304.4086,219.4529
2023-06-16 15:00:00,769.8898,276.7347,214.3447,278.9482,319.8719,542.283
2023-06-16 16:00:00,614.842,212.8056,167.851,215.0165,245.9863,441.38
2023-06-16 17:00:00,409.663,127.1429,102.2391,128.2613,148.9501,268.3792
2023-06-16 18:00:00,225.9955,52.57153,41.87312,52.37189,63.09373,180.4969
2023-06-16 19:00:00,81.75559,13.57697,9.985691,13.16622,17.2143,13.49315
2023-06-16 20:00:00,9.094419,0.3284163,0.2232693,0.3038176,0.4933513,1.111605
2023-06-16 21:00:00,0.01967361,0,0,0,0,0.0345225
2023-06-16 22:00:00,0.02109028,0,0,0,0,0.079811
2023-06-16 23:00:00,0.003944445,0,0,0,0,0.01157083
2023-06-17 00:00:00,0,0,0,0,0,0.05150556
2023-06-17 01:00:00,0,0,0,0,0,0.05882778
2023-06-17 02:00:00,0,0,0,0,0,0.05880149
2023-06-17 03:00:00,0,0,0,0,0,0.130861
2023-06-17 04:00:00,0,0,0,0,0,0.3444943
2023-06-17 05:00:00,0.01899013,0.09068903,0.007605005,0.03886685,0.02484314,0.5518982
2023-06-17 06:00:00,22.74321,14.42113,10.22952,14.5533,15.48666,10.29066
2023-06-17 07:00:00,129.2964,59.5704,43.69186,62.08601,65.45464,86.69029
2023-06-17 08:00:00,296.0165,115.7745,108.717,143.7051,153.8467,179.8005
2023-06-17 09:00:00,485.0615,225.1306,178.3906,231.1812,249.5304,109.1332
2023-06-17 10:00:00,659.0491,287.6963,221.8808,293.2816,321.0025,689.5861
2023-06-17 11:00:00,799.0834,315.7232,238.9801,318.9071,358.0944,463.0245
2023-06-17 12:00:00,883.2093,332.4294,251.7269,334.492,379.9783,797.5144
2023-06-17 13:00:00,905.072,322.1226,245.332,324.2989,368.4431,616.1991
2023-06-17 14:00:00,849.9067,315.414,242.5829,317.2061,365.1048,276.4124
2023-06-17 15:00:00,731.9202,265.0617,207.4257,265.8236,305.5911,246.4141
2023-06-17 16:00:00,613.8226,215.5843,169.6567,217.0659,247.4406,428.5529
2023-06-17 17:00:00,434.8237,135.5743,109.2189,136.4242,158.4424,314.4757
2023-06-17 18:00:00,245.1344,55.50115,44.78914,55.12645,67.08797,138.1702
2023-06-17 19:00:00,86.95547,11.6341,10.20664,13.30605,17.32366,16.08911
2023-06-17 20:00:00,8.828587,0.3088454,0.1011218,0.1427521,0.4269519,2.467165
2023-06-17 21:00:00,0.004715277,0,0,0,0,0.1195498
2023-06-17 22:00:00,0,0,0,0,0,0.4561243
2023-06-17 23:00:00,0,0,0,0,0,0.5054785
2023-06-18 00:00:00,0,0,0,0,0,0.4900955
2023-06-18 01:00:00,0,0,0,0,0,0.4912142
2023-06-18 02:00:00,0,0,0,0,0,0.4413603
2023-06-18 03:00:00,0,0,0,0,0,0.4585555
2023-06-18 04:00:00,0,0,0,0,0,0.5001867
2023-06-18 05:00:00,0.03304246,0.1031878,0.002743338,0.007729363,0.01463167,0.5217935
2023-06-18 06:00:00,24.07347,13.90541,9.327538,13.97587,14.56493,18.55021
2023-06-18 07:00:00,135.6794,62.14442,44.2663,64.37658,66.29523,40.64973
2023-06-18 08:00:00,311.2592,145.7559,112.6556,151.5366,161.9638,62.48727
2023-06-18 09:00:00,504.0074,223.0403,173.9441,228.8116,248.601,416.5556
2023-06-18 10:00:00,665.8854,276.4807,210.2222,280.9699,243.162,383.0485
2023-06-18 11:00:00,784.0026,301.3878,224.5979,304.9451,340.2961,553.5856
2023-06-18 12:00:00,828.8453,307.2277,228.0157,310.1841,350.4861,480.9757
2023-06-18 13:00:00,899.2079,314.5001,235.9332,315.8161,362.5414,578.8423
2023-06-18 14:00:00,728.15,214.5577,179.6366,234.2691,272.6804,127.4225
2023-06-18 15:00:00,680.8434,262.2751,201.8282,264.731,301.45,380.4782
2023-06-18 16:00:00,540.9404,158.6307,137.9985,177.8164,205.113,283.6519
2023-06-18 17:00:00,377.5605,116.2724,92.97325,117.1571,136.6109,233.7242
2023-06-18 18:00:00,179.5793,41.06583,36.37512,45.71923,54.87271,101.8664
2023-06-18 19:00:00,42.69238,8.435959,4.994637,8.399218,10.81104,36.37032
2023-06-18 20:00:00,7.96383,0.3519942,0.1247276,0.2210801,0.4347028,0.3835789
2023-06-18 21:00:00,0,0,0,0,0,0.07338637
2023-06-18 22:00:00,0,0,0,0,0,0.1529002
2023-06-18 23:00:00,0,0,0,0,0,0.4505789
2023-06-19 00:00:00,0.01252778,0,0,0,0,0.5258217
2023-06-19 01:00:00,0,0,0,0,0,0.4736533
2023-06-19 02:00:00,0,0,0,0,0,0.4855719
2023-06-19 03:00:00,0,0,0,0,0,0.4237586
2023-06-19 04:00:00,0,0,0,0,0,0.2980486
2023-06-19 05:00:00,0,0,0,0,0,0.2974457
2023-06-19 06:00:00,10.32785,6.439687,5.273025,7.757986,8.759059,3.94538
2023-06-19 07:00:00,43.35518,18.97977,14.64283,20.28402,22.22361,26.97427
2023-06-19 08:00:00,126.4481,52.63441,52.79193,69.03574,75.25039,80.49055
2023-06-19 09:00:00,391.7168,182.7152,143.1897,188.3587,203.0107,276.1255
2023-06-19 10:00:00,437.9448,172.599,157.0202,231.1645,231.3795,219.9303
2023-06-19 11:00:00,765.0202,282.2969,218.6703,289.2588,319.0204,358.4249
2023-06-19 12:00:00,677.4426,264.9753,204.0059,271.2321,300.1088,228.5994
2023-06-19 13:00:00,588.71,176.9601,143.2198,180.6293,209.367,405.8697
2023-06-19 14:00:00,88.66585,16.37321,12.83253,16.42384,19.91378,74.17467
2023-06-19 15:00:00,38.2211,26.16412,19.33418,26.33454,28.2021,38.7903
2023-06-19 16:00:00,112.9837,80.04278,61.14246,81.30905,82.92142,112.6542
2023-06-19 17:00:00,322.3247,107.9326,95.33464,117.6552,132.6443,207.1985
2023-06-19 18:00:00,191.4742,52.44474,48.51634,60.79002,69.35176,120.3395
2023-06-19 19:00:00,37.86642,5.136371,3.571836,5.12459,6.92167,19.64099
2023-06-19 20:00:00,3.217541,0.01460156,0.001348527,0.005967962,0.008565499,0.3178946
2023-06-19 21:00:00,0.003041666,0,0,0,0,0.1407041
2023-06-19 22:00:00,0,0,0,0,0,0.1858232
2023-06-19 23:00:00,0.01252083,0,0,0,0,0.1947951
2023-06-20 00:00:00,0,0,0,0,0,0.2807727
2023-06-20 01:00:00,0,0,0,0,0,0.3594559
2023-06-20 02:00:00,0,0,0,0,0,0.4889073
2023-06-20 03:00:00,0.01246528,0,0,0,0,0.451336
2023-06-20 04:00:00,0,0,0,0,0,0.2533758
2023-06-20 05:00:00,0,0,0,0,0,0.1791173
2023-06-20 06:00:00,7.711228,4.42275,2.540564,4.203046,5.152886,2.792498
2023-06-20 07:00:00,46.03757,24.4945,20.96172,26.9714,29.612,19.86793
2023-06-20 08:00:00,69.10583,17.78577,24.26876,29.56715,35.70992,32.15353
2023-06-20 09:00:00,194.384,79.87286,64.07082,81.83711,89.99271,65.63939
2023-06-20 10:00:00,277.6489,160.1563,124.8302,165.0342,175.6767,109.4534
2023-06-20 11:00:00,325.0764,114.2708,81.47775,117.8361,116.9294,105.1305
2023-06-20 12:00:00,119.987,27.07791,23.05407,31.08912,34.3615,32.97392
2023-06-20 13:00:00,41.75431,12.80389,13.68909,16.74619,20.35329,17.55847
2023-06-20 14:00:00,118.0456,80.03572,64.52402,82.90217,87.08391,99.31191
2023-06-20 15:00:00,386.6651,177.5244,140.5748,181.1728,193.3192,237.0181
2023-06-20 16:00:00,368.3697,125.3174,99.34918,128.5661,141.7573,250.0594
2023-06-20 17:00:00,154.541,65.00553,50.66227,66.37752,72.18846,121.4761
2023-06-20 18:00:00,119.2514,35.52977,28.54949,36.28882,41.70009,98.033
2023-06-20 19:00:00,26.30594,2.913621,2.056913,3.124177,4.690262,7.812163
2023-06-20 20:00:00,1.220055,0.0002732825,1.624747e-05,4.015692e-05,0.0001372904,0.2800563
2023-06-20 21:00:00,0,0,0,0,0,0.5662307
2023-06-20 22:00:00,0,0,0,0,0,1.395768
2023-06-20 23:00:00,0,0,0,0,0,0.909254
2023-06-21 00:00:00,0.02504166,0,0,0,0,0.5544414
2023-06-21 01:00:00,0,0,0,0,0,1.237864
2023-06-21 02:00:00,0,0,0,0,0,0.5833929
2023-06-21 03:00:00,0,0,0,0,0,0.3832353
2023-06-21 04:00:00,0.01245139,0,0,0,0,0.2721702
2023-06-21 05:00:00,0,0,0,0,0,0.1115474
2023-06-21 06:00:00,6.905347,4.476455,2.774117,4.501722,5.461793,2.456208
2023-06-21 07:00:00,39.92777,21.39226,15.9602,21.76575,23.78247,45.7851
2023-06-21 08:00:00,86.72955,34.03381,26.56951,34.85707,38.47607,96.96479
2023-06-21 09:00:00,95.22182,55.23678,43.05273,56.54333,60.56887,85.9934
2023-06-21 10:00:00,273.7656,114.4495,90.75014,117.6813,125.5391,57.95311
2023-06-21 11:00:00,183.019,65.3813,56.26212,72.83257,79.82748,221.0156
2023-06-21 12:00:00,179.7175,88.98659,71.10403,92.34639,99.41641,69.93452
2023-06-21 13:00:00,206.1584,83.12225,66.76868,85.87645,94.01474,147.049
2023-06-21 14:00:00,232.1322,91.67687,73.42352,94.72826,103.2925,192.7178
2023-06-21 15:00:00,283.6406,130.3772,104.3191,134.1225,145.593,287.1872
2023-06-21 16:00:00,188.8588,48.36727,47.28359,60.40206,67.74975,52.25141
2023-06-21 17:00:00,162.8002,57.05809,52.16965,66.40466,73.9398,83.39203
2023-06-21 18:00:00,104.7788,34.14808,27.24687,35.1021,40.13443,41.21899
2023-06-21 19:00:00,31.12762,3.036559,2.738571,4.161872,5.964352,5.109547
2023-06-21 20:00:00,2.100464,0.001213701,0.001105847,0.0008938052,0.00359826,1.013485
2023-06-21 21:00:00,0,0,0,0,0,0.9181819
2023-06-21 22:00:00,0,0,0,0,0,0.849956
2023-06-21 23:00:00,0,0,0,0,0,0.4531683
2023-06-22 00:00:00,0.02495833,0,0,0,0,0.2676159
2023-06-22 01:00:00,0,0,0,0,0,0.335144
2023-06-22 02:00:00,0,0,0,0,0,0.4809058
2023-06-22 03:00:00,0.01252083,0,0,0,0,0.6436243
2023-06-22 04:00:00,0,0,0,0,0,0.7793447
2023-06-22 05:00:00,0.001097222,0,0,0,0,0.8028893
2023-06-22 06:00:00,13.17795,6.676265,4.37034,6.689218,8.01314,3.29715
2023-06-22 07:00:00,49.96722,24.29577,18.26003,24.65087,26.64983,22.58572
2023-06-22 08:00:00,117.5043,55.74142,44.63189,57.25769,62.83162,103.3405
2023-06-22 09:00:00,104.4769,38.55927,30.51004,39.1703,42.47106,77.36867
2023-06-22 10:00:00,117.1656,71.94524,57.07417,75.30203,78.76136,85.73492
2023-06-22 11:00:00,328.198,143.1502,112.0202,146.9267,154.6592,309.7787
2023-06-22 12:00:00,292.593,112.7908,80.93263,113.9229,110.0199,100.0505
2023-06-22 13:00:00,309.5699,159.8978,125.8306,165.3757,174.5921,352.2734
2023-06-22 14:00:00,449.6404,155.803,136.6197,179.0561,190.9595,497.476
2023-06-22 15:00:00,614.7477,229.9562,175.1338,239.562,202.3974,387.933
2023-06-22 16:00:00,206.8031,72.28501,57.33905,73.81839,82.03748,157.6786
2023-06-22 17:00:00,261.2909,106.5624,82.90412,109.318,119.0066,168.2253
2023-06-22 18:00:00,214.9913,65.95715,52.7537,66.65258,75.78826,114.8182
2023-06-22 19:00:00,66.80348,6.164532,4.004403,5.906068,8.768245,22.92776
2023-06-22 20:00:00,4.292834,0.1040798,0.02895161,0.09879838,0.06971671,1.652917
2023-06-22 21:00:00,0.01561806,0,0,0,0,1.161588
2023-06-22 22:00:00,0,0,0,0,0,1.196719
2023-06-22 23:00:00,0,0,0,0,0,1.107357
2023-06-23 00:00:00,0,0,0,0,0,0.9606548
2023-06-23 01:00:00,0,0,0,0,0,1.005895
2023-06-23 02:00:00,0,0,0,0,0,1.040469
2023-06-23 03:00:00,0.01254861,0,0,0,0,1.030104
2023-06-23 04:00:00,0,0,0,0,0,1.052518
2023-06-23 05:00:00,0.007729165,0.009176795,0,0.00340857,0.005048063,1.054114
2023-06-23 06:00:00,10.54915,7.125865,4.433369,7.044059,8.016429,4.499856
2023-06-23 07:00:00,75.13805,45.83005,35.47617,46.91386,49.87012,65.16427
2023-06-23 08:00:00,248.9315,110.5036,88.66297,113.0188,124.0973,181.2568
2023-06-23 09:00:00,342.5192,130.8126,106.0857,132.8738,146.243,245.4467
2023-06-23 10:00:00,227.5263,90.19098,72.28635,93.13676,102.1588,191.542
2023-06-23 11:00:00,272.0138,135.0966,108.5459,138.5775,151.2207,224.658
2023-06-23 12:00:00,477.0686,200.4608,145.3391,206.8394,207.3175,575.453
2023-06-23 13:00:00,554.0085,215.5456,162.5669,227.7238,242.4055,441.6049
2023-06-23 14:00:00,409.0204,156.6785,116.6095,161.5703,166.1744,287.8444
2023-06-23 15:00:00,433.0774,198.5065,154.4236,202.0818,217.6737,305.3663
2023-06-23 16:00:00,532.3173,170.9496,132.998,167.636,184.9881,417.3194
2023-06-23 17:00:00,306.1964,110.1382,86.50401,112.0109,125.3538,325.0271
2023-06-23 18:00:00,97.40321,25.43365,19.54273,25.50772,30.31226,87.993
2023-06-23 19:00:00,91.19949,21.44355,16.5599,21.64462,25.80134,47.04181
2023-06-23 20:00:00,8.540309,0.1403001,0.08992618,0.1137689,0.2633972,2.620638
2023-06-23 21:00:00,0.01245833,0,0,0,0,0.5383408
2023-06-23 22:00:00,0,0,0,0,0,0.9529245
2023-06-23 23:00:00,0.002277778,0,0,0,0,1.093424
2023-06-24 00:00:00,0.02273611,0,0,0,0,1.044312
2023-06-24 01:00:00,0,0,0,0,0,1.044629
2023-06-24 02:00:00,0,0,0,0,0,1.023877
2023-06-24 03:00:00,0,0,0,0,0,1.003236
2023-06-24 04:00:00,0.01233334,0,0,0,0,1.019636
2023-06-24 05:00:00,0.02588334,0.01803827,0,0.001639924,0.004987935,0.8897663
2023-06-24 06:00:00,13.33098,9.045899,6.20816,8.826863,10.05348,7.407074
2023-06-24 07:00:00,72.73672,45.92144,33.05539,47.03127,46.83554,23.65928
2023-06-24 08:00:00,252.7858,129.7475,100.0574,136.1914,144.0088,53.15614
2023-06-24 09:00:00,514.6326,229.3132,180.9365,236.6154,256.856,479.4352
2023-06-24 10:00:00,677.954,285.9735,220.6513,294.3011,324.0702,789.692
2023-06-24 11:00:00,813.4736,321.6034,245.1401,327.7287,366.2491,276.4448
2023-06-24 12:00:00,940.251,339.1864,253.0244,346.0529,304.461,565.7143
2023-06-24 13:00:00,677.7535,213.3144,154.4151,208.9784,207.1665,520.4863
2023-06-24 14:00:00,688.9547,250.8683,188.2807,258.5023,284.419,640.0327
2023-06-24 15:00:00,466.0366,212.2802,162.8607,212.4483,231.8544,418.603
2023-06-24 16:00:00,625.5848,204.8972,155.0379,204.2867,218.9807,236.7106
2023-06-24 17:00:00,188.3893,61.03854,48.36211,62.36192,69.87552,133.4747
2023-06-24 18:00:00,94.29589,32.69228,25.18043,33.23512,37.92728,103.5908
2023-06-24 19:00:00,58.04216,14.30958,10.65477,14.35209,17.95282,38.85785
2023-06-24 20:00:00,8.441831,0.2557164,0.06450491,0.2005278,0.2932678,1.633839
2023-06-24 21:00:00,0,0,0,0,0,0.1621752
2023-06-24 22:00:00,0.01251389,0,0,0,0,0.4895737
2023-06-24 23:00:00,0.01254861,0,0,0,0,0.8039789
2023-06-25 00:00:00,0,0,0,0,0,0.9389723
2023-06-25 01:00:00,0,0,0,0,0,1.01754
2023-06-25 02:00:00,0,0,0,0,0,0.9620221
2023-06-25 03:00:00,0.025,0,0,0,0,1.014025
2023-06-25 04:00:00,0.01293295,0,0,0,0,1.028329
2023-06-25 05:00:00,0.03934726,0.07736383,0,0.02540118,0.01580336,0.9659068
2023-06-25 06:00:00,24.06628,7.783614,4.355315,7.676815,7.981094,3.823552
2023-06-25 07:00:00,142.0387,56.59998,35.70155,58.78227,59.06476,64.62566
2023-06-25 08:00:00,322.2935,144.4151,108.3057,150.3434,161.8365,263.9387
2023-06-25 09:00:00,512.3406,227.2504,175.9703,233.5768,255.2389,365.6073
2023-06-25 10:00:00,680.9247,280.4719,212.9108,285.1009,317.6172,755.6117
2023-06-25 11:00:00,814.6085,313.6576,236.4398,317.1601,356.5951,560.2875
2023-06-25 12:00:00,871.218,324.2836,242.6234,325.3795,363.3383,283.6815
2023-06-25 13:00:00,869.8759,286.4447,207.5696,288.2668,310.1734,440.7679
2023-06-25 14:00:00,829.0146,317.382,240.5903,316.9171,364.0513,412.5068
2023-06-25 15:00:00,710.4929,238.3644,176.3024,240.6552,265.4475,176.4895
2023-06-25 16:00:00,598.9929,188.8686,145.0576,190.7959,215.8411,383.009
2023-06-25 17:00:00,383.5453,131.29,103.3719,133.3235,152.5609,263.5872
2023-06-25 18:00:00,250.8542,54.59881,43.21928,54.39594,66.54673,138.3106
2023-06-25 19:00:00,72.80115,8.029934,5.580643,7.753433,11.45459,19.38003
2023-06-25 20:00:00,6.731859,0.2013383,0.03081433,0.1482156,0.1687952,0.6564367
2023-06-25 21:00:00,0,0,0,0,0,0.06921367
2023-06-25 22:00:00,0,0,0,0,0,0.1142789
2023-06-25 23:00:00,0,0,0,0,0,0.3778648
2023-06-26 00:00:00,0,0,0,0,0,0.5374633
2023-06-26 01:00:00,0,0,0,0,0,0.6183334
2023-06-26 02:00:00,0.0129752,0,0,0,0,0.6609322
2023-06-26 03:00:00,1.785714e-05,0,0,0,0,0.9055756
2023-06-26 04:00:00,0,0,0,0,0,0.8793945
2023-06-26 05:00:00,0.001594868,0.01012636,0.002727405,0.01316418,0,0.8647019
2023-06-26 06:00:00,22.84314,11.92541,7.646498,12.23733,12.90407,12.12145
2023-06-26 07:00:00,136.1649,69.77906,50.30093,72.27531,74.45676,66.06725
2023-06-26 08:00:00,203.2374,77.27192,61.03035,79.76089,87.46927,129.0776
2023-06-26 09:00:00,403.1881,204.3409,155.7691,209.7959,219.069,246.0317
2023-06-26 10:00:00,519.7131,236.4036,184.6069,240.3639,262.2206,380.1552
2023-06-26 11:00:00,795.0452,302.7061,233.3073,306.3777,345.4697,266.8265
2023-06-26 12:00:00,679.1745,264.1079,205.7332,268.0466,302.2587,491.8953
2023-06-26 13:00:00,828.846,325.1473,249.0592,328.719,373.9882,239.5073
2023-06-26 14:00:00,866.2628,313.046,239.946,315.583,362.1685,593.3203
2023-06-26 15:00:00,739.4943,272.6932,213.6029,273.1645,311.9989,543.269
2023-06-26 16:00:00,587.6275,207.4894,159.2146,209.7085,233.5223,345.7951
2023-06-26 17:00:00,414.9456,128.9468,102.3568,135.1787,155.3947,461.5992
2023-06-26 18:00:00,252.5607,52.59451,41.64174,51.87429,64.09845,144.3632
2023-06-26 19:00:00,81.36295,9.55722,6.377476,9.082091,12.63848,32.81679
2023-06-26 20:00:00,5.831154,0.04944082,0.02582854,0.04834182,0.08724568,0.6418315
2023-06-26 21:00:00,0.0678472,0,0,0,0,0.07286157
2023-06-26 22:00:00,0.002819445,0,0,0,0,0.08504999
2023-06-26 23:00:00,0.02218056,0,0,0,0,0.06963751
2023-06-27 00:00:00,0,0,0,0,0,0.5006556
2023-06-27 01:00:00,0.01259028,0,0,0,0,0.5914139
2023-06-27 02:00:00,0,0,0,0,0,0.2555547
2023-06-27 03:00:00,0.01240972,0,0,0,0,0.2607744
2023-06-27 04:00:00,0,0,0,0,0,0.5084053
2023-06-27 05:00:00,0.00251098,0,0,0.00478869,0.003900715,0.5881763
2023-06-27 06:00:00,20.65407,8.929305,5.276448,8.98947,9.534088,11.02619
2023-06-27 07:00:00,133.1053,56.96497,37.5129,59.31284,60.36867,66.20412
2023-06-27 08:00:00,321.2464,149.4221,112.1413,153.8418,164.8318,226.1609
2023-06-27 09:00:00,487.3809,189.5911,146.414,194.8669,207.278,290.2941
2023-06-27 10:00:00,560.8588,261.8084,194.866,264.5872,279.7185,377.4153
2023-06-27 11:00:00,813.7576,321.344,242.9077,319.8829,360.9592,468.9928
2023-06-27 12:00:00,912.4133,320.3451,241.2924,310.0085,361.6595,917.111
2023-06-27 13:00:00,689.6377,265.832,195.026,237.0932,289.5408,554.2559
2023-06-27 14:00:00,806.1369,281.64,212.713,265.0271,316.8241,556.6224
2023-06-27 15:00:00,617.0889,215.8575,163.3044,209.9209,237.6302,250.9108
2023-06-27 16:00:00,612.3426,219.8008,172.7047,220.2313,251.5566,372.4415
2023-06-27 17:00:00,433.5151,136.5824,108.4986,136.6428,156.6465,329.0337
2023-06-27 18:00:00,254.1105,53.78434,42.43541,53.03035,64.51203,114.2775
2023-06-27 19:00:00,94.02561,10.47617,7.337514,10.08112,13.80405,51.77153
2023-06-27 20:00:00,7.108109,0.2674356,0.02390869,0.2361726,0.173717,0.6103241
2023-06-27 21:00:00,0.01245833,0,0,0,0,0.1192008
2023-06-27 22:00:00,0.01445834,0,0,0,0,0.4958555
2023-06-27 23:00:00,0.01175,0,0,0,0,0.5411944
2023-06-28 00:00:00,0.01058333,0,0,0,0,0.5025222
2023-06-28 01:00:00,0,0,0,0,0,0.577427
2023-06-28 02:00:00,0,0,0,0,0,0.5952231
2023-06-28 03:00:00,0,0,0,0,0,0.7340239
2023-06-28 04:00:00,0,0,0,0,0,0.5450783
2023-06-28 05:00:00,0.02068303,0.0201532,0.002851265,0,0.010239,0.6661565
2023-06-28 06:00:00,21.47957,11.62967,7.370152,11.44645,11.90057,10.76301
2023-06-28 07:00:00,131.5968,57.5106,39.53482,59.60271,61.12146,89.06994
2023-06-28 08:00:00,304.9897,141.8928,106.9507,146.9216,156.9294,230.6585
2023-06-28 09:00:00,515.407,218.3877,168.6891,224.0385,240.6436,623.2534
2023-06-28 10:00:00,594.6073,270.3175,208.015,276.8207,303.1711,505.5198
2023-06-28 11:00:00,803.5883,321.1714,239.2269,324.4325,361.389,582.6165
2023-06-28 12:00:00,897.9423,332.1831,249.4322,330.9874,376.9283,280.5996
2023-06-28 13:00:00,824.7466,296.3012,224.5489,294.358,335.3835,491.9755
2023-06-28 14:00:00,896.8561,304.2267,221.8677,300.7925,336.7118,576.9482
2023-06-28 15:00:00,768.2198,269.786,208.2327,269.2261,310.9687,518.3934
2023-06-28 16:00:00,662.7559,224.5251,175.4226,224.1407,259.0307,478.7398
2023-06-28 17:00:00,440.4856,140.0894,111.5336,140.8916,161.1631,215.0886
2023-06-28 18:00:00,249.0414,57.53704,46.43306,57.25425,69.69181,142.6267
2023-06-28 19:00:00,93.78078,14.40805,10.70391,14.05521,18.10069,51.40152
2023-06-28 20:00:00,9.881519,0.2364039,0.08140203,0.2137621,0.5178271,0.7488131
2023-06-28 21:00:00,0.01940973,0,0,0,0,0.2255942
2023-06-28 22:00:00,0,0,0,0,0,0.5203676
2023-06-28 23:00:00,0.01250695,0,0,0,0,0.5629687
2023-06-29 00:00:00,0,0,0,0,0,0.4954804
2023-06-29 01:00:00,0,0,0,0,0,0.4464529
2023-06-29 02:00:00,0,0,0,0,0,0.450321
2023-06-29 03:00:00,0,0,0,0,0,0.4756909
2023-06-29 04:00:00,0,0,0,0,0,0.5723008
2023-06-29 05:00:00,0.00955647,0.01582055,0.002090639,0.005273518,0.006010497,0.6159928
2023-06-29 06:00:00,20.11563,11.37157,8.826038,12.89521,13.66441,7.846076
2023-06-29 07:00:00,123.8174,51.32456,41.84497,59.31452,61.60726,39.22356
2023-06-29 08:00:00,283.3836,132.485,101.9528,137.5408,147.1013,83.784
2023-06-29 09:00:00,473.4599,213.552,165.4655,219.9321,237.2188,374.5185
2023-06-29 10:00:00,642.2906,271.3491,204.8252,276.1521,303.4125,480.9217
2023-06-29 11:00:00,777.8517,304.1076,226.2515,308.436,344.8066,430.0062
2023-06-29 12:00:00,840.0457,309.1861,227.433,310.248,345.6041,579.8667
2023-06-29 13:00:00,752.2948,293.1598,219.982,292.7711,329.4011,434.5158
2023-06-29 14:00:00,744.9247,262.0793,198.5661,262.5864,297.402,399.9117
2023-06-29 15:00:00,575.1895,201.7216,152.5771,203.475,225.9473,333.424
2023-06-29 16:00:00,471.1743,157.2552,123.1229,157.8906,182.0931,254.7776
2023-06-29 17:00:00,408.7438,133.3823,104.3226,135.9455,155.2354,399.0343
2023-06-29 18:00:00,180.3298,42.16047,32.98137,42.59642,50.17017,79.76542
2023-06-29 19:00:00,42.10614,10.41126,7.214036,10.34432,13.1305,29.41762
2023-06-29 20:00:00,7.37068,0.2245456,0.05017482,0.08071848,0.2014963,1.510732
2023-06-29 21:00:00,0.0005625,0,0,0,0,0.2241339
2023-06-29 22:00:00,0,0,0,0,0,0.5350183
2023-06-29 23:00:00,0,0,0,0,0,0.5140603
2023-06-30 00:00:00,0,0,0,0,0,0.4409352
2023-06-30 01:00:00,0,0,0,0,0,0.4222776
2023-06-30 02:00:00,0,0,0,0,0,0.3820794
2023-06-30 03:00:00,0,0,0,0,0,0.5666023
2023-06-30 04:00:00,0,0,0,0,0,0.4187931
2023-06-30 05:00:00,0.002688868,0.00302864,0,0.001580041,0.002176893,0.5760176
2023-06-30 06:00:00,15.56174,8.654058,6.731892,9.610415,11.02282,10.30362
2023-06-30 07:00:00,97.12586,45.02952,34.46947,45.93216,48.76012,88.66452
2023-06-30 08:00:00,138.4536,75.39471,59.67732,79.8116,84.13387,121.6783
2023-06-30 09:00:00,305.4125,123.9524,104.9431,135.9934,148.0468,226.1086
2023-06-30 10:00:00,387.4243,171.0835,134.1649,175.1101,190.8599,453.9006
2023-06-30 11:00:00,518.8101,224.9412,174.3225,229.0815,254.0142,371.539
2023-06-30 12:00:00,726.3046,266.4264,200.9182,270.8067,255.6275,721.8903
2023-06-30 13:00:00,776.3654,275.3839,207.5299,277.6948,316.7427,529.1692
2023-06-30 14:00:00,496.5977,206.7517,158.9099,209.756,233.7518,492.2664
2023-06-30 15:00:00,658.5153,233.2912,180.3295,235.8661,271.7531,456.0886
2023-06-30 16:00:00,384.5271,118.5207,91.77829,118.5277,134.5323,252.8304
2023-06-30 17:00:00,113.5618,43.05566,31.91098,43.70232,48.04571,87.43523
2023-06-30 18:00:00,107.5096,34.55733,26.88328,34.95991,40.83881,59.60178
2023-06-30 19:00:00,41.97235,8.591814,5.41148,8.266916,11.83758,20.75812
2023-06-30 20:00:00,12.67111,0.5299439,0.3229204,0.4149629,0.9133744,2.384252
2023-06-30 21:00:00,0.05680555,0,0,0,0,0.06966608
2023-06-30 22:00:00,0.03115278,0,0,0,0,0.4079044
2023-06-30 23:00:00,0.01895833,,,,,0.5377337
