Gauss Solar,Unnamed: 1,Unnamed: 2,Unnamed: 3,Unnamed: 4,Unnamed: 5
,,,,,
Timestamp,POA*,"Schneider SmartGen CS1800 Inverter - 1.1, Total Power","Schneider SmartGen CS1800 Inverter - 1.2, Total Power","Schneider SmartGen CS1800 Inverter - 2.1, Total Power",Production meter active power
,W/mÂ²,kW,kW,kW,kW
2023-06-01 00:00:00,0,-0.0008669088,0.00547452,0.002291781,-7.639643
2023-06-01 01:00:00,0,-0.00796767,-0.007708316,0.004513503,-7.654063
2023-06-01 02:00:00,0,-0.01373891,-0.008764216,0.001153668,-7.652816
2023-06-01 03:00:00,0,-0.01467561,0.00507678,-0.00172291,-7.657059
2023-06-01 04:00:00,0,-0.01327323,-0.00259817,-0.01076277,-7.640372
2023-06-01 05:00:00,0.03544562,-0.004243914,0.001444057,0.001410863,-7.566719
2023-06-01 06:00:00,17.43835,20.8762,21.59986,15.94765,55.19345
2023-06-01 07:00:00,81.25077,145.3849,148.7462,126.8237,422.3693
2023-06-01 08:00:00,146.108,270.4012,275.3,237.282,780.7763
2023-06-01 09:00:00,206.33,385.7171,385.8466,340.6482,1104.682
2023-06-01 10:00:00,296.1815,556.1089,561.3732,488.1439,1597.79
2023-06-01 11:00:00,453.4619,768.6854,831.6696,683.6539,2272.41
2023-06-01 12:00:00,479.2256,843.5271,861.6162,753.7344,2416.629
2023-06-01 13:00:00,372.6176,669.7219,682.3636,605.4568,1942.359
2023-06-01 14:00:00,378.0873,681.4005,694.1546,608.8244,1956.777
2023-06-01 15:00:00,351.2291,605.1439,614.489,540.6955,1751.809
2023-06-01 16:00:00,537.8734,971.543,895.7146,883.5416,2724.403
2023-06-01 17:00:00,317.2795,542.1004,539.9294,470.5355,1541.235
2023-06-01 18:00:00,91.86195,158.4825,162.4718,139.1242,455.7226
2023-06-01 19:00:00,46.16925,78.75575,79.93152,67.3658,227.5462
2023-06-01 20:00:00,1.411658,-1.119384,-1.094823,-1.324449,-5.832129
2023-06-01 21:00:00,0,-0.0009363198,-0.01365544,-0.0055321,-7.493627
2023-06-01 22:00:00,0,0.007394292,-0.01169104,-0.0002265155,-7.655972
2023-06-01 23:00:00,0,-0.01434187,0.00815522,-0.000228328,-7.68247
2023-06-02 00:00:00,0,,0.001807133,-0.003850279,-7.707509
2023-06-02 01:00:00,0,,-0.0180355,-0.009259934,-7.766275
2023-06-02 02:00:00,0,,-0.009890707,0.003206216,-7.679204
2023-06-02 03:00:00,0,,0.001080736,-0.005243068,-7.596897
2023-06-02 04:00:00,0,,-0.0120023,0.005027722,-7.568871
2023-06-02 05:00:00,0.355365,,-0.008303922,0.003452908,-7.602392
2023-06-02 06:00:00,23.09664,,35.13822,31.44207,104.6125
2023-06-02 07:00:00,117.4799,,211.365,189.3549,609.6427
2023-06-02 08:00:00,258.2473,,527.5559,440.26,1466.842
2023-06-02 09:00:00,380.1007,,710.7056,631.2049,2022.916
2023-06-02 10:00:00,635.6982,,1225.473,1067.364,3420.073
2023-06-02 11:00:00,659.6809,,1142.275,1075.126,3353.246
2023-06-02 12:00:00,546.4957,,959.7805,808.3723,2707.406
2023-06-02 13:00:00,513.4796,,841.0137,761.8223,2465.464
2023-06-02 14:00:00,883.4653,,1350.817,1256.274,3956.926
2023-06-02 15:00:00,645.518,,1124.187,977.7149,3099.725
2023-06-02 16:00:00,637.9897,,1131.387,946.6291,3090.268
2023-06-02 17:00:00,309.6797,,474.1461,439.119,1415.818
2023-06-02 18:00:00,240.0912,,366.1491,319.8408,1040.187
2023-06-02 19:00:00,42.10397,,55.77938,48.8008,161.6058
2023-06-02 20:00:00,1.918144,,2.549898,1.57412,4.096933
2023-06-02 21:00:00,0,,-0.001722132,0.003362786,-7.735802
2023-06-02 22:00:00,0,,-0.00118205,0.000857482,-7.796756
2023-06-02 23:00:00,0,,-0.002644292,-0.001523504,-7.792572
2023-06-03 00:00:00,0,,0.007438374,-0.0001572849,-7.692107
2023-06-03 01:00:00,0,,-0.005290512,-0.001191385,-7.63599
2023-06-03 02:00:00,0,,0.0122398,-0.004841102,-7.701229
2023-06-03 03:00:00,0,,-0.009916031,0.0007832455,-7.747219
2023-06-03 04:00:00,0,,-0.00654514,-0.0006753452,-7.736687
2023-06-03 05:00:00,0.2807711,,-7.762375e-05,-0.003056413,-7.765295
2023-06-03 06:00:00,23.29749,,38.54787,31.38969,104.2558
2023-06-03 07:00:00,147.5718,,227.9309,194.0756,637.9468
2023-06-03 08:00:00,285.5858,,612.1334,527.4315,1722.422
2023-06-03 09:00:00,560.2453,,1007.4,875.5413,2838.038
2023-06-03 10:00:00,759.6368,,1353.089,1179.303,3809.666
2023-06-03 11:00:00,894.207,,1606.01,1405.923,4533.06
2023-06-03 12:00:00,974.2362,,1666.712,1512.387,4771.985
2023-06-03 13:00:00,984.7001,,1666.653,1536.363,4794.931
2023-06-03 14:00:00,933.1395,,1643.458,1456.947,4658.931
2023-06-03 15:00:00,824.2144,,1463.521,1280.91,4125.423
2023-06-03 16:00:00,648.9506,,1153.116,1006.366,3251.645
2023-06-03 17:00:00,429.2578,,740.0058,642.1673,2086.652
2023-06-03 18:00:00,209.4267,,313.23,271.8277,887.9781
2023-06-03 19:00:00,46.16426,,60.65624,52.55016,174.836
2023-06-03 20:00:00,1.318283,,0.5878316,-0.07347585,-2.099246
2023-06-03 21:00:00,0,,0.004867396,-0.01035173,-7.589538
2023-06-03 22:00:00,0,,0.01044869,-0.003929131,-7.568645
2023-06-03 23:00:00,0,,0.006933477,0.006822052,-7.615577
2023-06-04 00:00:00,0,,-0.005701489,0.001889683,-7.606555
2023-06-04 01:00:00,0,,-0.005871993,-0.001455561,-7.704299
2023-06-04 02:00:00,0,,0.01531163,0.00457129,-7.741638
2023-06-04 03:00:00,0,,-0.004108817,-0.0009617888,-7.768264
2023-06-04 04:00:00,0,,-0.01126273,-0.007357623,-7.793421
2023-06-04 05:00:00,0,,-0.01132271,-0.005596216,-7.844143
2023-06-04 06:00:00,5.934414,,2.516521,1.974066,1.948722
2023-06-04 07:00:00,27.6526,,47.42423,40.30844,138.5126
2023-06-04 08:00:00,110.4662,,206.9818,179.5968,588.9711
2023-06-04 09:00:00,120.1236,,227.3793,202.2157,658.2725
2023-06-04 10:00:00,198.0598,,382.658,329.1764,1079.27
2023-06-04 11:00:00,299.433,,564.5009,488.6018,1599.198
2023-06-04 12:00:00,429.3753,,816.6942,689.2764,2272.242
2023-06-04 13:00:00,890.2761,,1478.695,1400.812,4289.803
2023-06-04 14:00:00,771.6547,,1284.392,1180.812,3733.933
2023-06-04 15:00:00,535.0443,,878.8112,861.4092,2668.981
2023-06-04 16:00:00,417.1265,,733.5549,651.2879,2092.987
2023-06-04 17:00:00,311.4691,,565.7686,471.8915,1575.786
2023-06-04 18:00:00,82.80004,,149.9653,129.0046,424.3632
2023-06-04 19:00:00,26.04239,,44.61886,37.5467,127.9658
2023-06-04 20:00:00,1.117308,,0.6613563,0.2394841,-2.343824
2023-06-04 21:00:00,0,,0.002018466,0.009674735,-7.655814
2023-06-04 22:00:00,0,,-0.002955903,0.004153767,-7.720532
2023-06-04 23:00:00,0,,-0.004368045,-0.003767699,-7.748898
2023-06-05 00:00:00,0,,0.006280545,0.004366952,-7.809794
2023-06-05 01:00:00,0,,-0.008836018,-0.00580827,-7.824331
2023-06-05 02:00:00,0,,-0.01078442,-0.003576684,-7.59977
2023-06-05 03:00:00,0,,0.001433331,0.001499639,-7.619945
2023-06-05 04:00:00,0,,-0.02071561,0.01334927,-7.632622
2023-06-05 05:00:00,0.1660797,,0.002782436,-0.004591343,-7.542393
2023-06-05 06:00:00,23.06227,,36.13875,29.66224,100.9313
2023-06-05 07:00:00,154.4217,,229.4046,195.0087,645.1107
2023-06-05 08:00:00,291.8654,,641.3185,552.3777,1737.036
2023-06-05 09:00:00,593.6545,,1073.897,931.938,3032.474
2023-06-05 10:00:00,791.3906,,1426.215,1244.353,4028.506
2023-06-05 11:00:00,926.4473,,1560.407,1434.813,4474.031
2023-06-05 12:00:00,994.4656,,1449.537,1437.39,4255.841
2023-06-05 13:00:00,979.3305,,1414.086,1403.932,4201.869
2023-06-05 14:00:00,817.3698,,1417.071,1345.848,4061.424
2023-06-05 15:00:00,768.5522,,1313.389,1220.6,3844.673
2023-06-05 16:00:00,740.1882,,1310.628,1145.254,3703.321
2023-06-05 17:00:00,450.6766,,489.769,425.7164,1379.539
2023-06-05 18:00:00,215.509,,323.6998,280.4975,917.5909
2023-06-05 19:00:00,44.71083,,68.69791,59.47282,197.4556
2023-06-05 20:00:00,1.488814,,2.571812,1.866266,4.729038
2023-06-05 21:00:00,0,,-0.01180442,0.01445827,-7.772446
2023-06-05 22:00:00,0,,0.003885662,0.005396674,-7.541986
2023-06-05 23:00:00,0,,-0.002749774,-0.004746578,-7.622305
2023-06-06 00:00:00,0,,-0.001723841,0.00053574,-7.613815
2023-06-06 01:00:00,0,,0.003447149,0.008446463,-7.679636
2023-06-06 02:00:00,0,,-0.00775851,0.01259958,-7.71291
2023-06-06 03:00:00,0,,0.002784225,0.004180536,-7.686708
2023-06-06 04:00:00,0,,0.00941509,-0.003659122,-7.635126
2023-06-06 05:00:00,0.07168949,,-0.002564771,0.007693806,-7.590803
2023-06-06 06:00:00,22.29951,,39.70865,33.68103,110.8092
2023-06-06 07:00:00,115.5567,,211.9725,182.3322,600.176
2023-06-06 08:00:00,223.593,,445.1219,384.2415,1257.921
2023-06-06 09:00:00,447.7799,,809.6964,703.8477,2290.185
2023-06-06 10:00:00,628.2012,,1129.13,983.1281,3192.688
2023-06-06 11:00:00,748.024,,1341.025,1163.946,3621.294
2023-06-06 12:00:00,874.7439,,1560.713,1361.782,4407.972
2023-06-06 13:00:00,761.5673,,1204.235,1228.272,3673.019
2023-06-06 14:00:00,843.3517,1129.088,1466.825,1297.777,3827.829
2023-06-06 15:00:00,727.0336,1259.291,1281.21,1112.005,3603.012
2023-06-06 16:00:00,560.4741,965.4901,985.2889,858.5536,2782.617
2023-06-06 17:00:00,307.4731,538.8877,548.0875,474.2441,1539.84
2023-06-06 18:00:00,179.8932,320.2841,326.255,282.178,922.5733
2023-06-06 19:00:00,46.17124,96.70441,98.5285,84.5118,279.8691
2023-06-06 20:00:00,1.24608,4.556444,4.80134,3.680429,10.29899
2023-06-06 21:00:00,0,-0.006125249,0.002030301,-0.01161423,-7.644447
2023-06-06 22:00:00,0,0.01124778,-0.00272538,0.01929672,-7.747063
2023-06-06 23:00:00,0,-0.00252328,0.002004109,0.001621607,-7.639055
2023-06-07 00:00:00,0,-0.01849,-0.00324844,0.008059006,-7.692942
2023-06-07 01:00:00,0,-0.0109946,-0.01592666,-0.002280011,-7.730045
2023-06-07 02:00:00,0,-0.009841913,0.003597565,0.005755386,-7.634204
2023-06-07 03:00:00,0,0.0146654,0.0005856978,-0.004672483,-7.589877
2023-06-07 04:00:00,0,-0.003415583,-0.004583882,-0.004098758,-7.609005
2023-06-07 05:00:00,0.2281228,-0.002942085,-0.0009188156,-0.003301074,-7.517437
2023-06-07 06:00:00,16.42987,22.64606,25.01158,19.90389,67.06609
2023-06-07 07:00:00,48.44986,83.74911,86.69821,72.93011,245.3648
2023-06-07 08:00:00,80.56796,154.5081,160.7059,138.6142,456.5143
2023-06-07 09:00:00,172.7162,338.5909,342.0239,297.7522,967.6772
2023-06-07 10:00:00,541.9147,998.2487,994.1893,893.0706,2854.233
2023-06-07 11:00:00,443.3419,801.4505,818.325,709.21,2309.708
2023-06-07 12:00:00,444.3952,794.3404,813.6002,700.3476,2294.939
2023-06-07 13:00:00,260.2555,478.9527,488.2497,422.8459,1378.949
2023-06-07 14:00:00,211.5475,409.695,417.5119,363.8239,1183.976
2023-06-07 15:00:00,122.9877,242.1653,246.9496,212.9259,698.8472
2023-06-07 16:00:00,117.1049,236.3788,241.2978,208.4848,684.0142
2023-06-07 17:00:00,143.9359,283.9012,290.2041,251.4627,821.4941
2023-06-07 18:00:00,55.17128,100.8763,102.9669,87.62048,292.2751
2023-06-07 19:00:00,18.59788,30.62336,31.42735,25.71435,90.09177
2023-06-07 20:00:00,0.1360745,-0.8177887,-0.4777133,-0.3642539,-7.120245
2023-06-07 21:00:00,0,0.004864257,-0.01211581,-0.01043838,-7.597252
2023-06-07 22:00:00,0,-0.002214745,0.003623076,-0.01112914,-7.678048
2023-06-07 23:00:00,0,0.004956785,0.009050043,0.001625363,-7.745475
2023-06-08 00:00:00,0,-0.01615059,-0.005173202,-0.00392809,-7.681498
2023-06-08 01:00:00,0,-0.003753072,-0.008410831,0.003897642,-7.638587
2023-06-08 02:00:00,0,-0.00688517,0.006788933,0.009031244,-7.705985
2023-06-08 03:00:00,0,-0.005240007,0.007836862,-0.0005799325,-7.630871
2023-06-08 04:00:00,0,0.001587251,-0.001404006,-0.007602339,-7.424983
2023-06-08 05:00:00,0,-0.0053585,-0.003387588,0.006430659,-7.461252
2023-06-08 06:00:00,14.16156,12.33816,14.55503,8.523593,30.44941
2023-06-08 07:00:00,47.23864,79.28979,81.58324,68.01375,230.8492
2023-06-08 08:00:00,128.56,225.6781,228.7152,201.4725,655.1394
2023-06-08 09:00:00,270.5371,482.3517,486.4683,436.9838,1395.048
2023-06-08 10:00:00,440.2961,792.9989,815.5052,711.6095,2287.74
2023-06-08 11:00:00,445.4923,774.7986,803.1215,691.061,2250.692
2023-06-08 12:00:00,856.3986,1452.624,1470.439,1342.955,4221.107
2023-06-08 13:00:00,764.0552,1283.36,1267.234,1187.337,3673.961
2023-06-08 14:00:00,517.7869,925.4069,1009.539,890.5216,2823.468
2023-06-08 15:00:00,629.8893,1081.461,1160.041,1019.041,3249.813
2023-06-08 16:00:00,575.4921,998.6089,1006.159,914.847,2889.181
2023-06-08 17:00:00,403.0833,692.0069,700.0917,613.6104,1988.184
2023-06-08 18:00:00,,,,,
2023-06-08 19:00:00,21.20695,41.26257,41.80878,35.94723,113.0155
2023-06-08 20:00:00,1.126641,4.864824,5.06495,3.66047,12.0333
2023-06-08 21:00:00,0,-0.00830455,-0.02273426,-0.004103329,-7.423721
2023-06-08 22:00:00,0,0.0033071,-0.01667,-0.009031591,-7.420401
2023-06-08 23:00:00,0,-0.009477609,-0.008059658,0.007286278,-7.48248
2023-06-09 00:00:00,0,0.01391542,-0.002193393,0.003468557,-7.561853
2023-06-09 01:00:00,0,-0.009813102,0.000538891,-0.01284495,-7.561708
2023-06-09 02:00:00,0,-0.01214755,0.008332447,0.005992725,-7.587977
2023-06-09 03:00:00,0,-0.01633651,-0.0173745,0.01244942,-7.570004
2023-06-09 04:00:00,0,-0.01697182,-0.009839348,-0.003270906,-7.510753
2023-06-09 05:00:00,0.08604276,0.001170535,-0.002282052,-0.01074466,-7.550717
2023-06-09 06:00:00,23.46502,43.62034,44.72457,36.29243,124.2358
2023-06-09 07:00:00,136.7211,224.4592,230.2423,198.647,652.8669
2023-06-09 08:00:00,269.69,573.3553,583.2842,507.2285,1653.972
2023-06-09 09:00:00,551.5651,983.0298,998.7524,872.3088,2830.078
2023-06-09 10:00:00,748.1515,1331.259,1352.858,1183.844,3826.287
2023-06-09 11:00:00,886.7117,1555.722,1578.156,1382.794,4460.461
2023-06-09 12:00:00,954.1212,1663.11,1665.703,1489.87,4753.281
2023-06-09 13:00:00,976.746,1666.339,1666.706,1516.473,4782.84
2023-06-09 14:00:00,888.3325,1526.552,788.1492,1385.213,3640.96
2023-06-09 15:00:00,687.0062,1141.573,1249.925,1058.192,3423.635
2023-06-09 16:00:00,623.6886,1084.785,1089.274,963.3925,3098.624
2023-06-09 17:00:00,417.5279,705.8673,716.0626,625.6761,2028.256
2023-06-09 18:00:00,143.9799,232.3188,235.8165,202.2621,667.8847
2023-06-09 19:00:00,38.11083,81.13793,82.49435,70.69784,235.3689
2023-06-09 20:00:00,1.186344,5.39899,5.58174,4.171679,13.61061
2023-06-09 21:00:00,0,-0.01693708,0.002681397,-0.0009253813,-7.457057
2023-06-09 22:00:00,0,-0.02451674,-0.0041945,0.006723929,-7.53512
2023-06-09 23:00:00,0,-0.01746965,0.006566214,0.005682608,-7.632397
2023-06-10 00:00:00,0,-0.008817025,0.007713678,0.001509347,-7.696557
2023-06-10 01:00:00,0,0.001651358,0.01004484,0.003831064,-7.754029
2023-06-10 02:00:00,0,0.004648997,-0.008518512,-0.004502409,-7.628503
2023-06-10 03:00:00,0,-0.005640864,-0.004980604,0.003457138,-7.509123
2023-06-10 04:00:00,0,-0.009811725,-0.001124087,0.001712937,-7.514789
2023-06-10 05:00:00,0.197923,-0.003929906,-0.001539128,0.00501777,-7.513921
2023-06-10 06:00:00,24.05075,42.79492,43.93837,36.19237,122.6606
2023-06-10 07:00:00,141.1259,223.8572,229.7473,198.2269,650.9088
2023-06-10 08:00:00,272.8549,575.4579,586.0399,509.2623,1661.337
2023-06-10 09:00:00,559.5647,990.0908,1005.891,878.4169,2850.256
2023-06-10 10:00:00,760.9889,1335.939,1356.15,1185.408,3835.106
2023-06-10 11:00:00,910.4529,1575.152,1595.577,1400.097,4512.542
2023-06-10 12:00:00,973.1905,1627.854,1638.79,1522.05,4714.567
2023-06-10 13:00:00,973.6135,1584.081,1597.546,1471.072,4592.004
2023-06-10 14:00:00,953.6061,1626.262,1638.563,1450.6,4646.087
2023-06-10 15:00:00,822.2615,1413.861,1430.687,1254.934,4045.167
2023-06-10 16:00:00,649.6715,1118.141,1129.454,989.765,3196.004
2023-06-10 17:00:00,432.2153,726.4327,732.1718,641.0157,2079.132
2023-06-10 18:00:00,213.3055,323.2787,323.867,283.4943,923.4763
2023-06-10 19:00:00,48.2616,76.99628,77.27486,67.24364,222.1756
2023-06-10 20:00:00,0.3425954,1.897908,1.929513,1.106059,3.216844
2023-06-10 21:00:00,0,-0.00328973,0.007802535,-0.01305965,-7.63389
2023-06-10 22:00:00,0,0.002779762,-0.0296503,0.00525437,-7.707497
2023-06-10 23:00:00,0,-0.01606569,-0.008510544,-0.00067087,-7.743004
2023-06-11 00:00:00,0,-0.01311089,-0.004196844,0.003010268,-7.587203
2023-06-11 01:00:00,0,-0.01203001,0.001796386,-9.129482e-05,-7.616778
2023-06-11 02:00:00,0,-0.01218037,-0.01347778,0.002059634,-7.662541
2023-06-11 03:00:00,0,-0.003588097,-0.01321535,-0.005878106,-7.696206
2023-06-11 04:00:00,0,-0.01679582,-0.01899719,-0.01157288,-7.743948
2023-06-11 05:00:00,0.2242862,-0.01036464,-0.001449374,-0.007087251,-7.775982
2023-06-11 06:00:00,23.77605,40.04598,41.09548,33.73125,113.8847
2023-06-11 07:00:00,142.0103,217.0142,221.4178,189.2881,625.6229
2023-06-11 08:00:00,289.5464,585.12,582.8873,510.8749,1661.088
2023-06-11 09:00:00,483.4329,851.2699,896.6499,765.2162,2494.115
2023-06-11 10:00:00,727.9044,1273.087,1310.357,1138.566,3682.206
2023-06-11 11:00:00,859.683,1516.413,1534.578,1324.304,4295.138
2023-06-11 12:00:00,878.9244,1440.458,1486.616,1352.307,4194.973
2023-06-11 13:00:00,853.6504,1335.02,1441.021,1274.584,4001.038
2023-06-11 14:00:00,755.2573,1265.824,1356.84,1140.849,3714.483
2023-06-11 15:00:00,690.4654,1202.564,1190.543,1085.368,3445.86
2023-06-11 16:00:00,520.6906,886.4227,870.0757,744.889,2459.204
2023-06-11 17:00:00,309.1575,527.3955,511.5453,469.8394,1517.85
2023-06-11 18:00:00,141.8726,240.8001,243.9445,212.4399,694.5865
2023-06-11 19:00:00,38.35257,64.8528,66.35502,56.22398,188.5633
2023-06-11 20:00:00,0.9248983,1.996985,2.189459,1.303018,2.032984
2023-06-11 21:00:00,0,0.01320449,-0.009355005,0.01051482,-7.520992
2023-06-11 22:00:00,0,-0.009114609,-0.007978857,0.00144778,-7.629132
2023-06-11 23:00:00,0,-0.003672448,0.004234647,-0.003398263,-7.656258
2023-06-12 00:00:00,0,-0.004820808,-0.0001627642,-0.005217942,-7.60781
2023-06-12 01:00:00,0,0.001449235,0.002346097,0.003471789,-7.499279
2023-06-12 02:00:00,0,-0.009539465,-0.01198127,-0.005926886,-7.512386
2023-06-12 03:00:00,0,0.003292319,0.001924928,0.01253732,-7.539867
2023-06-12 04:00:00,0,0.00146634,0.009778222,0.001452685,-7.541491
2023-06-12 05:00:00,0.04936069,-0.002787272,-0.007448489,0.01718841,-7.431676
2023-06-12 06:00:00,14.6813,7.028454,7.117403,6.133529,14.56032
2023-06-12 07:00:00,79.90173,140.5452,144.2178,123.9713,410.59
2023-06-12 08:00:00,110.8734,195.6485,206.5663,174.4292,575.819
2023-06-12 09:00:00,460.3731,734.1998,782.204,701.0339,2254.74
2023-06-12 10:00:00,442.4373,829.6199,825.994,759.6343,2438.734
2023-06-12 11:00:00,326.2162,599.5475,614.6737,532.8312,1729.234
2023-06-12 12:00:00,531.2746,946.7456,954.4794,858.7925,2754.166
2023-06-12 13:00:00,510.036,908.8801,888.1577,797.1389,2542.924
2023-06-12 14:00:00,625.4229,1053.748,1092.76,1048.574,3225.938
2023-06-12 15:00:00,394.0344,677.941,661.276,643.1294,1998.808
2023-06-12 16:00:00,498.255,868.7963,924.6354,776.4254,2589.482
2023-06-12 17:00:00,234.326,398.1173,406.5448,351.4812,1154.508
2023-06-12 18:00:00,90.02223,143.8772,147.2597,126.9706,416.5274
2023-06-12 19:00:00,49.3492,86.26379,86.63976,75.23781,248.7023
2023-06-12 20:00:00,2.50906,5.148236,5.147685,3.863291,12.25461
2023-06-12 21:00:00,0,-0.01216464,-0.0004896118,0.00259153,-7.548429
2023-06-12 22:00:00,0,-0.002125656,-0.0007285015,0.004115851,-7.576424
2023-06-12 23:00:00,0,-0.01669008,-0.01672121,0.01082137,-7.622563
2023-06-13 00:00:00,0,-0.002285112,-0.008752748,0.006903088,-7.643242
2023-06-13 01:00:00,0,-0.01157576,0.00390345,0.008529861,-7.605302
2023-06-13 02:00:00,0,-0.01188903,-0.01009219,-0.01604646,-7.615892
2023-06-13 03:00:00,0,-0.00895581,-0.01348941,-0.006821353,-7.64948
2023-06-13 04:00:00,0,-0.01312756,0.000430476,-0.0005228022,-7.594972
2023-06-13 05:00:00,0.2615626,-0.004620179,0.000887544,0.01170477,-7.451786
2023-06-13 06:00:00,27.40512,51.23085,52.41971,16.00199,117.6182
2023-06-13 07:00:00,110.1413,199.1609,117.9556,-0.009419323,301.7872
2023-06-13 08:00:00,268.3468,573.9041,599.9406,-0.01064723,1179.968
2023-06-13 09:00:00,567.9377,1008.45,1030.986,0.000351519,2023.33
2023-06-13 10:00:00,782.6058,1390.18,1407.932,0.01052969,2765.51
2023-06-13 11:00:00,915.7229,1549.932,1604.19,0.0008934982,3116.656
2023-06-13 12:00:00,988.4666,1556.019,1492.941,0.00722731,2991.341
2023-06-13 13:00:00,940.1847,1425.63,1464.076,-0.002851599,2897.832
2023-06-13 14:00:00,635.3856,1029.264,969.3858,0.002639017,1969.291
2023-06-13 15:00:00,722.9797,1248.973,1270.351,-0.006450948,2452.059
2023-06-13 16:00:00,549.8648,966.726,1016.523,0.009964784,1924.903
2023-06-13 17:00:00,278.0714,487.3948,510.4467,-0.005341081,1000.403
2023-06-13 18:00:00,215.2641,375.9055,384.0935,0.0001534908,756.6891
2023-06-13 19:00:00,59.27766,124.0666,125.3738,0.004907259,245.3532
2023-06-13 20:00:00,2.823394,8.623075,8.881248,0.003134249,13.68579
2023-06-13 21:00:00,0,0.009726423,-0.004429136,0.002560688,-7.620463
2023-06-13 22:00:00,0,-0.00709103,-0.001469523,-0.01264921,-7.674708
2023-06-13 23:00:00,0,-0.01147388,-0.008512494,-0.008604698,-7.689568
2023-06-14 00:00:00,0,-0.01136095,0.002228392,0.000165964,-7.71396
2023-06-14 01:00:00,0,0.002347986,-0.003553681,-0.001622267,-7.579884
2023-06-14 02:00:00,0,-0.002084197,0.001253588,-8.923e-06,-7.477118
2023-06-14 03:00:00,0,0.002941508,-0.002935292,0.008695322,-7.510919
2023-06-14 04:00:00,0,-0.01922628,0.004804177,0.00106914,-7.532483
2023-06-14 05:00:00,0.1852095,0.003357945,-0.007979608,-0.006606317,-7.518169
2023-06-14 06:00:00,24.06895,36.54588,39.39104,0.0001050668,72.80406
2023-06-14 07:00:00,155.1441,219.8487,226.3364,0.001755398,442.7708
2023-06-14 08:00:00,289.3715,615.4538,624.7595,0.01388383,1229.198
2023-06-14 09:00:00,596.4167,1054.542,1069.17,0.01010245,2103.255
2023-06-14 10:00:00,792.9373,1409.664,1428.277,-0.003916582,2804.392
2023-06-14 11:00:00,933.8384,1636.187,1645.546,0.003457043,3237.069
2023-06-14 12:00:00,946.417,1573.47,1550.097,0.0121115,3070.746
2023-06-14 13:00:00,960.1783,1544.004,1543.005,0.005131539,3028.122
2023-06-14 14:00:00,964.4205,1626.124,1625.286,-0.006885047,3219.233
2023-06-14 15:00:00,829.5131,1416.389,1479.504,0.002119887,2898.098
2023-06-14 16:00:00,671.5878,1166.31,1176.89,0.006943127,2309.588
2023-06-14 17:00:00,450.6419,757.4895,747.6127,-0.009524371,1478.969
2023-06-14 18:00:00,211.5406,308.4553,306.9491,-0.002729573,614.1673
2023-06-14 19:00:00,53.50439,86.79707,86.99795,-0.001992414,171.0396
2023-06-14 20:00:00,2.253245,8.079505,8.433391,0.004242894,12.35612
2023-06-14 21:00:00,0,0.007852757,0.002960815,-0.0002835793,-7.539281
2023-06-14 22:00:00,0,-0.00465019,-0.0001188005,-0.004222558,-7.58468
2023-06-14 23:00:00,0,-0.01163396,0.005846154,-0.003736202,-7.721049
2023-06-15 00:00:00,0,-0.01697556,0.005331311,-0.002727355,-7.755515
2023-06-15 01:00:00,0,-0.003627896,0.0005264168,-0.006603047,-7.645936
2023-06-15 02:00:00,0,-0.005280138,-0.002935024,0.005652435,-7.697334
2023-06-15 03:00:00,0,-0.003965763,-0.01153723,0.005661419,-7.530472
2023-06-15 04:00:00,0,-0.006247216,-0.0003155271,0.004579113,-7.502618
2023-06-15 05:00:00,0.2780739,0.004779332,-0.002576699,0.001520138,-7.492302
2023-06-15 06:00:00,25.59399,41.33373,42.43839,0.007858584,80.27207
2023-06-15 07:00:00,121.4816,208.7684,210.7593,-0.005429099,412.1886
2023-06-15 08:00:00,178.6964,330.7154,337.4978,0.004858862,663.6647
2023-06-15 09:00:00,424.1523,750.1262,790.1402,-0.00663893,1535.64
2023-06-15 10:00:00,679.5129,1197.762,1227.019,-0.009222028,2403.238
2023-06-15 11:00:00,771.1052,1338.862,1351.051,-0.005014287,2661.31
2023-06-15 12:00:00,838.5562,1422.856,1446.234,0.001018403,2834.054
2023-06-15 13:00:00,625.4703,1017.698,1028.676,0.003495456,2037.936
2023-06-15 14:00:00,832.0539,1391.065,1435.052,0.003918313,2810.779
2023-06-15 15:00:00,582.4891,997.2257,1028.633,-0.001697737,2004.103
2023-06-15 16:00:00,591.2658,993.6309,1003.008,-0.007393112,1965.778
2023-06-15 17:00:00,380.9399,638.8387,646.4927,0.004482671,1272.59
2023-06-15 18:00:00,134.6457,224.1926,226.3711,0.007112304,443.7629
2023-06-15 19:00:00,38.97062,75.52895,77.19846,-0.002081064,150.7332
2023-06-15 20:00:00,1.789554,5.549452,5.785165,-0.003185299,7.612878
2023-06-15 21:00:00,0,0.0008437703,0.008446036,0.01144804,-7.554345
2023-06-15 22:00:00,0,-0.01017112,0.01187815,0.002352269,-7.691173
2023-06-15 23:00:00,0,-0.005379662,-0.01685631,-0.01081588,-7.819128
2023-06-16 00:00:00,0,-0.004783413,-0.008599527,-0.005138955,-7.806518
2023-06-16 01:00:00,0,-0.002436681,-0.002093097,0.003756098,-7.832163
2023-06-16 02:00:00,0,-0.003999271,-0.0006055677,-0.008697258,-7.865759
2023-06-16 03:00:00,0,0.00207662,0.0002001835,-0.005198658,-7.822787
2023-06-16 04:00:00,0,-0.003566728,-0.02164359,-0.000223347,-7.77846
2023-06-16 05:00:00,0.1503689,-0.001482643,-0.004361788,-0.007300453,-7.652139
2023-06-16 06:00:00,23.8768,39.10571,40.14942,0.01333752,75.21506
2023-06-16 07:00:00,126.6148,213.9606,219.2582,0.01422791,429.4785
2023-06-16 08:00:00,254.4159,495.3496,503.3903,0.0008092415,990.8352
2023-06-16 09:00:00,507.4377,888.2733,900.9744,0.01063703,1772.53
2023-06-16 10:00:00,717.0527,1253.995,1271.862,0.001070313,2497.165
2023-06-16 11:00:00,833.944,1432.313,1450.675,0.006351891,2845.317
2023-06-16 12:00:00,968.5211,563.3555,576.662,-0.00803707,1116.427
2023-06-16 13:00:00,647.7609,1077.579,1108.93,-0.005061616,2182.14
2023-06-16 14:00:00,819.3179,1396.907,1423.395,-0.004530935,2811.823
2023-06-16 15:00:00,747.4019,1274.646,1284.457,0.002495059,2518.489
2023-06-16 16:00:00,229.5569,418.8789,420.2816,0.002736588,818.887
2023-06-16 17:00:00,279.7509,485.5115,502.0481,-0.005698403,985.1362
2023-06-16 18:00:00,95.33247,162.8114,168.0765,0.009655229,327.4396
2023-06-16 19:00:00,42.44875,84.57215,86.26902,0.004143971,167.8567
2023-06-16 20:00:00,1.377354,4.455812,4.722397,-0.005920739,4.852486
2023-06-16 21:00:00,0,0.0007634803,0.01400168,0.001603202,-7.704235
2023-06-16 22:00:00,0,-0.01271324,-0.01098434,0.007354735,-7.637153
2023-06-16 23:00:00,0,-0.00667227,-0.009028202,0.0009685372,-7.661374
2023-06-17 00:00:00,0,,-0.00389008,-0.003300594,-7.607228
2023-06-17 01:00:00,0,,-0.002761376,0.001607971,-7.631113
2023-06-17 02:00:00,0.7168568,,-0.02438867,-0.006151414,-7.649782
2023-06-17 03:00:00,,,,,
2023-06-17 04:00:00,,,,,
2023-06-17 05:00:00,,,,,
2023-06-17 06:00:00,,,,,
2023-06-17 07:00:00,203.854,266.6968,270.9065,-0.01765638,532.3801
2023-06-17 08:00:00,281.4157,494.5836,502.8074,0.003924075,987.5591
2023-06-17 09:00:00,562.1535,1004.682,1021.665,-0.01067236,2008.405
2023-06-17 10:00:00,754.9155,1366.211,1387.248,-0.002227792,2722.718
2023-06-17 11:00:00,881.3927,1615.894,1629.541,-0.0002694438,3203.42
2023-06-17 12:00:00,949.2263,1663.832,1663.802,0.01180009,3282.166
2023-06-17 13:00:00,,,,,
2023-06-17 14:00:00,720.0637,539.5648,209.7505,-0.00982245,756.5869
2023-06-17 15:00:00,609.1216,977.8605,1034.082,0.002304703,1976.606
2023-06-17 16:00:00,630.1271,1054.935,1075.078,0.009997183,2105.408
2023-06-17 17:00:00,368.5709,635.6134,615.5336,0.01984106,1226.163
2023-06-17 18:00:00,216.5106,332.268,333.716,-0.003951102,658.3135
2023-06-17 19:00:00,52.2937,86.17799,86.53721,0.009043863,170.2183
2023-06-17 20:00:00,1.288293,5.749582,5.978002,-0.006663062,8.240609
2023-06-17 21:00:00,0,0.0006747448,-0.006562687,-0.005815222,-7.583655
2023-06-17 22:00:00,0,-0.02499766,-0.01347239,-0.008772328,-7.710628
2023-06-17 23:00:00,0,-0.005643321,0.0001934617,0.005204997,-7.812944
2023-06-18 00:00:00,0,-0.01338466,-0.01240642,-0.0007477835,-7.762023
2023-06-18 01:00:00,0,-0.005097137,-0.01300666,-0.001320007,-7.87858
2023-06-18 02:00:00,0,0.02186247,-0.009842683,0.005962792,-7.794287
2023-06-18 03:00:00,0,-0.03476468,-0.006846161,0.01547068,-7.841747
2023-06-18 04:00:00,0,-0.001627332,0.007101531,-0.003687102,-7.844203
2023-06-18 05:00:00,0.1131996,-0.008582592,0.01120539,-0.008996611,-7.811628
2023-06-18 06:00:00,23.91713,43.19379,8.168406,-0.007933619,45.82753
2023-06-18 07:00:00,137.9303,219.211,224.0758,-0.001679944,439.8438
2023-06-18 08:00:00,273.6659,551.9664,560.4325,0.01020602,1103.943
2023-06-18 09:00:00,539.6408,956.534,973.4372,-0.000536816,1911.772
2023-06-18 10:00:00,733.202,1297.368,1317.353,-0.00701869,2585.643
2023-06-18 11:00:00,846.2742,1491.468,1517.538,-0.005333377,2967.321
2023-06-18 12:00:00,945.9963,1637.125,1655.613,0.01922879,3244.657
2023-06-18 13:00:00,878.4124,1527.766,1545.926,0.00533511,3048.608
2023-06-18 14:00:00,720.4199,1245.261,1278.896,0.004438165,2504.104
2023-06-18 15:00:00,759.2546,1279.731,1217.832,0.009528604,2512.589
2023-06-18 16:00:00,624.2974,1066.65,1073.323,0.007812615,2107.89
2023-06-18 17:00:00,425.1813,710.7891,718.3207,0.002066418,1407.542
2023-06-18 18:00:00,209.0934,325.0425,326.868,-0.006657146,643.6074
2023-06-18 19:00:00,51.73035,88.34562,89.00786,-0.007645887,174.2907
2023-06-18 20:00:00,1.645737,6.843479,7.115515,-0.0007793825,10.11107
2023-06-18 21:00:00,0,-0.004523581,-0.003867526,-0.003500323,-7.580731
2023-06-18 22:00:00,0,0.004668145,0.002163684,-0.01020568,-7.65781
2023-06-18 23:00:00,0,-0.01136803,-0.001092428,0.008720528,-7.775095
2023-06-19 00:00:00,0,-0.0008695422,-0.008689456,0.01465936,-7.800065
2023-06-19 01:00:00,0,0.007670015,-0.006158272,0.0004926925,-7.662646
2023-06-19 02:00:00,0,-0.00519417,-0.003447562,-0.00741852,-7.696143
2023-06-19 03:00:00,0,-0.006270365,-0.001512925,0.0180301,-7.730735
2023-06-19 04:00:00,0,0.0008522725,-0.009629123,0.004489205,-7.711161
2023-06-19 05:00:00,0.2219018,-0.006006834,0.01571454,-0.003489091,-7.69025
2023-06-19 06:00:00,24.05062,37.94982,38.93156,0.01262485,72.99274
2023-06-19 07:00:00,120.3326,220.9416,225.4995,-0.009225455,442.0348
2023-06-19 08:00:00,243.2836,480.7047,487.0409,-0.001541536,959.7811
2023-06-19 09:00:00,520.4531,913.258,924.3602,-0.002297188,1819.72
2023-06-19 10:00:00,664.2502,1166.389,1180.993,0.007435684,2319.274
2023-06-19 11:00:00,738.1346,1283.238,1304.557,0.001763272,2557.795
2023-06-19 12:00:00,885.2247,1558.25,1565.589,0.002106025,3087.678
2023-06-19 13:00:00,852.3724,1475.708,1478.119,-0.006429776,2921.799
2023-06-19 14:00:00,782.8602,1326.193,1357.526,0.005973986,2665.512
2023-06-19 15:00:00,517.442,906.6509,893.4984,0.01085045,1793.201
2023-06-19 16:00:00,346.3137,600.5546,599.508,0.008126285,1175.712
2023-06-19 17:00:00,187.7075,335.1064,342.9078,-0.007452827,670.3374
2023-06-19 18:00:00,104.9261,188.7939,191.6591,0.006127592,375.585
2023-06-19 19:00:00,35.38326,60.76003,62.23347,-0.003628389,120.9411
2023-06-19 20:00:00,0.5435649,0.6011294,0.766269,-0.002298549,-3.541109
2023-06-19 21:00:00,0,-0.009855488,-0.005643905,-0.003130425,-7.567711
2023-06-19 22:00:00,0,-0.0201147,-0.0001120363,-0.01073604,-7.674998
2023-06-19 23:00:00,0,-0.008963374,0.0006056323,0.01189841,-7.755103
2023-06-20 00:00:00,0,-0.01544479,-0.01781292,-0.0140042,-7.782121
2023-06-20 01:00:00,0,-0.01044814,-0.002898123,0.007210265,-7.777144
2023-06-20 02:00:00,0,-0.0178119,-0.006051927,0.004453086,-7.658339
2023-06-20 03:00:00,0,0.006284119,0.001985691,-0.009667402,-7.663439
2023-06-20 04:00:00,0,-0.006933719,-0.008354453,0.0003358603,-7.632813
2023-06-20 05:00:00,0,0.0002984782,-0.0004460448,0.004363528,-7.603494
2023-06-20 06:00:00,9.422939,7.796211,8.000241,0.0138137,10.10332
2023-06-20 07:00:00,36.60846,63.17356,64.4815,0.004931761,126.0781
2023-06-20 08:00:00,83.65965,122.8859,106.2871,0.01920164,222.932
2023-06-20 09:00:00,197.9449,368.5878,378.855,-0.01021083,740.0541
2023-06-20 10:00:00,274.918,502.1173,509.6206,0.001910873,1004.096
2023-06-20 11:00:00,235.5315,439.2719,450.8705,-0.0007367445,882.1064
2023-06-20 12:00:00,337.2764,631.8787,651.8841,0.01861289,1270.239
2023-06-20 13:00:00,346.5682,647.5976,661.6993,0.01450534,1297.183
2023-06-20 14:00:00,347.623,637.5422,654.6402,0.01286118,1278.642
2023-06-20 15:00:00,252.3577,496.9986,505.4503,-0.003777297,992.0712
2023-06-20 16:00:00,39.24146,67.41557,67.98271,-0.01158446,133.6636
2023-06-20 17:00:00,89.63481,164.863,167.292,0.007623895,328.6214
2023-06-20 18:00:00,50.71979,87.34186,89.53788,0.009139745,174.4411
2023-06-20 19:00:00,23.06855,33.91,34.6206,-0.01101991,67.12323
2023-06-20 20:00:00,1.050957,-1.393984,-1.423028,-0.003657278,-7.460402
2023-06-20 21:00:00,0,-0.0006090661,0.008749364,-0.008965526,-7.644278
2023-06-20 22:00:00,0,-0.006419273,0.01303113,-2.604175e-05,-7.667936
2023-06-20 23:00:00,0,0.005087113,0.002235774,-0.002192924,-7.720088
2023-06-21 00:00:00,0,0.01199734,-0.0113961,0.0116977,-7.776736
2023-06-21 01:00:00,0,-0.01134766,-0.01545161,0.002394368,-7.604728
2023-06-21 02:00:00,0,-0.006150935,-0.001985308,-0.0009609515,-7.662317
2023-06-21 03:00:00,0,-0.005287983,-0.006202559,0.003489533,-7.642365
2023-06-21 04:00:00,0,-0.006501079,-0.006800843,0.005543191,-7.706036
2023-06-21 05:00:00,0.005771625,-0.02184474,0.009822865,-0.01118841,-7.778981
2023-06-21 06:00:00,13.32834,8.163112,8.349246,-0.01842645,10.55016
2023-06-21 07:00:00,59.1512,76.28891,33.02271,-0.00198062,111.9952
2023-06-21 08:00:00,80.4476,125.471,86.97722,0.005277352,215.3516
2023-06-21 09:00:00,158.3029,243.8338,239.6662,-0.01457633,480.5499
2023-06-21 10:00:00,293.3223,435.15,414.7446,-0.003050748,838.4379
2023-06-21 11:00:00,325.2206,616.7482,608.8834,-0.003400401,1216.815
2023-06-21 12:00:00,171.9859,171.5926,303.1358,-0.006555982,464.8329
2023-06-21 13:00:00,284.1706,403.8644,380.9417,-0.01069974,778.1768
2023-06-21 14:00:00,420.308,751.2147,765.8211,-0.007015196,1502.4
2023-06-21 15:00:00,225.7657,420.3635,419.1238,0.00484019,832.0676
2023-06-21 16:00:00,106.7977,197.6927,188.604,0.002825142,381.6801
2023-06-21 17:00:00,60.99559,110.5458,109.2739,-0.0001779718,217.9516
2023-06-21 18:00:00,38.71907,65.81938,67.30033,-0.004982111,131.4614
2023-06-21 19:00:00,28.06371,45.36432,46.10495,0.006053646,90.42736
2023-06-21 20:00:00,3.229239,6.957598,7.033492,0.007258936,10.23362
2023-06-21 21:00:00,,,,,
2023-06-21 22:00:00,,,,,
2023-06-21 23:00:00,,,,,
2023-06-22 00:00:00,,,,,
2023-06-22 01:00:00,,,,,
2023-06-22 02:00:00,,,,,
2023-06-22 03:00:00,,,,,
2023-06-22 04:00:00,,,,,
2023-06-22 05:00:00,,,,,
2023-06-22 06:00:00,,,,,
2023-06-22 07:00:00,,,,,
2023-06-22 08:00:00,102.7172,125.445,126.5158,-0.00173516,246.5486
2023-06-22 09:00:00,153.9028,302.0305,279.3094,-0.00518433,562.3965
2023-06-22 10:00:00,470.6484,843.1506,878.2285,-0.000832445,1699.299
2023-06-22 11:00:00,653.0781,1187.444,1174.307,-0.0170745,2327.932
2023-06-22 12:00:00,838.3093,1352.473,1451.024,-0.006027758,2747.19
2023-06-22 13:00:00,246.8232,447.33,451.956,-0.003085638,881.3411
2023-06-22 14:00:00,44.34219,74.99378,77.15157,-0.006174564,149.9088
2023-06-22 15:00:00,123.6243,230.432,236.2066,0.002525683,462.6573
2023-06-22 16:00:00,377.3398,680.5233,716.9913,-0.01044737,1343.358
2023-06-22 17:00:00,269.4419,483.5174,524.7316,0.003768308,995.3651
2023-06-22 18:00:00,188.8462,350.7227,352.8472,0.0007425047,694.6954
2023-06-22 19:00:00,39.0928,76.26747,79.23808,-0.002678768,151.6029
2023-06-22 20:00:00,1.099262,0.5760369,0.5319651,0.001503368,-2.585108
2023-06-22 21:00:00,0,-0.006759656,0.0006964747,-0.008633276,-7.494329
2023-06-22 22:00:00,0,0.004785155,0.00260528,0.0001708603,-7.60979
2023-06-22 23:00:00,0,-0.006060631,-0.002448841,-0.01304363,-7.678339
2023-06-23 00:00:00,0,-0.0104441,-0.004279916,0.01459166,-7.703144
2023-06-23 01:00:00,0,-0.008268676,-0.00262085,0.01745385,-7.672864
2023-06-23 02:00:00,0,-0.006685744,-0.01873362,-0.0006361729,-7.626533
2023-06-23 03:00:00,0,-0.01850257,0.002150305,0.008457633,-7.672681
2023-06-23 04:00:00,0,-0.0003801208,-0.01125698,0.008070248,-7.644422
2023-06-23 05:00:00,0.0764573,-0.007529912,-0.009851225,0.006717527,-7.596976
2023-06-23 06:00:00,9.452941,-0.006454037,-0.005337082,-0.001477503,-7.511007
2023-06-23 07:00:00,124.6004,161.0336,132.0487,-0.01582349,289.57
2023-06-23 08:00:00,225.114,427.9199,448.0557,-3.042165e-05,869.7742
2023-06-23 09:00:00,333.0807,589.3419,616.6823,-0.009452594,1179.556
2023-06-23 10:00:00,309.6901,572.7103,591.2379,-0.002070938,1148.845
2023-06-23 11:00:00,779.6534,1303.7,1309.419,0.004692838,2617.492
2023-06-23 12:00:00,524.0504,815.418,842.9095,0.0115611,1564.363
2023-06-23 13:00:00,699.2103,143.3446,1198.186,0.01015218,1309.833
2023-06-23 14:00:00,461.2587,835.8956,835.2158,0.004079338,1657.869
2023-06-23 15:00:00,460.2273,825.3782,839.1077,0.005926879,1645.767
2023-06-23 16:00:00,421.9077,765.7651,766.4956,-0.001913198,1516.903
2023-06-23 17:00:00,270.7213,488.2101,506.1406,0.005361067,983.2948
2023-06-23 18:00:00,140.9463,258.0445,238.2598,0.005856429,489.4869
2023-06-23 19:00:00,52.18621,100.212,102.0692,0.0004058408,199.1982
2023-06-23 20:00:00,3.714407,9.296266,9.4891,0.002120469,14.63504
2023-06-23 21:00:00,0,0.01061881,0.00325036,-0.002772396,-7.46325
2023-06-23 22:00:00,0,-0.003372135,-0.01245234,-0.01330784,-7.551099
2023-06-23 23:00:00,0,0.006011597,-0.00381789,0.0008438721,-7.613797
2023-06-24 00:00:00,0,-0.007598144,-0.01458233,0.004168687,-7.649655
2023-06-24 01:00:00,0,-0.02169989,-0.01168321,-0.0008714575,-7.668381
2023-06-24 02:00:00,0,0.007228855,0.004222004,0.007015045,-7.712091
2023-06-24 03:00:00,0,-0.003101093,0.007615419,0.002666101,-7.641631
2023-06-24 04:00:00,0,-0.01424261,-0.005225562,0.005356045,-7.65168
2023-06-24 05:00:00,0.2797749,-0.01069876,-0.005143055,0.01424986,-7.650759
2023-06-24 06:00:00,20.85852,24.89733,26.06466,-0.001520279,47.09518
2023-06-24 07:00:00,141.3345,179.9669,199.9632,0.002098149,377.2604
2023-06-24 08:00:00,290.6061,557.3931,568.6545,0.007907021,1111.466
2023-06-24 09:00:00,515.2867,919.5287,939.5423,0.01169816,1846.489
2023-06-24 10:00:00,807.3962,1345.423,1328.297,0.006313436,2644.216
2023-06-24 11:00:00,890.3897,1311.773,1469.943,0.0005497417,2777.492
2023-06-24 12:00:00,962.2551,1467.67,1404.203,0.005120966,2817.895
2023-06-24 13:00:00,528.3113,841.789,835.7845,0.001381512,1644.367
2023-06-24 14:00:00,795.0441,1271.05,1286.717,0.0008382057,2584.972
2023-06-24 15:00:00,390.0528,721.1931,641.8542,0.008179232,1333.394
2023-06-24 16:00:00,596.972,1016.456,1101.862,-0.001886637,2097.603
2023-06-24 17:00:00,470.7111,797.0013,832.6355,0.00378669,1603.193
2023-06-24 18:00:00,176.649,265.7551,263.8032,0.012697,521.408
2023-06-24 19:00:00,52.65545,94.23448,96.93703,0.004480623,188.8118
2023-06-24 20:00:00,2.100613,5.615861,5.905247,0.01186053,7.877952
2023-06-24 21:00:00,0,-0.02075814,-0.00819731,-0.002090609,-7.686745
2023-06-24 22:00:00,0,-0.009833187,-0.01195029,0.007182561,-7.739036
2023-06-24 23:00:00,0,-0.005976767,0.005416412,0.002873122,-7.726626
2023-06-25 00:00:00,0,-0.01087542,0.001181149,0.003931806,-7.708437
2023-06-25 01:00:00,0,0.009329972,-0.006778919,0.01171027,-7.694191
2023-06-25 02:00:00,0,0.01397614,-0.01228374,0.009066498,-7.731916
2023-06-25 03:00:00,0,-0.02299516,-0.0008003672,-0.003957313,-7.658362
2023-06-25 04:00:00,0,-0.01080159,-0.006972106,-0.001018379,-7.660807
2023-06-25 05:00:00,0.1445867,-0.001086707,-0.01302221,0.009835302,-7.760122
2023-06-25 06:00:00,18.33071,18.9559,19.49711,-0.003133918,34.29076
2023-06-25 07:00:00,137.6548,172.9679,181.6577,-0.01544918,350.8518
2023-06-25 08:00:00,267.7516,574.5229,581.6913,-0.005220753,1148.284
2023-06-25 09:00:00,559.5136,983.8403,999.4936,-0.003821577,1964.416
2023-06-25 10:00:00,756.2018,1304.844,1325.496,-0.001789403,2598.205
2023-06-25 11:00:00,909.1865,1533.545,1574.767,-0.007446479,3047.426
2023-06-25 12:00:00,907.3533,1361.739,1472.76,0.0008259068,2805.644
2023-06-25 13:00:00,566.2924,870.354,868.4122,-0.00631453,1716.155
2023-06-25 14:00:00,922.8947,1457.597,1404.983,0.005758271,2819.44
2023-06-25 15:00:00,855.2836,1476.834,1444.075,0.01182768,2869.069
2023-06-25 16:00:00,616.6221,1033.428,1013.533,0.003970934,2006.525
2023-06-25 17:00:00,427.807,710.5127,726.7057,0.005611551,1426.359
2023-06-25 18:00:00,228.5691,338.2931,340.0692,-0.003693696,667.2849
2023-06-25 19:00:00,53.15047,88.70364,89.50786,-0.003988951,175.654
2023-06-25 20:00:00,3.18662,9.002277,9.430169,0.004838984,14.60048
2023-06-25 21:00:00,0,0.006866322,0.005549918,0.001177029,-7.579692
2023-06-25 22:00:00,0,-0.000651738,-0.01749741,-0.002345642,-7.705805
2023-06-25 23:00:00,0,-0.01169782,-0.01887597,-0.002433323,-7.625779
2023-06-26 00:00:00,0,-0.01127938,0.006604988,0.004478084,-7.627329
2023-06-26 01:00:00,0,-0.01043768,0.008150201,-0.000646504,-7.634407
2023-06-26 02:00:00,0,0.001698361,-0.01076189,0.0005816895,-7.693042
2023-06-26 03:00:00,0,0.01474976,0.00534344,0.01175507,-7.736454
2023-06-26 04:00:00,0,-0.01188691,0.004722539,0.0005557575,-7.774559
2023-06-26 05:00:00,0.01996322,-0.002715501,0.004601487,-0.0131153,-7.697995
2023-06-26 06:00:00,22.63869,27.06301,27.9531,0.00246115,48.61397
2023-06-26 07:00:00,106.0496,197.7242,200.5764,0.01262813,393.7548
2023-06-26 08:00:00,216.211,456.7563,473.8167,-0.01100513,928.4391
2023-06-26 09:00:00,568.1018,1000.946,996.3595,0.002994468,1981.368
2023-06-26 10:00:00,726.4102,1258.761,1271.598,0.00832822,2513.5
2023-06-26 11:00:00,798.0419,1346.845,1368.584,-0.004612445,2699.491
2023-06-26 12:00:00,694.512,1198.038,1180.498,-0.0052934,2345.561
2023-06-26 13:00:00,771.3497,1337.96,1366.447,-0.004521662,2671.777
2023-06-26 14:00:00,847.5315,1455.954,1444.036,-0.006724796,2876.961
2023-06-26 15:00:00,807.1845,1409.016,1418.333,-0.002830439,2788.933
2023-06-26 16:00:00,672.1903,1157.381,1171.49,0.001574874,2293.144
2023-06-26 17:00:00,449.2378,752.9917,759.6455,0.005367822,1489.245
2023-06-26 18:00:00,229.8394,334.9347,335.5819,-0.00151513,657.0436
2023-06-26 19:00:00,57.80983,70.01379,69.62655,-0.002277793,136.6978
2023-06-26 20:00:00,1.412261,1.967726,2.259353,-0.0003790577,0.150572
2023-06-26 21:00:00,0,-0.001907618,-0.01076007,0.004044944,-7.685948
2023-06-26 22:00:00,0,0.007071513,-0.007468071,0.008557367,-7.728489
2023-06-26 23:00:00,0,-0.005944864,-0.002046527,0.003709322,-7.604517
2023-06-27 00:00:00,0,-0.01567197,-0.006337786,0.008835517,-7.488101
2023-06-27 01:00:00,0,-0.01364485,0.0009172778,0.007331772,-7.634031
2023-06-27 02:00:00,0,-0.009370844,0.005991762,0.007927867,-7.80834
2023-06-27 03:00:00,0,-0.007442076,0.01097398,-0.008049919,-7.770907
2023-06-27 04:00:00,0,-0.0113469,-0.01271367,0.000792993,-7.782505
2023-06-27 05:00:00,0.003071422,-0.02223501,0.003176242,0.009642016,-7.741838
2023-06-27 06:00:00,18.24693,19.71105,20.15236,-0.001146471,34.66744
2023-06-27 07:00:00,140.5374,200.0023,216.9276,0.01213429,415.5212
2023-06-27 08:00:00,261.9372,458.3252,459.5277,-0.0005760136,906.8486
2023-06-27 09:00:00,546.8064,969.1808,988.5944,0.002420347,1919.931
2023-06-27 10:00:00,772.778,1352.512,1360.998,0.01120837,2687.107
2023-06-27 11:00:00,901.9822,1560.094,1578.789,0.01428268,3095.825
2023-06-27 12:00:00,947.7451,1571.416,1658.254,0.004452375,3190.136
2023-06-27 13:00:00,732.3032,1157.456,1181.13,-0.005556955,2297.374
2023-06-27 14:00:00,905.5626,1478.412,1466.065,-0.008057376,2908.757
2023-06-27 15:00:00,822.5271,1416.588,1394.158,-0.006205761,2744.751
2023-06-27 16:00:00,573.746,1006.14,1027.134,0.006818651,2007.771
2023-06-27 17:00:00,452.1815,679.3125,727.7211,-0.003245022,1361.154
2023-06-27 18:00:00,211.3177,324.8998,332.2725,0.0150814,649.7313
2023-06-27 19:00:00,61.15524,101.2882,102.2671,-0.001508096,200.4646
2023-06-27 20:00:00,2.574432,6.436875,6.805582,-4.866675e-05,9.596018
2023-06-27 21:00:00,0,-0.01285636,-0.005502956,-0.002785219,-7.732856
2023-06-27 22:00:00,0,-0.01073895,0.0008139482,-0.008141733,-7.715271
2023-06-27 23:00:00,0,-0.005422445,-0.01410711,-0.00209804,-7.538307
2023-06-28 00:00:00,0,-0.01523775,0.001383067,0.000838544,-7.574724
2023-06-28 01:00:00,0,0.002792271,-0.00222303,0.002478481,-7.524316
2023-06-28 02:00:00,0,-0.02155432,0.0003979162,-0.008101949,-7.44051
2023-06-28 03:00:00,0,-0.004445621,-0.00365906,0.00844996,-7.4933
2023-06-28 04:00:00,0,-0.01144664,-0.0001331126,-0.007742323,-7.467483
2023-06-28 05:00:00,0.08042514,0.00582464,-0.003648893,-0.008092043,-7.458704
2023-06-28 06:00:00,20.83821,34.36514,35.47074,0.008058161,65.86507
2023-06-28 07:00:00,135.4366,214.5004,218.8471,0.0009267869,429.9908
2023-06-28 08:00:00,259.1929,542.371,550.9495,-0.00377987,1085.281
2023-06-28 09:00:00,542.9605,966.274,979.686,0.0005739565,1927.342
2023-06-28 10:00:00,745.2609,1313.464,1331.104,-0.01717039,2613.528
2023-06-28 11:00:00,816.6644,1420.069,1327.304,0.009049643,2705.816
2023-06-28 12:00:00,943.5764,1507.88,1520.855,0.001607526,2976.74
2023-06-28 13:00:00,890.4065,1333.913,1416.635,-0.005323508,2731.938
2023-06-28 14:00:00,680.1013,1059.771,1138.938,0.01022834,2184.922
2023-06-28 15:00:00,438.5149,800.4635,761.4297,0.01190093,1527.527
2023-06-28 16:00:00,606.5327,1025.241,1095.371,0.009059786,2108.606
2023-06-28 17:00:00,418.3427,710.1225,730.2009,-0.0003451605,1425.076
2023-06-28 18:00:00,197.3882,308.8447,307.7732,-0.004225468,607.7642
2023-06-28 19:00:00,57.8563,88.91811,89.29642,0.004868498,175.3696
2023-06-28 20:00:00,1.018145,3.89894,4.12166,0.002394263,4.386716
2023-06-28 21:00:00,0,-0.01438892,-0.0004682608,0.004670445,-7.575002
2023-06-28 22:00:00,0,-0.00304279,-0.01271669,-0.003928848,-7.534242
2023-06-28 23:00:00,0,-0.01298065,-0.01605888,-0.003201162,-7.483191
2023-06-29 00:00:00,0,0.01221314,-0.004473266,0.009482724,-7.527501
2023-06-29 01:00:00,0,-0.01524157,0.01572343,0.009857402,-7.672349
2023-06-29 02:00:00,0,-0.00103116,-0.01481379,-0.002560513,-7.763524
2023-06-29 03:00:00,0,-0.01976539,-0.007973672,0.01203311,-7.692105
2023-06-29 04:00:00,0,0.0005627663,0.002844143,0.001335368,-7.685583
2023-06-29 05:00:00,0.002293189,-0.01692134,-0.003848024,0.01504212,-7.647322
2023-06-29 06:00:00,19.20947,36.22223,37.37182,0.001152659,69.47385
2023-06-29 07:00:00,127.0442,205.3706,209.7978,-0.0111009,411.7674
2023-06-29 08:00:00,261.3753,518.9362,527.5422,-0.0123912,1038.599
2023-06-29 09:00:00,506.9146,904.352,918.4587,-0.002808389,1805.75
2023-06-29 10:00:00,702.0243,1244.782,1265.298,0.004944146,2481.803
2023-06-29 11:00:00,849.2966,1493.811,1516.454,-0.002077647,2970.453
2023-06-29 12:00:00,900.8782,1575.085,1615.909,0.009388455,3147.862
2023-06-29 13:00:00,918.1527,1549.444,1548.205,0.0149698,3057.235
2023-06-29 14:00:00,905.988,1525.672,1489.639,-0.008960413,2966.184
2023-06-29 15:00:00,792.118,1356.048,1352.121,-0.01400388,2661.246
2023-06-29 16:00:00,569.8632,985.8284,985.4158,-0.00727278,1940.785
2023-06-29 17:00:00,341.7637,598.6793,554.988,-0.00144454,1132.13
2023-06-29 18:00:00,195.2556,319.9811,322.7464,0.009732287,635.714
2023-06-29 19:00:00,55.85381,96.25983,97.62955,-0.006985333,190.7568
2023-06-29 20:00:00,0.5109438,3.154935,3.374769,-0.0005297425,2.441324
2023-06-29 21:00:00,0,0.01141124,-0.000898657,-0.001280768,-7.642027
2023-06-29 22:00:00,0,-0.004076556,-0.003635426,0.005008658,-7.767979
2023-06-29 23:00:00,0,-0.001409205,-0.01581711,-0.004249116,-7.668948
2023-06-30 00:00:00,0,0.0005164196,-0.005850616,0.007740043,-7.456347
2023-06-30 01:00:00,0,0.0121518,0.01537926,-0.002657269,-7.541052
2023-06-30 02:00:00,0,-0.01016802,0.0006490955,0.003280619,-7.563271
2023-06-30 03:00:00,0,0.001201955,0.008200683,-0.00797298,-7.611555
2023-06-30 04:00:00,0,-0.02521373,0.005198653,0.00224708,-7.65487
2023-06-30 05:00:00,0.144549,-0.01084126,-0.006900407,-0.003193598,-7.614429
2023-06-30 06:00:00,22.67929,38.09539,39.02599,0.0006672267,73.1161
2023-06-30 07:00:00,123.172,234.232,240.9368,-0.006278538,471.1967
2023-06-30 08:00:00,260.5497,502.301,511.1278,0.002291318,1005.126
2023-06-30 09:00:00,492.2157,871.8273,881.7479,0.009219781,1735.847
2023-06-30 10:00:00,723.774,1226.996,1246.473,-0.002940618,2441.179
2023-06-30 11:00:00,765.9866,1307.864,1267.962,3.762e-06,2537.039
2023-06-30 12:00:00,474.4681,846.1696,851.5823,0.001546731,1677.213
2023-06-30 13:00:00,518.6517,916.0087,926.4293,0.01148584,1821.536
2023-06-30 14:00:00,638.8427,1114.983,1127.001,0.007791578,2209.765
2023-06-30 15:00:00,812.8806,1356.76,1374.136,0.0003255431,2685.439
2023-06-30 16:00:00,597.4536,1013.9,1049.095,-0.01024153,2044.552
2023-06-30 17:00:00,408.2451,684.5732,690.7255,-0.008449341,1356.83
2023-06-30 18:00:00,209.4306,336.0415,340.0427,0.002138232,668.8902
2023-06-30 19:00:00,49.06541,84.17133,85.53355,0.001132153,166.5835
2023-06-30 20:00:00,2.675701,7.847379,7.877501,0.0008234985,11.93689
2023-06-30 21:00:00,0,-0.01057961,-0.0005369065,-0.006034984,-7.621242
2023-06-30 22:00:00,0,-0.009010692,-0.0148831,-0.007767695,-7.687566
2023-06-30 23:00:00,0,-0.001245272,-0.002185698,0.01401307,-7.715064
