Princeton,Unnamed: 1,Unnamed: 2,Unnamed: 3,Unnamed: 4,Unnamed: 5
,,,,,
Timestamp,POA,"Eaton Power Expert 1670 1, Real power","Eaton Power Expert 1670 2, Real power","Eaton Power Expert 1670 3, Real power",Production meter active power
,W/mÂ²,kW,kW,kW,kW
2023-06-01 00:00:00,0,0,0,0,-11.59089
2023-06-01 01:00:00,0,0,0,0,-11.63483
2023-06-01 02:00:00,0.02222222,0,0,0,-11.72563
2023-06-01 03:00:00,0,0,0,0,-11.73394
2023-06-01 04:00:00,0,0,0,0,-11.87952
2023-06-01 05:00:00,0.10275,0,0,0,-11.94449
2023-06-01 06:00:00,16.1639,14.21669,13.91891,14.7008,35.849
2023-06-01 07:00:00,89.49783,135.252,146.4812,145.8564,417.4864
2023-06-01 08:00:00,263.2761,432.8221,456.7453,484.5811,1371.229
2023-06-01 09:00:00,300.3446,491.5097,527.22,563.5912,1578.49
2023-06-01 10:00:00,398.834,604.0174,665.9479,716.7601,1982.333
2023-06-01 11:00:00,382.1045,591.9033,639.9099,669.0684,1900.949
2023-06-01 12:00:00,339.6543,554.9259,605.553,610.5548,1767.536
2023-06-01 13:00:00,552.4188,789.7706,816.5082,855.3394,2456.005
2023-06-01 14:00:00,696.6661,930.4486,1023.189,1145.327,3084.562
2023-06-01 15:00:00,745.1454,1095.106,1232.828,1241.151,3550.659
2023-06-01 16:00:00,413.5989,653.7558,718.2891,742.4645,2114.989
2023-06-01 17:00:00,352.8739,537.3749,586.8779,626.6381,1744.11
2023-06-01 18:00:00,167.6014,243.5457,268.2222,268.8057,774.5016
2023-06-01 19:00:00,64.82101,61.72453,68.10255,66.86498,183.8719
2023-06-01 20:00:00,8.235067,0.2452051,0.5744597,0.1160346,-11.14911
2023-06-01 21:00:00,0,0,0,0,-13.10454
2023-06-01 22:00:00,0,0,0,0,-13.08729
2023-06-01 23:00:00,0,0,0,0,-13.08533
2023-06-02 00:00:00,0,0,0,0,-13.22363
2023-06-02 01:00:00,0,0,0,0,-13.15779
2023-06-02 02:00:00,0,0,0,0,-11.65996
2023-06-02 03:00:00,0,0,0,0,-11.65916
2023-06-02 04:00:00,0,0,0,0,-11.79294
2023-06-02 05:00:00,0.07565278,0,0,0,-11.97862
2023-06-02 06:00:00,18.95626,15.006,16.77218,20.14518,44.90812
2023-06-02 07:00:00,92.85125,134.1214,152.3794,142.0715,419.9755
2023-06-02 08:00:00,264.5619,408.892,453.9849,489.1971,1348.193
2023-06-02 09:00:00,415.7158,683.4193,746.3283,732.7598,2160.674
2023-06-02 10:00:00,537.6689,801.0704,889.5799,905.9089,2594.902
2023-06-02 11:00:00,601.8735,983.7027,1075.717,1106.495,3155.348
2023-06-02 12:00:00,738.4953,1106.218,1290.985,1389.792,3760.6
2023-06-02 13:00:00,836.2952,1201.164,1349.877,1388.348,3918.831
2023-06-02 14:00:00,644.5969,944.3231,1043.042,1077.779,3052.699
2023-06-02 15:00:00,509.9342,768.1112,795.413,789.9517,2331.681
2023-06-02 16:00:00,383.6411,615.2649,653.5934,687.3885,1954.196
2023-06-02 17:00:00,333.2519,479.3613,507.3885,503.5658,1482.357
2023-06-02 18:00:00,163.1373,222.6696,259.7094,246.3931,728.3126
2023-06-02 19:00:00,53.41304,29.14836,38.61615,32.44647,103.2592
2023-06-02 20:00:00,6.549031,0,0,0,-11.43655
2023-06-02 21:00:00,0,0,0,0,-11.62938
2023-06-02 22:00:00,0,0,0,0,-11.64302
2023-06-02 23:00:00,0,0,0,0,-11.51292
2023-06-03 00:00:00,0,0,0,0,-11.69087
2023-06-03 01:00:00,0,0,0,0,-11.56141
2023-06-03 02:00:00,0,0,0,0,-11.57687
2023-06-03 03:00:00,0,0,0,0,-11.73554
2023-06-03 04:00:00,0,0,0,0,-11.74755
2023-06-03 05:00:00,0.03475,0,0,0,-11.86679
2023-06-03 06:00:00,18.06792,17.70858,14.64065,21.27212,54.68276
2023-06-03 07:00:00,115.5955,137.0506,149.1446,37.88417,313.4164
2023-06-03 08:00:00,292.9042,440.3019,487.9091,0,917.3699
2023-06-03 09:00:00,524.8177,833.5538,879.518,0,1703.843
2023-06-03 10:00:00,721.4299,1132.907,1205.015,0,2316.084
2023-06-03 11:00:00,861.5638,1339.851,1423.74,0,2731.055
2023-06-03 12:00:00,943.7758,1444.472,1532.103,0,2945.044
2023-06-03 13:00:00,957.0375,1445.666,1546.16,0,2960.341
2023-06-03 14:00:00,894.4708,1354.083,1454.118,0,2775.004
2023-06-03 15:00:00,771.6455,1181.065,1270.564,124.1581,2550.569
2023-06-03 16:00:00,601.8844,926.7355,997.4392,948.0411,2857.329
2023-06-03 17:00:00,391.74,591.2495,633.9155,606.7589,1822.473
2023-06-03 18:00:00,185.1149,243.3884,259.749,250.1333,748.1275
2023-06-03 19:00:00,59.00041,49.78344,43.21448,48.8394,132.076
2023-06-03 20:00:00,7.3845,1.709141,0.113952,0.5357665,-7.846463
2023-06-03 21:00:00,0,0,0,0,-11.70487
2023-06-03 22:00:00,0,0,0,0,-11.65525
2023-06-03 23:00:00,0.02223611,0,0,0,-11.61268
2023-06-04 00:00:00,0,0,0,0,-11.72947
2023-06-04 01:00:00,0,0,0,0,-11.88002
2023-06-04 02:00:00,0,0,0,0,-11.89106
2023-06-04 03:00:00,0,0,0,0,-11.91829
2023-06-04 04:00:00,0,0,0,0,-12.00223
2023-06-04 05:00:00,0.01133333,0,0,0,-12.0013
2023-06-04 06:00:00,2.577522,0.638889,0,0,-11.39157
2023-06-04 07:00:00,25.29207,22.16837,28.48626,27.52666,73.19754
2023-06-04 08:00:00,78.48996,93.17339,117.3212,118.3171,313.1411
2023-06-04 09:00:00,111.5832,166.7328,174.5879,176.2461,514.2544
2023-06-04 10:00:00,119.3935,187.9134,208.8484,202.9616,590.4177
2023-06-04 11:00:00,240.7296,359.9557,389.1776,373.9894,1115.669
2023-06-04 12:00:00,470.0194,732.3768,782.2894,300.9722,1806.652
2023-06-04 13:00:00,685.229,1176.471,1208.267,0,2366.913
2023-06-04 14:00:00,703.9827,1094.043,1169.979,0,2243.467
2023-06-04 15:00:00,578.7062,904.1011,964.8935,0,1855.287
2023-06-04 16:00:00,396.7019,632.9889,674.8096,0,1300.075
2023-06-04 17:00:00,307.6627,469.3139,512.9075,0,970.8718
2023-06-04 18:00:00,150.6193,220.5735,234.3179,0,445.0371
2023-06-04 19:00:00,59.2791,49.86554,54.72677,0,94.96162
2023-06-04 20:00:00,7.801441,0.6261777,1.391123,0,-8.524842
2023-06-04 21:00:00,0,0,0,0,-11.67857
2023-06-04 22:00:00,0,0,0,0,-11.73604
2023-06-04 23:00:00,0,0,0,0,-11.6909
2023-06-05 00:00:00,0,0,0,0,-11.67682
2023-06-05 01:00:00,0,0,0,0,-11.75821
2023-06-05 02:00:00,0,0,0,0,-11.92327
2023-06-05 03:00:00,0,0,0,0,-12.3342
2023-06-05 04:00:00,0,0,0,0,-12.33283
2023-06-05 05:00:00,0.02468844,0,0,0,-12.3223
2023-06-05 06:00:00,17.69248,16.25108,19.06798,0,24.10339
2023-06-05 07:00:00,127.3671,134.4885,166.0317,0,297.2302
2023-06-05 08:00:00,308.7641,461.2319,509.9979,0,962.2717
2023-06-05 09:00:00,532.9005,854.4338,890.7683,0,1736.874
2023-06-05 10:00:00,731.255,1165.693,1239.642,,2386.104
2023-06-05 11:00:00,749.7247,1154.146,1236.012,,2328.815
2023-06-05 12:00:00,946.9272,1466.736,1543.481,,2980.36
2023-06-05 13:00:00,978.4762,1468.462,1555.469,,2996.217
2023-06-05 14:00:00,921.2423,1395.567,1481.819,,2846.44
2023-06-05 15:00:00,796.0787,1217.72,1303.553,,2495.445
2023-06-05 16:00:00,602.151,946.2687,1004.746,,1940.17
2023-06-05 17:00:00,385.4463,585.5873,629.5919,,1208.715
2023-06-05 18:00:00,169.6886,228.6987,251.1322,,472.805
2023-06-05 19:00:00,56.91696,47.48917,40.93236,,85.82973
2023-06-05 20:00:00,5.889138,0.5555555,0,,-8.267637
2023-06-05 21:00:00,0,0,0,,-8.78216
2023-06-05 22:00:00,0,0,0,,-8.77164
2023-06-05 23:00:00,0,0,0,,-8.689316
2023-06-06 00:00:00,0,0,0,,-8.672717
2023-06-06 01:00:00,0,0,0,,-8.774426
2023-06-06 02:00:00,0,0,0,,-9.053298
2023-06-06 03:00:00,0,0,0,,-9.065498
2023-06-06 04:00:00,0,0,0,,-9.061442
2023-06-06 05:00:00,0.01658333,0,0,,-9.051291
2023-06-06 06:00:00,18.73917,21.15739,19.07551,,35.19777
2023-06-06 07:00:00,74.73637,104.6518,114.8648,,219.5629
2023-06-06 08:00:00,247.1158,373.6412,407.6645,,773.5676
2023-06-06 09:00:00,441.9488,691.074,742.7036,,1425.735
2023-06-06 10:00:00,506.9515,776.0887,808.0496,,1587.314
2023-06-06 11:00:00,536.6968,941.4208,938.0896,,1865.766
2023-06-06 12:00:00,738.1798,1123.593,1278.072,,2381.974
2023-06-06 13:00:00,657.9724,948.0269,1037.129,,2000.21
2023-06-06 14:00:00,721.9278,1003.099,1071.408,833.7872,2271.737
2023-06-06 15:00:00,595.3778,861.6258,977.3478,914.6721,2736.988
2023-06-06 16:00:00,519.3329,770.9277,794.8582,752.9409,2314.377
2023-06-06 17:00:00,373.4234,560.1461,602.7296,541.4679,1700.582
2023-06-06 18:00:00,176.1443,235.0104,262.8453,240.9795,733.9252
2023-06-06 19:00:00,56.87159,52.64567,56.95768,54.15356,163.21
2023-06-06 20:00:00,5.095474,0.6444445,0,0,-10.32746
2023-06-06 21:00:00,0,0,0,0,-9.992119
2023-06-06 22:00:00,0,0,0,0,-9.972087
2023-06-06 23:00:00,0,0,0,0,-10.0042
2023-06-07 00:00:00,0,0,0,0,-10.1399
2023-06-07 01:00:00,0,0,0,0,-10.32669
2023-06-07 02:00:00,0,0,0,0,-10.47741
2023-06-07 03:00:00,0,0,0,0,-10.51165
2023-06-07 04:00:00,0,0,0,0,-10.59422
2023-06-07 05:00:00,0.03304167,0,0,0,-10.69049
2023-06-07 06:00:00,22.39525,29.84156,35.35015,22.63405,81.21301
2023-06-07 07:00:00,105.6016,158.761,174.8768,159.7207,492.7024
2023-06-07 08:00:00,231.6006,368.6632,387.4593,377.9818,1124.816
2023-06-07 09:00:00,370.6375,573.111,609.4453,582.0602,1762.808
2023-06-07 10:00:00,252.6186,397.1609,426.6682,403.7377,1220.269
2023-06-07 11:00:00,427.767,673.9108,705.6795,666.5497,2038.131
2023-06-07 12:00:00,251.5345,387.0472,412.0204,383.6236,1179.189
2023-06-07 13:00:00,320.5815,495.1134,527.5683,491.5392,1513.083
2023-06-07 14:00:00,280.2421,421.9705,450.6326,420.0058,1289.539
2023-06-07 15:00:00,264.0901,413.0899,445.1789,421.0359,1275.875
2023-06-07 16:00:00,130.1368,182.4655,191.7234,173.9429,544.042
2023-06-07 17:00:00,44.86652,53.50819,51.59166,40.40145,143.7489
2023-06-07 18:00:00,37.09113,34.6455,37.54231,28.44841,94.52494
2023-06-07 19:00:00,11.98355,0.6333333,0.2777778,2.319861,-4.464462
2023-06-07 20:00:00,2.753347,0,0,0,-9.95449
2023-06-07 21:00:00,0,0,0,0,-9.972348
2023-06-07 22:00:00,0,0,0,0,-10.07354
2023-06-07 23:00:00,0,0,0,0,-10.11171
2023-06-08 00:00:00,0,0,0,0,-10.28369
2023-06-08 01:00:00,0,0,0,0,-10.34571
2023-06-08 02:00:00,0,0,0,0,-10.29244
2023-06-08 03:00:00,0,0,0,0,-10.31356
2023-06-08 04:00:00,0,0,0,0,-10.45216
2023-06-08 05:00:00,0.01061111,0,0,0,-10.53771
2023-06-08 06:00:00,14.23318,11.83457,17.52497,15.1088,36.42485
2023-06-08 07:00:00,107.483,165.18,180.7677,169.7338,506.9734
2023-06-08 08:00:00,158.476,250.6784,275.398,255.5992,781.5111
2023-06-08 09:00:00,228.3304,345.7376,362.1552,330.2866,1042.87
2023-06-08 10:00:00,533.5988,635.7466,704.7751,658.9556,2002.051
2023-06-08 11:00:00,688.1384,550.298,383.1067,606.6951,1535.145
2023-06-08 12:00:00,876.2368,1259.626,1400.162,1376.66,4005.66
2023-06-08 13:00:00,896.4903,1380.927,1466.695,1410.217,4212.23
2023-06-08 14:00:00,906.7379,1340.088,1466.625,1388.343,4159.26
2023-06-08 15:00:00,667.8787,1035.615,1140.503,1083.333,3235.072
2023-06-08 16:00:00,577.6249,898.2912,947.7057,875.4437,2710.375
2023-06-08 17:00:00,341.5013,497.4048,548.6982,522.2012,1559.034
2023-06-08 18:00:00,150.2584,209.3441,226.4679,201.6129,632.3699
2023-06-08 19:00:00,51.45022,29.77107,46.86318,36.71359,102.5615
2023-06-08 20:00:00,4.66568,0,0,0,-12.48114
2023-06-08 21:00:00,0,0,0,0,-11.80561
2023-06-08 22:00:00,0,0,0,0,-11.79719
2023-06-08 23:00:00,0,0,0,0,-11.74774
2023-06-09 00:00:00,0,0,0,0,-11.80181
2023-06-09 01:00:00,0,0,0,0,-11.98797
2023-06-09 02:00:00,0,0,0,0,-12.16342
2023-06-09 03:00:00,0,0,0,0,-12.24465
2023-06-09 04:00:00,0,0,0,0,-12.25
2023-06-09 05:00:00,0.01770833,0,0,0,-12.18367
2023-06-09 06:00:00,20.50032,24.13138,22.11832,22.41617,62.10935
2023-06-09 07:00:00,114.6612,150.9486,171.0788,162.1648,475.6212
2023-06-09 08:00:00,276.3785,426.7573,468.3867,452.9955,1344.355
2023-06-09 09:00:00,494.669,787.3584,830.3582,804.5039,2421.554
2023-06-09 10:00:00,677.9417,1066.35,1117.752,1078.066,3246.988
2023-06-09 11:00:00,839.4459,1081.945,1151.773,1096.416,3108.358
2023-06-09 12:00:00,940.5297,1425.749,1509.969,1432.921,4320.597
2023-06-09 13:00:00,975.5274,1469.174,1556.441,1479.322,4456.664
2023-06-09 14:00:00,904.2984,1365.27,1450.72,1370.553,4141.167
2023-06-09 15:00:00,769.0368,1149.532,1256.2,1186.782,3561.942
2023-06-09 16:00:00,599.1461,906.0174,990.7527,916.1751,2797.084
2023-06-09 17:00:00,391.1141,608.2988,642.8401,603.7433,1844.195
2023-06-09 18:00:00,183.7016,251.3705,274.6505,254.8295,770.2051
2023-06-09 19:00:00,61.67367,41.84422,43.44589,50.28561,133.7995
2023-06-09 20:00:00,7.197075,0,0.9882333,0,-11.0169
2023-06-09 21:00:00,0,0,0,0,-12.07087
2023-06-09 22:00:00,0,0,0,0,-11.89705
2023-06-09 23:00:00,0,0,0,0,-11.95348
2023-06-10 00:00:00,0,0,0,0,-12.04097
2023-06-10 01:00:00,0,0,0,0,-12.25837
2023-06-10 02:00:00,0,0,0,0,-12.17252
2023-06-10 03:00:00,0,0,0,0,-12.29574
2023-06-10 04:00:00,0,0,0,0,-12.49752
2023-06-10 05:00:00,0.0245,0,0,0,-12.49379
2023-06-10 06:00:00,19.12635,18.23584,14.30786,18.48266,47.4692
2023-06-10 07:00:00,121.3145,148.5337,163.2755,155.2337,458.0675
2023-06-10 08:00:00,289.4598,428.5198,470.3932,455.4698,1351.278
2023-06-10 09:00:00,497.6622,789.0522,835.6064,809.4632,2431.076
2023-06-10 10:00:00,687.2128,1078.621,1143.71,1086.701,3290.474
2023-06-10 11:00:00,842.6835,1276.999,1359.797,1291.445,3888.868
2023-06-10 12:00:00,935.368,1397.068,1480.823,1405.418,4235.372
2023-06-10 13:00:00,873.6298,1318.651,1391.528,1356.977,4023.854
2023-06-10 14:00:00,897.9929,1346.496,1435.46,1356.235,4090.053
2023-06-10 15:00:00,642.5075,1028.519,1012.41,894.9384,2927.471
2023-06-10 16:00:00,529.2557,808.8975,840.9639,776.4584,2414.344
2023-06-10 17:00:00,269.1678,412.7664,447.7529,412.8199,1265.159
2023-06-10 18:00:00,171.1839,227.2353,249.8469,234.6564,706.1264
2023-06-10 19:00:00,57.4481,46.71119,49.89903,52.93802,154.414
2023-06-10 20:00:00,7.825546,0,0.3175048,0,-8.826787
2023-06-10 21:00:00,0.02088847,0,0,0,-12.11486
2023-06-10 22:00:00,0,0,0,0,-12.12288
2023-06-10 23:00:00,0,0,0,0,-12.10079
2023-06-11 00:00:00,0,0,0,0,-12.00115
2023-06-11 01:00:00,0,0,0,0,-12.0245
2023-06-11 02:00:00,0,0,0,0,-12.06828
2023-06-11 03:00:00,0,0,0,0,-12.22698
2023-06-11 04:00:00,0,0,0,0,-12.1755
2023-06-11 05:00:00,0.02746718,0,0,0,-12.19894
2023-06-11 06:00:00,19.1582,17.2541,19.53724,16.67144,43.36248
2023-06-11 07:00:00,116.1352,138.6419,158.6434,149.6814,450.5281
2023-06-11 08:00:00,283.1068,412.7273,455.287,443.2158,1310.658
2023-06-11 09:00:00,488.7511,767.2426,810.8626,788.1175,2360.62
2023-06-11 10:00:00,681.3273,1061.181,1127.562,1073.694,3241.679
2023-06-11 11:00:00,838.9836,1272.732,1355.507,1285.652,3870.878
2023-06-11 12:00:00,815.4767,1159.32,1253.176,1214.893,3590.732
2023-06-11 13:00:00,855.1899,1263.009,1304.766,1208.936,3745.592
2023-06-11 14:00:00,715.824,1014.354,1140.225,1118.526,3239.792
2023-06-11 15:00:00,504.2585,791.914,829.2476,786.3575,2394.715
2023-06-11 16:00:00,540.5189,811.4573,876.0285,832.1572,2511.288
2023-06-11 17:00:00,299.1877,450.1076,478.35,424.7763,1346.038
2023-06-11 18:00:00,97.07197,126.209,139.4492,126.8882,383.264
2023-06-11 19:00:00,37.10141,29.06971,25.69409,22.9374,78.46741
2023-06-11 20:00:00,1.979339,0,0,0,-12.09451
2023-06-11 21:00:00,0,0,0,0,-12.06895
2023-06-11 22:00:00,0,0,0,0,-12.17835
2023-06-11 23:00:00,0,0,0,0,-12.00398
2023-06-12 00:00:00,0,0,0,0,-11.93594
2023-06-12 01:00:00,0,0,0,0,-11.96389
2023-06-12 02:00:00,0,0,0,0,-11.95831
2023-06-12 03:00:00,0,0,0,0,-11.95401
2023-06-12 04:00:00,0,0,0,0,-11.95329
2023-06-12 05:00:00,0.003458333,0,0,0,-11.91954
2023-06-12 06:00:00,5.010119,1.221861,2.773942,5.126587,-0.2845825
2023-06-12 07:00:00,28.66063,25.04737,19.51267,21.38809,54.50006
2023-06-12 08:00:00,135.5876,237.9173,251.5094,238.0194,722.3459
2023-06-12 09:00:00,216.9744,350.0938,371.5881,350.9721,1066.823
2023-06-12 10:00:00,292.3576,485.7851,520.1688,497.0552,1496.913
2023-06-12 11:00:00,508.678,795.8157,830.588,732.9285,2353.327
2023-06-12 12:00:00,590.7806,835.4543,862.421,877.2778,2561.731
2023-06-12 13:00:00,823.2621,1010.915,1142.982,1131.971,3254.005
2023-06-12 14:00:00,631.5316,790.8818,883.3452,874.3492,2542.567
2023-06-12 15:00:00,730.5617,1020.961,1138.306,1083.295,3218.734
2023-06-12 16:00:00,342.9248,471.5927,526.0558,522.9472,1512.458
2023-06-12 17:00:00,326.9156,466.1862,459.7534,447.6984,1365.574
2023-06-12 18:00:00,115.2194,150.3059,166.5369,161.2552,478.0112
2023-06-12 19:00:00,53.55707,32.91227,34.76345,42.95923,104.2011
2023-06-12 20:00:00,4.826734,0,0,0,-12.52944
2023-06-12 21:00:00,0,0,0,0,-12.67778
2023-06-12 22:00:00,0,0,0,0,-12.70938
2023-06-12 23:00:00,0,0,0,0,-12.41971
2023-06-13 00:00:00,0,0,0,0,-12.33591
2023-06-13 01:00:00,0,0,0,0,-12.47842
2023-06-13 02:00:00,0,0,0,0,-12.3964
2023-06-13 03:00:00,0,0,0,0,-12.43606
2023-06-13 04:00:00,0,0,0,0,-12.42356
2023-06-13 05:00:00,0.05840278,0,0,0,-12.37747
2023-06-13 06:00:00,28.79083,37.57334,35.65494,35.46473,102.2164
2023-06-13 07:00:00,115.3816,152.3045,172.6728,161.0331,484.8432
2023-06-13 08:00:00,277.9901,417.3915,464.5232,454.149,1327.15
2023-06-13 09:00:00,398.0785,632.6264,655.1241,625.1353,1912.215
2023-06-13 10:00:00,517.0497,835.204,878.8469,859.8213,2559.674
2023-06-13 11:00:00,700.0196,1076.275,1208.82,1192.701,3456.105
2023-06-13 12:00:00,883.0641,1328.308,1394.32,1325.824,4007.756
2023-06-13 13:00:00,842.2493,1282.014,1371.076,1305.427,3941.186
2023-06-13 14:00:00,804.0276,1264.461,1256.629,1143.822,3589.526
2023-06-13 15:00:00,412.3782,668.289,606.8765,588.915,1716.923
2023-06-13 16:00:00,380.4378,595.5984,677.316,615.7066,1865.32
2023-06-13 17:00:00,199.3761,300.5022,327.5313,320.437,940.3557
2023-06-13 18:00:00,128.178,183.1665,199.187,184.9579,556.8375
2023-06-13 19:00:00,79.13348,88.55969,97.90517,92.6843,267.3542
2023-06-13 20:00:00,9.218248,0.935821,1.124199,0.1701493,-9.765506
2023-06-13 21:00:00,0.009,0,0,0,-12.70196
2023-06-13 22:00:00,0,0,0,0,-12.71951
2023-06-13 23:00:00,0,0,0,0,-12.66118
2023-06-14 00:00:00,0,0,0,0,-12.50935
2023-06-14 01:00:00,0,0,0,0,-12.39549
2023-06-14 02:00:00,0,0,0,0,-12.36766
2023-06-14 03:00:00,0,0,0,0,-12.5077
2023-06-14 04:00:00,0,0,0,0,-12.61585
2023-06-14 05:00:00,0.001279188,0,0,0,-12.65268
2023-06-14 06:00:00,15.3665,10.16515,14.66509,12.25115,26.52083
2023-06-14 07:00:00,117.4077,116.5549,138.077,128.1938,372.7127
2023-06-14 08:00:00,286.7592,426.4157,476.5983,460.8028,1357.061
2023-06-14 09:00:00,509.3484,813.5498,862.2396,835.8986,2504.211
2023-06-14 10:00:00,714.2018,1133.843,1209.724,1150.22,3464.689
2023-06-14 11:00:00,859.6794,1338.879,1424.259,1353.592,4071.879
2023-06-14 12:00:00,919.9498,1428.73,1515.015,1420.896,4324.902
2023-06-14 13:00:00,1008.5,1508.334,1596.474,1526.847,4590.701
2023-06-14 14:00:00,600.182,849.0944,922.9902,873.9666,2644.509
2023-06-14 15:00:00,457.7455,657.4187,703.7422,652.2396,2003.897
2023-06-14 16:00:00,499.3129,702.5723,774.6716,742.4306,2204.471
2023-06-14 17:00:00,366.1259,539.2099,594.3958,582.2917,1714.085
2023-06-14 18:00:00,170.2408,216.6312,242.8687,214.8519,672.6289
2023-06-14 19:00:00,59.91381,50.73627,65.72427,56.16,167.0944
2023-06-14 20:00:00,7.1597,0.6652778,2.495778,2.201722,-5.974513
2023-06-14 21:00:00,0.02777778,0,0,0,-12.61384
2023-06-14 22:00:00,0,0,0,0,-12.60834
2023-06-14 23:00:00,0,0,0,0,-12.66821
2023-06-15 00:00:00,0,0,0,0,-12.4833
2023-06-15 01:00:00,0.003333332,0,0,0,-12.55126
2023-06-15 02:00:00,0.01888889,0,0,0,-12.52983
2023-06-15 03:00:00,0,0,0,0,-12.55005
2023-06-15 04:00:00,0,0,0,0,-12.54797
2023-06-15 05:00:00,0.02008333,0,0,0,-12.42642
2023-06-15 06:00:00,26.82488,16.38627,33.65747,26.85467,65.08883
2023-06-15 07:00:00,117.7742,153.8795,179.2872,170.3904,494.2389
2023-06-15 08:00:00,286.7546,402.5295,458.592,444.0281,1298.928
2023-06-15 09:00:00,458.8108,718.9031,817.7007,803.2623,2335.37
2023-06-15 10:00:00,639.3286,938.3159,971.3521,953.7953,2845.442
2023-06-15 11:00:00,601.98,904.7556,988.4857,929.8598,2807.066
2023-06-15 12:00:00,660.6993,991.0248,1074.746,1034.218,3079.103
2023-06-15 13:00:00,727.0171,1101.644,1155.394,1082.674,3321.026
2023-06-15 14:00:00,484.4907,797.2379,891.3308,844.4925,2521.066
2023-06-15 15:00:00,391.757,675.0812,741.3473,697.0474,2105.095
2023-06-15 16:00:00,464.1162,700.7783,710.2338,664.1467,2073.758
2023-06-15 17:00:00,251.6236,367.4366,395.8166,363.9073,1119.691
2023-06-15 18:00:00,206.6624,297.257,321.2067,298.1512,908.2828
2023-06-15 19:00:00,88.73166,80.62762,113.7047,101.1666,282.8656
2023-06-15 20:00:00,9.159957,1.220074,2.643565,2.402286,-6.92967
2023-06-15 21:00:00,0,0,0,0,-12.5062
2023-06-15 22:00:00,0,0,0,0,-12.5345
2023-06-15 23:00:00,0,0,0,0,-12.48942
2023-06-16 00:00:00,0,0,0,0,-12.4474
2023-06-16 01:00:00,0,0,0,0,-12.53195
2023-06-16 02:00:00,0,0,0,0,-12.50696
2023-06-16 03:00:00,0,0,0,0,-12.50043
2023-06-16 04:00:00,0,0,0,0,-12.49089
2023-06-16 05:00:00,0.01966666,0,0,0,-12.41883
2023-06-16 06:00:00,23.83479,16.16341,14.39006,22.60504,54.5167
2023-06-16 07:00:00,101.9858,112.8473,138.12,135.3947,391.7312
2023-06-16 08:00:00,278.0129,400.0804,447.4732,430.5048,1269.584
2023-06-16 09:00:00,479.8013,747.6402,793.212,766.7255,2300.426
2023-06-16 10:00:00,668.7348,902.7746,1007.291,972.0457,2867.552
2023-06-16 11:00:00,762.7331,1136.458,1261.653,1097.345,3467.812
2023-06-16 12:00:00,709.7465,1219.268,1307.708,1251.068,3744.026
2023-06-16 13:00:00,789.2033,1213.21,1283.42,1175.227,3651.744
2023-06-16 14:00:00,775.0269,1224.113,1256.834,1209.135,3651.292
2023-06-16 15:00:00,536.7913,847.4454,908.0601,881.5209,2616.499
2023-06-16 16:00:00,581.3652,885.9357,959.0074,898.6367,2728.957
2023-06-16 17:00:00,369.5883,543.0423,578.4207,536.6864,1656.941
2023-06-16 18:00:00,128.4657,161.8936,183.0772,175.5585,516.3607
2023-06-16 19:00:00,62.77316,65.63242,71.42858,73.17661,197.6358
2023-06-16 20:00:00,7.918111,0,1.288396,1.15351,-9.336017
2023-06-16 21:00:00,0.02411111,0,0,0,-12.46405
2023-06-16 22:00:00,0,0,0,0,-12.4791
2023-06-16 23:00:00,0,0,0,0,-12.5926
2023-06-17 00:00:00,0,0,0,0,-12.45846
2023-06-17 01:00:00,0,0,0,0,-12.44905
2023-06-17 02:00:00,0,0,0,0,-12.49471
2023-06-17 03:00:00,0,0,0,0,-12.44091
2023-06-17 04:00:00,0,0,0,0,-12.49837
2023-06-17 05:00:00,0.03208333,0,0,0,-12.5105
2023-06-17 06:00:00,19.75364,16.39279,19.61081,21.53877,42.14917
2023-06-17 07:00:00,108.4893,121.4801,147.3799,140.9556,403.873
2023-06-17 08:00:00,283.5287,415.209,460.0971,445.5774,1319.739
2023-06-17 09:00:00,493.5549,786.5441,835.2834,806.3262,2420.4
2023-06-17 10:00:00,685.0386,1087.005,1156.028,1095.715,3316.476
2023-06-17 11:00:00,802.0939,1198.1,1284.546,1271.475,3714.278
2023-06-17 12:00:00,940.687,1415.411,1499.408,1429.474,4296.365
2023-06-17 13:00:00,874.0114,1401.479,1439.78,1350.905,4156.049
2023-06-17 14:00:00,828.4716,1255.42,1272.856,1262.491,3754.252
2023-06-17 15:00:00,769.7938,1151.289,1246.351,1186.979,3551.988
2023-06-17 16:00:00,577.9178,817.9174,890.9181,829.4136,2522.363
2023-06-17 17:00:00,291.157,451.0241,498.8672,483.5004,1420.846
2023-06-17 18:00:00,175.1643,238.6322,259.777,238.7581,731.0416
2023-06-17 19:00:00,62.07743,49.04816,60.91312,59.43499,169.8993
2023-06-17 20:00:00,8.182862,0.225835,1.95631,0.254295,-7.310882
2023-06-17 21:00:00,0,0,0,0,-12.68499
2023-06-17 22:00:00,0,0,0,0,-12.51978
2023-06-17 23:00:00,0,0,0,0,-12.36233
2023-06-18 00:00:00,0,0,0,0,-12.48336
2023-06-18 01:00:00,0,0,0,0,-12.49164
2023-06-18 02:00:00,0,0,0,0,-12.49909
2023-06-18 03:00:00,0,0,0,0,-12.51935
2023-06-18 04:00:00,0,0,0,0,-12.55109
2023-06-18 05:00:00,0.000482412,0,0,0,-12.5333
2023-06-18 06:00:00,18.78896,15.31411,17.49134,17.86936,41.90958
2023-06-18 07:00:00,115.4016,141.3414,148.3698,146.5508,435.8655
2023-06-18 08:00:00,277.695,409.8148,452.1901,435.3913,1291.005
2023-06-18 09:00:00,482.0998,753.582,799.3874,773.8271,2318.573
2023-06-18 10:00:00,677.7363,1049.936,1118.472,1061.565,3210.687
2023-06-18 11:00:00,831.4229,1256.328,1334.31,1263.157,3815.998
2023-06-18 12:00:00,936.6151,1381.862,1460.248,1381.001,4175.085
2023-06-18 13:00:00,955.5513,1397.375,1480.577,1404.313,4232.259
2023-06-18 14:00:00,839.5877,1272.294,1360.5,1296.13,3884.018
2023-06-18 15:00:00,769.1235,1148.905,1228.312,1153.759,3497.779
2023-06-18 16:00:00,595.344,899.3384,964.2685,902.4208,2750.414
2023-06-18 17:00:00,389.4756,576.0583,621.8938,582.5771,1773.411
2023-06-18 18:00:00,185.2011,246.2372,271.7119,253.2832,762.3671
2023-06-18 19:00:00,59.07793,53.93947,44.96829,44.88127,140.1599
2023-06-18 20:00:00,7.79459,0,0.626528,0.252554,-9.547297
2023-06-18 21:00:00,0.004884467,0,0,0,-12.61935
2023-06-18 22:00:00,0,0,0,0,-12.4415
2023-06-18 23:00:00,0,0,0,0,-12.48898
2023-06-19 00:00:00,0,0,0,0,-12.33685
2023-06-19 01:00:00,0,0,0,0,-12.41689
2023-06-19 02:00:00,0,0,0,0,-12.48094
2023-06-19 03:00:00,0,0,0,0,-12.51517
2023-06-19 04:00:00,0,0,0,0,-12.3443
2023-06-19 05:00:00,0.02578667,0,0,0,-12.42805
2023-06-19 06:00:00,20.59688,28.02554,28.56899,28.07026,73.17158
2023-06-19 07:00:00,80.25268,110.6081,118.5036,105.6699,325.9607
2023-06-19 08:00:00,247.6107,366.2568,401.0131,53.50587,810.2475
2023-06-19 09:00:00,452.5752,713.9793,766.8563,0,1470.211
2023-06-19 10:00:00,593.0351,929.6463,977.4343,0,1892.417
2023-06-19 11:00:00,703.0393,973.9893,1027.068,0,1985.463
2023-06-19 12:00:00,870.6719,1303.626,1389.919,0,2667.904
2023-06-19 13:00:00,686.5212,1014.394,1089.681,0,2083.903
2023-06-19 14:00:00,582.1552,942.873,1028.294,0,1953.851
2023-06-19 15:00:00,464.914,738.0325,786.5903,0,1512.12
2023-06-19 16:00:00,200.8923,302.3137,321.3939,0,612.9913
2023-06-19 17:00:00,116.9912,164.8311,173.7295,0,323.7485
2023-06-19 18:00:00,78.51434,101.0216,113.2527,0,205.9494
2023-06-19 19:00:00,49.4207,48.40798,49.54875,0,90.38834
2023-06-19 20:00:00,4.790132,0,0,0,-12.10969
2023-06-19 21:00:00,0,0,0,0,-12.05682
2023-06-19 22:00:00,0,0,0,0,-12.06774
2023-06-19 23:00:00,0,0,0,0,-11.98242
2023-06-20 00:00:00,0.01426389,0,0,0,-11.97861
2023-06-20 01:00:00,0.008,0,0,0,-11.96233
2023-06-20 02:00:00,0,0,0,0,-11.98874
2023-06-20 03:00:00,0,0,0,0,-11.98394
2023-06-20 04:00:00,0,0,0,0,-11.97487
2023-06-20 05:00:00,0,0,0,0,-11.8972
2023-06-20 06:00:00,12.27138,12.11493,11.86515,0,15.19757
2023-06-20 07:00:00,63.08229,91.23673,91.46661,0,177.2119
2023-06-20 08:00:00,149.1894,235.4281,250.8504,0,472.6419
2023-06-20 09:00:00,90.31532,115.9102,125.4649,0,232.1402
2023-06-20 10:00:00,109.3635,184.1322,195.0116,0,369.5804
2023-06-20 11:00:00,233.3463,381.6423,411.9987,0,784.0919
2023-06-20 12:00:00,599.8947,926.9812,1008.455,0,1925.979
2023-06-20 13:00:00,343.893,508.1623,564.1523,0,1062.619
2023-06-20 14:00:00,90.50327,128.5995,139.0006,0,260.2078
2023-06-20 15:00:00,63.62736,90.94618,92.13515,0,176.9823
2023-06-20 16:00:00,21.18026,7.615888,8.60669,0,6.581665
2023-06-20 17:00:00,63.57687,93.71685,108.7645,0,192.5424
2023-06-20 18:00:00,90.60369,132.2944,148.5348,0,273.8379
2023-06-20 19:00:00,36.3162,21.28419,36.13133,0,55.38579
2023-06-20 20:00:00,3.800089,0,0,0,-11.5572
2023-06-20 21:00:00,0,0,0,0,-11.29418
2023-06-20 22:00:00,0,0,0,0,-11.29168
2023-06-20 23:00:00,0,0,0,0,-11.32347
2023-06-21 00:00:00,0,0,0,0,-11.32798
2023-06-21 01:00:00,0,0,0,0,-11.22973
2023-06-21 02:00:00,0.03061111,0,0,0,-11.28982
2023-06-21 03:00:00,0,0,0,0,-11.48023
2023-06-21 04:00:00,0,0,0,0,-11.37964
2023-06-21 05:00:00,0,0,0,0,-11.52947
2023-06-21 06:00:00,5.527889,0.6783223,0.0052,0,-11.02394
2023-06-21 07:00:00,27.51805,26.51392,28.23476,0,45.86292
2023-06-21 08:00:00,69.64699,112.2903,117.5143,0,223.4122
2023-06-21 09:00:00,140.9466,251.6873,267.7961,0,512.2223
2023-06-21 10:00:00,256.4648,415.6391,432.7266,0,843.2112
2023-06-21 11:00:00,211.7495,367.154,395.8312,0,756.514
2023-06-21 12:00:00,311.1736,507.9206,529.7684,0,1031.322
2023-06-21 13:00:00,250.4282,393.9698,418.8314,0,804.7488
2023-06-21 14:00:00,214.7612,334.0123,358.1846,0,685.84
2023-06-21 15:00:00,248.3116,393.2677,429.1571,0,813.3369
2023-06-21 16:00:00,296.0371,460.2582,507.7943,0,960.1239
2023-06-21 17:00:00,235.7973,361.5252,393.0995,0,748.6839
2023-06-21 18:00:00,193.3851,286.2849,318.8422,0,598.1984
2023-06-21 19:00:00,95.87026,110.0143,118.5491,0,216.4569
2023-06-21 20:00:00,10.32583,1.673171,1.1025,0,-6.126863
2023-06-21 21:00:00,0.01995578,0,0,0,-11.32572
2023-06-21 22:00:00,0,0,0,0,-11.39485
2023-06-21 23:00:00,0,0,0,0,-11.24218
2023-06-22 00:00:00,0,0,0,0,-11.25555
2023-06-22 01:00:00,0,0,0,0,-11.26382
2023-06-22 02:00:00,0,0,0,0,-11.32695
2023-06-22 03:00:00,0,0,0,0,-11.35482
2023-06-22 04:00:00,0,0,0,0,-11.32893
2023-06-22 05:00:00,0.0001111111,0,0,0,-11.21296
2023-06-22 06:00:00,18.2549,10.40633,16.16645,0,17.99709
2023-06-22 07:00:00,53.08252,53.78217,77.27731,0,124.9031
2023-06-22 08:00:00,140.1015,222.2082,239.3475,0,452.2266
2023-06-22 09:00:00,451.9114,687.1559,784.2997,0,1457.055
2023-06-22 10:00:00,492.4784,782.4702,829.8278,0,1599.785
2023-06-22 11:00:00,325.787,472.1708,502.7989,92.42011,1055.058
2023-06-22 12:00:00,25.20393,14.64037,14.39151,14.90975,32.84729
2023-06-22 13:00:00,28.44118,23.8181,31.2234,25.41043,81.88182
2023-06-22 14:00:00,227.4057,377.8507,411.2084,380.8206,1168.044
2023-06-22 15:00:00,363.4456,570.5966,617.7374,586.894,1771.52
2023-06-22 16:00:00,225.7957,350.6278,356.3119,327.6156,1030.782
2023-06-22 17:00:00,314.4692,478.624,517.9776,460.3444,1450.434
2023-06-22 18:00:00,69.38554,78.53349,102.957,91.8268,269.4487
2023-06-22 19:00:00,19.33981,8.993597,9.270001,6.505833,13.38441
2023-06-22 20:00:00,4.958375,0,0,0,-11.41413
2023-06-22 21:00:00,0,0,0,0,-11.57641
2023-06-22 22:00:00,0,0,0,0,-11.77884
2023-06-22 23:00:00,0,0,0,0,-11.65223
2023-06-23 00:00:00,0,0,0,0,-11.61779
2023-06-23 01:00:00,0,0,0,0,-11.65444
2023-06-23 02:00:00,0,0,0,0,-11.67438
2023-06-23 03:00:00,0,0,0,0,-11.65022
2023-06-23 04:00:00,0,0,0,0,-11.64261
2023-06-23 05:00:00,0.02119444,0,0,0,-11.6205
2023-06-23 06:00:00,11.59115,14.24353,11.59256,13.78028,25.43235
2023-06-23 07:00:00,82.37135,141.8299,143.6203,144.1085,417.8707
2023-06-23 08:00:00,76.01003,108.0741,111.667,113.4328,321.9718
2023-06-23 09:00:00,260.9518,406.3196,436.3876,421.4936,1250.818
2023-06-23 10:00:00,316.5879,526.9933,532.3039,490.5216,1544.199
2023-06-23 11:00:00,664.2792,996.9388,1126.359,1073.612,3184.227
2023-06-23 12:00:00,546.3531,783.213,795.2971,771.6765,2343.765
2023-06-23 13:00:00,307.9604,489.5994,523.3566,489.56,1495.735
2023-06-23 14:00:00,607.5926,868.9539,940.2788,898.5381,2694.065
2023-06-23 15:00:00,440.2694,643.0462,679.1168,667.5378,1978.62
2023-06-23 16:00:00,420.8077,669.7568,718.0583,669.6138,2049.368
2023-06-23 17:00:00,310.3422,453.2829,494.8154,474.5791,1412.521
2023-06-23 18:00:00,189.072,271.7539,274.3515,252.9718,794.6203
2023-06-23 19:00:00,66.62783,57.44529,61.01316,59.29333,168.3269
2023-06-23 20:00:00,3.992091,0,0,0,-11.6319
2023-06-23 21:00:00,0,0,0,0,-11.61169
2023-06-23 22:00:00,0,0,0,0,-11.59505
2023-06-23 23:00:00,0,0,0,0,-11.61674
2023-06-24 00:00:00,0,0,0,0,-11.59237
2023-06-24 01:00:00,0,0,0,0,-11.56789
2023-06-24 02:00:00,0,0,0,0,-11.62385
2023-06-24 03:00:00,0,0,0,0,-11.68502
2023-06-24 04:00:00,0,0,0,0,-11.65228
2023-06-24 05:00:00,0.0323889,0,0,0,-11.64757
2023-06-24 06:00:00,18.28661,13.80419,19.15209,13.41172,41.834
2023-06-24 07:00:00,104.2167,126.1947,137.0811,119.7898,376.7346
2023-06-24 08:00:00,257.8508,399.958,451.0715,440.3687,1286.396
2023-06-24 09:00:00,495.3528,777.9844,822.4548,790.5369,2381.139
2023-06-24 10:00:00,646.2654,1063.19,1113.601,1031.476,3189.255
2023-06-24 11:00:00,631.1586,1149.674,1246.141,1169.154,3539.139
2023-06-24 12:00:00,886.9951,1159.244,1194.896,1050.826,3381.285
2023-06-24 13:00:00,515.5068,785.0881,744.7903,672.3472,2185.156
2023-06-24 14:00:00,202.0454,327.6173,318.9,284.5508,923.2339
2023-06-24 15:00:00,427.7246,634.1449,656.643,634.3143,1921.246
2023-06-24 16:00:00,107.044,148.3708,161.1554,152.7751,461.5185
2023-06-24 17:00:00,116.5928,177.3603,188.2499,179.6229,538.1862
2023-06-24 18:00:00,235.962,331.9896,352.0573,310.4453,986.895
2023-06-24 19:00:00,53.71537,57.47357,58.84617,49.758,155.1803
2023-06-24 20:00:00,7.702334,0,0,0,-10.33318
2023-06-24 21:00:00,0,0,0,0,-11.68814
2023-06-24 22:00:00,0,0,0,0,-11.65193
2023-06-24 23:00:00,0,0,0,0,-11.69473
2023-06-25 00:00:00,0,0,0,0,-11.75329
2023-06-25 01:00:00,0,0,0,0,-11.64694
2023-06-25 02:00:00,0,0,0,0,-11.68016
2023-06-25 03:00:00,0,0,0,0,-11.65706
2023-06-25 04:00:00,0,0,0,0,-11.5751
2023-06-25 05:00:00,0.03193055,0,0,0,-11.57698
2023-06-25 06:00:00,12.74623,7.353862,7.305563,5.060546,17.03817
2023-06-25 07:00:00,107.2396,96.05322,107.4093,106.8621,300.9012
2023-06-25 08:00:00,281.7671,403.3069,450.2299,431.5057,1276.24
2023-06-25 09:00:00,496.6435,784.7569,827.3994,795.5146,2400.657
2023-06-25 10:00:00,689.4607,1076.559,1138.836,1070.676,3265.377
2023-06-25 11:00:00,833.1773,1276.01,1354.021,1272.742,3861.577
2023-06-25 12:00:00,895.1776,1340.268,1446.333,1376.349,4119.942
2023-06-25 13:00:00,937.7845,1451.449,1451.75,1316.273,4180.088
2023-06-25 14:00:00,878.662,1348.501,1438.448,1310.291,4053.955
2023-06-25 15:00:00,679.1616,1106.444,1207.42,1117.51,3405.84
2023-06-25 16:00:00,594.0154,938.2235,1017.015,936.3835,2878.327
2023-06-25 17:00:00,381.3604,606.5919,651.7396,602.535,1855.928
2023-06-25 18:00:00,173.7511,251.581,276.3984,252.8873,772.9233
2023-06-25 19:00:00,70.83614,65.30602,69.19613,63.36455,190.4045
2023-06-25 20:00:00,9.179276,1.75676,2.464956,1.62645,-6.376213
2023-06-25 21:00:00,0,0,0,0,-11.63696
2023-06-25 22:00:00,1.388889e-07,0,0,0,-11.78511
2023-06-25 23:00:00,0.02501375,0,0,0,-11.66846
2023-06-26 00:00:00,0,0,0,0,-11.61461
2023-06-26 01:00:00,0,0,0,0,-11.75118
2023-06-26 02:00:00,0,0,0,0,-11.70761
2023-06-26 03:00:00,0.01947208,0,0,0,-11.70286
2023-06-26 04:00:00,0.005500137,0,0,0,-11.69117
2023-06-26 05:00:00,3.86954e-06,0,0,0,-11.61451
2023-06-26 06:00:00,21.89761,26.23749,29.86029,26.6525,75.71853
2023-06-26 07:00:00,93.36394,121.0458,134.4602,128.4834,377.8554
2023-06-26 08:00:00,252.0409,381.405,428.5392,418.9765,1225.492
2023-06-26 09:00:00,483.592,782.5609,830.3864,796.5093,2405.719
2023-06-26 10:00:00,633.4813,1004.792,1059.792,983.08,3033.78
2023-06-26 11:00:00,686.907,1017.688,1092.644,1046.025,3138.421
2023-06-26 12:00:00,849.3402,1248.85,1326.396,1248.254,3786.663
2023-06-26 13:00:00,701.5013,1109.361,1182.069,1140.858,3413.906
2023-06-26 14:00:00,890.6946,1348.779,1446.227,1359.1,4108.77
2023-06-26 15:00:00,774.2552,1195.517,1279.625,1192.395,3630.271
2023-06-26 16:00:00,596.7081,930.1655,995.8538,925.2388,2836.658
2023-06-26 17:00:00,404.4446,615.7689,673.9891,624.1143,1903.886
2023-06-26 18:00:00,192.5502,260.6656,286.8396,258.2386,799.7244
2023-06-26 19:00:00,47.80089,29.54946,36.09837,31.09765,82.42688
2023-06-26 20:00:00,5.908112,0,0,0,-11.6371
2023-06-26 21:00:00,0.01943056,0,0,0,-11.60665
2023-06-26 22:00:00,0,0,0,0,-11.47624
2023-06-26 23:00:00,0,0,0,0,-10.95404
2023-06-27 00:00:00,0,0,0,0,-10.71605
2023-06-27 01:00:00,0,0,0,0,-10.72023
2023-06-27 02:00:00,0,0,0,0,-10.79947
2023-06-27 03:00:00,0,0,0,0,-10.71467
2023-06-27 04:00:00,0.02777778,0,0,0,-10.65791
2023-06-27 05:00:00,0.01169445,0,0,0,-10.54819
2023-06-27 06:00:00,5.723916,1.333418,2.037569,1.827712,-3.246808
2023-06-27 07:00:00,106.1087,114.2468,126.2509,113.9062,357.3401
2023-06-27 08:00:00,227.7812,355.3357,386.3548,364.268,1101.61
2023-06-27 09:00:00,415.2312,636.2603,687.4667,654.8335,1977.073
2023-06-27 10:00:00,590.8491,1018.023,1075.931,1015.369,3090.994
2023-06-27 11:00:00,709.0094,1177.163,1240.997,1168.249,3564.5
2023-06-27 12:00:00,922.0934,1386.535,1467.53,1380.51,4186.966
2023-06-27 13:00:00,858.1253,1388.775,1458.588,1388.603,4193.216
2023-06-27 14:00:00,797.5022,1137.498,1243.333,1219.235,3579.67
2023-06-27 15:00:00,713.2149,1001.599,1083.548,1066.08,3124.819
2023-06-27 16:00:00,563.905,901.3948,952.5477,896.8032,2736.151
2023-06-27 17:00:00,220.5544,342.1649,363.4124,334.6758,1033.351
2023-06-27 18:00:00,204.8876,277.1454,303.7165,279.5276,852.678
2023-06-27 19:00:00,61.20546,51.90425,52.34737,39.78862,137.7888
2023-06-27 20:00:00,8.767321,1.395958,1.014476,1.108155,-7.582565
2023-06-27 21:00:00,0.02659722,0,0,0,-10.64827
2023-06-27 22:00:00,0,0,0,0,-10.59165
2023-06-27 23:00:00,0,0,0,0,-10.47049
2023-06-28 00:00:00,0,0,0,0,-10.5015
2023-06-28 01:00:00,0,0,0,0,-10.44628
2023-06-28 02:00:00,0,0,0,0,-10.45783
2023-06-28 03:00:00,0,0,0,0,-10.51143
2023-06-28 04:00:00,0.01991667,0,0,0,-10.53771
2023-06-28 05:00:00,0.02523611,0,0,0,-10.44294
2023-06-28 06:00:00,16.95743,18.4994,18.24283,9.828045,40.0368
2023-06-28 07:00:00,106.3804,129.341,142.0909,134.4747,397.2989
2023-06-28 08:00:00,268.7767,395.7972,437.6201,421.5162,1251.35
2023-06-28 09:00:00,483.3967,768.5847,812.3525,778.9514,2355.226
2023-06-28 10:00:00,680.1714,1084.344,1150.353,1078.85,3292.414
2023-06-28 11:00:00,831.9291,1281.217,1361.471,1281.534,3884.869
2023-06-28 12:00:00,921.1557,1384.525,1464.963,1378.587,4181.605
2023-06-28 13:00:00,949.2042,1415.828,1466.646,1380.784,4218.45
2023-06-28 14:00:00,897.0654,1323.13,1387.993,1312.418,3977.945
2023-06-28 15:00:00,724.3777,1020.702,1118.93,1082.712,3197.063
2023-06-28 16:00:00,601.3602,859.7465,887.7033,830.0991,2563.626
2023-06-28 17:00:00,351.3141,450.2587,470.8672,414.3905,1337.151
2023-06-28 18:00:00,226.825,334.8024,363.6606,334.4329,1026.33
2023-06-28 19:00:00,78.54523,84.2038,89.88363,82.77287,251.909
2023-06-28 20:00:00,8.63461,0.4263645,0.5855665,0.8885335,-8.952916
2023-06-28 21:00:00,0.02680555,0,0,0,-10.63739
2023-06-28 22:00:00,0,0,0,0,-10.60554
2023-06-28 23:00:00,0,0,0,0,-10.5725
2023-06-29 00:00:00,0,0,0,0,-10.56727
2023-06-29 01:00:00,0,0,0,0,-10.64116
2023-06-29 02:00:00,0,0,0,0,-10.63903
2023-06-29 03:00:00,0,0,0,0,-10.59011
2023-06-29 04:00:00,0,0,0,0,-10.6165
2023-06-29 05:00:00,0,0,0,0,-10.49476
2023-06-29 06:00:00,20.81853,20.74665,15.19384,25.97518,50.13169
2023-06-29 07:00:00,128.7784,176.3179,188.7433,182.9663,540.445
2023-06-29 08:00:00,267.147,397.4234,434.121,415.7642,1244.899
2023-06-29 09:00:00,470.7816,743.903,792.4045,757.241,2286.369
2023-06-29 10:00:00,665.7509,1047.464,1116.346,1049.628,3195.027
2023-06-29 11:00:00,695.0767,1155.312,1179.796,1125.707,3433.019
2023-06-29 12:00:00,698.4213,1082.959,1281.816,1369.273,3701.578
2023-06-29 13:00:00,1008.217,1478.524,1536.218,1408.405,4381.508
2023-06-29 14:00:00,875.4627,1362.757,1425.908,1366.222,4111.241
2023-06-29 15:00:00,819.2172,1224.6,1276.8,1185.034,3650.422
2023-06-29 16:00:00,646.1487,977.4069,1037.254,963.1389,2964.586
2023-06-29 17:00:00,361.1934,551.0587,561.9614,518.4278,1625.165
2023-06-29 18:00:00,185.5345,252.4229,278.2986,249.6625,770.7239
2023-06-29 19:00:00,52.53694,39.68727,44.58335,43.04834,117.7382
2023-06-29 20:00:00,6.001089,0,0,0,-10.75434
2023-06-29 21:00:00,0.005013887,0,0,0,-10.80422
2023-06-29 22:00:00,0,0,0,0,-10.79499
2023-06-29 23:00:00,0,0,0,0,-10.80361
2023-06-30 00:00:00,0,0,0,0,-10.53236
2023-06-30 01:00:00,0,0,0,0,-10.57683
2023-06-30 02:00:00,0,0,0,0,-10.76738
2023-06-30 03:00:00,0,0,0,0,-10.66613
2023-06-30 04:00:00,0,0,0,0,-10.65862
2023-06-30 05:00:00,0.0385028,0,0,0,-10.65834
2023-06-30 06:00:00,25.44951,22.47246,32.50805,23.32249,68.87479
2023-06-30 07:00:00,84.19204,123.3684,134.9106,112.122,369.9001
2023-06-30 08:00:00,227.3593,343.9633,364.0142,351.8443,1053.671
2023-06-30 09:00:00,447.316,718.393,748.659,686.0637,2147.375
2023-06-30 10:00:00,588.7379,902.2687,1001.038,952.1874,2847.309
2023-06-30 11:00:00,628.4937,949.5419,1030.105,1013.042,2980.303
2023-06-30 12:00:00,547.4011,812.7399,856.7846,798.6089,2457.516
2023-06-30 13:00:00,320.6932,486.4443,519.3836,482.3939,1486.03
2023-06-30 14:00:00,298.9068,468.321,506.962,470.0768,1444.366
2023-06-30 15:00:00,692.3872,1026.707,1087.401,1013.961,3113.998
2023-06-30 16:00:00,590.1792,889.6626,952.7786,886.2109,2715.503
2023-06-30 17:00:00,355.492,529.2318,566.6433,530.3367,1618.616
2023-06-30 18:00:00,188.0936,264.9571,286.8325,258.1309,800.4545
2023-06-30 19:00:00,56.81139,48.22516,50.54882,39.43591,141.4586
2023-06-30 20:00:00,4.49512,0,0,0,-10.73209
2023-06-30 21:00:00,0,0,0,0,-10.66626
2023-06-30 22:00:00,0.01675,0,0,0,-10.90492
2023-06-30 23:00:00,0.005472222,0,0,0,-10.92883
