Timestamp,POA Irradiance,Meter Power,Inverter_1,Inverter_2,Inverter_3,Inverter_4,Inverter_5,Inverter_6,Avg_Top_20%,Expected Sum
2023-07-01 00:00:00,0.0,-8.501698,0.0,0.0,0.0,0.0,0.0,0.0,,0.0
2023-07-01 01:00:00,0.0,-8.504839,0.0,0.0,0.0,0.0,0.0,0.0,,0.0
2023-07-01 02:00:00,0.0,-8.556777,0.0,0.0,0.0,0.0,0.0,0.0,,0.0
2023-07-01 03:00:00,0.0,-8.631393,0.0,0.0,0.0,0.0,0.0,0.0,,0.0
2023-07-01 04:00:00,0.0,-8.68577,0.0,0.0,0.0,0.0,0.0,0.0,,0.0
2023-07-01 05:00:00,0.1745613,-8.635541,0.0,0.0,0.0,0.0,0.0,0.0,,0.0
2023-07-01 06:00:00,18.39189,97.1747,17.55882,16.726,17.03827,16.96634,16.53606,18.876,,103.70149
2023-07-01 07:00:00,83.83225,469.1364,79.31664,76.01939,76.97019,76.69443,79.10808,80.02711,79.671875,468.13584000000003
2023-07-01 08:00:00,212.3188,1178.344,202.1017,189.2321,193.3641,185.8607,202.0795,196.871,202.0906,1169.5091000000002
2023-07-01 09:00:00,381.9889,2173.061,364.0511,349.4527,347.3359,341.3992,386.3599,383.6596,385.00975,2172.2584
2023-07-01 10:00:00,496.9591,2751.397,440.2755,446.0302,442.278,452.5154,483.8476,467.0077,475.42764999999997,2731.9544
2023-07-01 11:00:00,721.4537,3931.144,656.2925,654.0073,654.9131,633.3465,675.9362,666.8508,671.3935,3941.3464000000004
2023-07-01 12:00:00,652.8925,3664.476,577.8425,581.8179,578.9956,597.0315,652.8541,677.2224,665.0382500000001,3665.764
2023-07-01 13:00:00,657.1856,3635.03,594.2866,580.6612,594.3279,616.2709,635.9918,613.8967,626.13135,3635.4350999999997
2023-07-01 14:00:00,644.6021,3323.014,549.4438,549.1748,539.8879,544.0093,566.8066,579.1041,572.95535,3328.4265
2023-07-01 15:00:00,798.2023,3989.713,670.6223,652.0426,665.9421,662.6081,681.4109,676.9104,679.16065,4009.5364
2023-07-01 16:00:00,432.4721,2095.597,361.9171,341.1582,333.4615,325.722,357.5491,358.1422,360.02965,2077.9501
2023-07-01 17:00:00,56.11179,345.7248,59.1559,57.39794,57.14331,56.00747,60.16417,59.86134,60.012755,349.73013000000003
2023-07-01 18:00:00,0.1358621,-8.771959,0.09403577,0.0,0.0,0.0,0.0,0.0,,0.09403577
2023-07-01 19:00:00,5.1674,-4.051477,1.314501,0.5384649,1.31682,0.01124083,1.095621,0.1994803,,4.476128030000001
2023-07-01 20:00:00,1.710299,-4.847765,0.8331792,0.48166,0.7050267,0.4860925,0.7326288,0.5047002,,3.7432874
2023-07-01 21:00:00,0.0,-8.836613,0.0,0.0,0.0,0.0,0.0,0.0,,0.0
2023-07-01 22:00:00,0.0,-8.791429,0.0,0.0,0.0,0.0,0.0,0.0,,0.0
2023-07-01 23:00:00,0.0,-8.717164,0.0,0.0,0.0,0.0,0.0,0.0,,0.0
2023-07-02 00:00:00,0.0,-8.722852,0.0,0.0,0.0,0.0,0.0,0.0,,0.0
2023-07-02 01:00:00,0.0,-8.755252,0.0,0.0,0.0,0.0,0.0,0.0,,0.0
2023-07-02 02:00:00,0.0,-8.72043,0.0,0.0,0.0,0.0,0.0,0.0,,0.0
2023-07-02 03:00:00,0.0,-8.698959,0.0,0.0,0.0,0.0,0.0,0.0,,0.0
2023-07-02 04:00:00,0.0,-8.724977,0.0,0.0,0.0,0.0,0.0,0.0,,0.0
2023-07-02 05:00:00,0.0,-8.724362,0.0,0.0,0.0,0.0,0.0,0.0,,0.0
2023-07-02 06:00:00,14.33553,52.37207,8.612001,10.34949,8.304996,10.42777,10.31175,11.79266,,59.798666999999995
2023-07-02 07:00:00,100.7155,520.3526,91.34425,82.9986,86.77734,81.44267,90.44374,86.0424,90.893995,519.049
2023-07-02 08:00:00,246.3362,1371.943,236.6182,223.7358,222.7273,211.0874,236.788,229.9344,236.7031,1360.8911000000003
2023-07-02 09:00:00,451.472,2588.736,440.6002,419.9295,420.0974,406.5557,441.7693,434.359,441.18475,2563.3111
2023-07-02 10:00:00,522.3842,2738.995,468.0898,426.6132,444.599,436.5735,467.1181,464.6242,467.60395000000005,2707.6178
2023-07-02 11:00:00,667.3259,3579.872,607.1669,586.4154,593.1459,577.5752,606.7004,612.6298,609.89835,3583.6335999999997
2023-07-02 12:00:00,899.7582,4596.943,780.1881,777.1973,773.4224,773.4704,784.3809,769.606,782.2845,4658.2651000000005
2023-07-02 13:00:00,979.246,4876.518,801.7494,785.0972,822.3688,827.0101,832.9232,832.8834,832.9033,4902.032099999999
2023-07-02 14:00:00,933.6338,4734.219,802.0309,776.5265,793.3798,752.0357,816.1718,817.0054,816.5886,4757.150100000001
2023-07-02 15:00:00,815.7795,4135.921,687.6439,672.3537,683.2065,690.4667,708.8327,709.2933,709.0630000000001,4151.7968
2023-07-02 16:00:00,642.9366,3257.996,535.1161,525.4082,537.6248,545.8689,554.5546,553.8287,554.19165,3252.4013
2023-07-02 17:00:00,480.4219,2427.416,392.8195,392.3488,398.2274,407.3488,411.7789,416.0208,413.89985,2418.5442000000003
2023-07-02 18:00:00,220.3699,1060.709,170.136,169.7163,176.7239,179.6956,179.7036,184.1284,181.916,1060.1038
2023-07-02 19:00:00,60.72357,318.002,53.38364,52.14928,53.44348,53.3186,54.80612,55.00477,54.905445,322.10589
2023-07-02 20:00:00,3.679774,16.13172,4.186731,3.732275,4.001136,3.995185,4.344235,4.148124,,24.407685999999998
2023-07-02 21:00:00,0.0,-8.954998,0.0,0.0,0.0,0.0,0.0,0.0,,0.0
2023-07-02 22:00:00,0.0,-8.853002,0.0,0.0,0.0,0.0,0.0,0.0,,0.0
2023-07-02 23:00:00,0.0,-8.739729,0.0,0.0,0.0,0.0,0.0,0.0,,0.0
2023-07-03 00:00:00,0.0,-8.697456,0.0,0.0,0.0,0.0,0.0,0.0,,0.0
2023-07-03 01:00:00,0.0,-8.768577,0.0,0.0,0.0,0.0,0.0,0.0,,0.0
2023-07-03 02:00:00,0.0,-8.77943,0.0,0.0,0.0,0.0,0.0,0.0,,0.0
2023-07-03 03:00:00,0.0,-8.725456,0.0,0.0,0.0,0.0,0.0,0.0,,0.0
2023-07-03 04:00:00,0.0,-8.692071,0.0,0.0,0.0,0.0,0.0,0.0,,0.0
2023-07-03 05:00:00,0.0,-8.649645,0.0,0.0,0.0,0.0,0.0,0.0,,0.0
2023-07-03 06:00:00,17.09315,75.56759,13.90363,13.1858,13.55018,13.23701,13.10703,15.72634,,82.70999
2023-07-03 07:00:00,112.8435,624.0591,107.5718,100.1557,103.2398,98.66418,107.0508,104.4449,107.31129999999999,621.12718
2023-07-03 08:00:00,271.8387,1520.149,258.9114,240.9831,235.8861,229.8685,262.9366,250.5626,260.924,1479.1483
2023-07-03 09:00:00,459.0721,2582.599,441.6716,415.9461,422.2113,409.7678,443.4735,433.8222,442.57255,2566.8925
2023-07-03 10:00:00,606.4279,3315.954,562.0587,538.4795,543.3335,534.0939,578.7058,564.4942,571.5999999999999,3321.1656000000003
2023-07-03 11:00:00,556.7114,3049.043,519.0536,503.6928,501.3573,500.5492,524.0954,516.155,521.5745,3064.9033
2023-07-03 12:00:00,790.5237,4053.856,668.874,653.3266,674.2037,675.2122,697.338,692.7713,695.05465,4061.7257999999997
2023-07-03 13:00:00,599.7437,3056.419,517.1855,500.2072,507.9607,498.7885,524.3774,521.8608,523.1191,3070.3801
2023-07-03 14:00:00,208.1981,1205.832,203.1763,195.6602,198.1461,196.3927,205.5889,203.7893,204.6891,1202.7535
2023-07-03 15:00:00,601.4811,3126.547,513.9823,497.3185,521.7004,514.6095,528.1337,545.2609,536.6973,3121.0053
2023-07-03 16:00:00,452.3734,2391.75,396.3051,384.8468,399.1284,397.4993,406.4182,406.8663,406.64225,2391.0641
2023-07-03 17:00:00,439.2102,2237.54,366.14,364.9484,373.9631,377.4247,382.4307,385.5409,383.98580000000004,2250.4478
2023-07-03 18:00:00,142.366,748.8292,121.518,122.2254,121.5925,123.3322,126.8579,129.1431,128.0005,744.6691000000001
2023-07-03 19:00:00,61.44412,325.2943,55.08072,52.79898,54.6148,54.38667,56.21856,55.49672,55.85764,328.59645
2023-07-03 20:00:00,7.368329,54.54308,10.47657,9.878031,10.35171,10.25369,10.63365,10.37758,,61.97123100000001
2023-07-03 21:00:00,0.0,-8.977613,0.0,0.0,0.0,0.0,0.0,0.0,,0.0
2023-07-03 22:00:00,0.0,-8.835895,0.0,0.0,0.0,0.0,0.0,0.0,,0.0
2023-07-03 23:00:00,0.0,-8.720225,0.0,0.0,0.0,0.0,0.0,0.0,,0.0
2023-07-04 00:00:00,0.0,-8.716055,0.0,0.0,0.0,0.0,0.0,0.0,,0.0
2023-07-04 01:00:00,0.0,-8.755127,0.0,0.0,0.0,0.0,0.0,0.0,,0.0
2023-07-04 02:00:00,0.0,-8.777009,0.0,0.0,0.0,0.0,0.0,0.0,,0.0
2023-07-04 03:00:00,0.0,-8.78557,0.0,0.0,0.0,0.0,0.0,0.0,,0.0
2023-07-04 04:00:00,0.0,-8.804422,0.0,0.0,0.0,0.0,0.0,0.0,,0.0
2023-07-04 05:00:00,0.005691465,-8.676663,0.0,0.0,0.0,0.0,0.0,0.0,,0.0
2023-07-04 06:00:00,13.3898,24.52061,4.124975,5.451508,5.6595,5.551355,5.909587,5.65088,,32.347805
2023-07-04 07:00:00,99.32258,488.8463,86.10973,77.71535,80.68719,75.45414,86.61649,80.05775,86.36311,486.64065
2023-07-04 08:00:00,294.2288,1631.632,284.8464,260.8419,261.5103,249.4479,282.0432,265.6615,283.4448,1604.3511999999998
2023-07-04 09:00:00,470.5248,2640.583,448.351,418.5436,433.2599,419.9748,456.6051,449.1574,452.88125,2625.8918000000003
2023-07-04 10:00:00,706.676,3832.213,654.5551,620.0466,631.6798,618.3149,658.4169,653.3152,656.4860000000001,3836.3285
2023-07-04 11:00:00,866.6743,4484.382,766.645,724.1196,753.0571,733.686,769.8326,759.0603,768.2388,4506.4006
2023-07-04 12:00:00,925.4838,4673.73,788.9615,772.8229,780.9442,776.7958,793.3121,796.0074,794.65975,4708.8439
2023-07-04 13:00:00,882.7429,4441.31,749.2582,738.2272,738.8113,740.6573,749.9897,749.5317,749.7607,4466.475399999999
2023-07-04 14:00:00,709.6849,3763.515,637.2221,620.2128,634.2381,638.1765,621.5567,610.5065,637.6993,3761.9127000000003
2023-07-04 15:00:00,761.5286,3904.327,646.9714,631.0488,639.4988,648.5653,665.9254,665.7358,665.8306,3897.7454999999995
2023-07-04 16:00:00,581.6851,3047.713,481.9532,492.6971,497.5329,530.8826,532.1172,495.1103,531.4999,3030.2933
2023-07-04 17:00:00,452.7824,2408.676,383.3094,391.4863,393.2104,403.9005,421.3197,435.0864,428.20305,2428.3127
2023-07-04 18:00:00,264.8414,1226.953,192.9597,198.1505,198.8467,207.1126,206.452,211.4219,209.26725,1214.9433999999999
2023-07-04 19:00:00,52.74118,249.6223,42.4171,40.95074,42.5843,42.24269,43.31831,43.15443,43.236369999999994,254.66756999999998
2023-07-04 20:00:00,2.552183,16.57258,4.410696,3.806012,4.148131,4.05614,4.390915,3.879569,,24.691463
2023-07-04 21:00:00,0.0,-8.860469,0.0,0.0,0.0,0.0,0.0,0.0,,0.0
2023-07-04 22:00:00,0.0,-8.738156,0.0,0.0,0.0,0.0,0.0,0.0,,0.0
2023-07-04 23:00:00,0.0,-8.749653,0.0,0.0,0.0,0.0,0.0,0.0,,0.0
2023-07-05 00:00:00,0.0,-8.705865,0.0,0.0,0.0,0.0,0.0,0.0,,0.0
2023-07-05 01:00:00,0.0,-8.655757,0.0,0.0,0.0,0.0,0.0,0.0,,0.0
2023-07-05 02:00:00,0.0,-8.633784,0.0,0.0,0.0,0.0,0.0,0.0,,0.0
2023-07-05 03:00:00,0.0,-8.646669,0.0,0.0,0.0,0.0,0.0,0.0,,0.0
2023-07-05 04:00:00,0.0,-8.647926,0.0,0.0,0.0,0.0,0.0,0.0,,0.0
2023-07-05 05:00:00,0.0,-8.804797,0.0,0.0,0.0,0.0,0.0,0.0,,0.0
2023-07-05 06:00:00,12.06574,-8.7569,0.008105023,0.005916288,0.02552055,0.02190048,0.01954765,0.01469534,,0.095685331
2023-07-05 07:00:00,82.51135,445.4918,75.9761,72.07802,73.5845,72.00462,77.13786,75.68991,76.55698000000001,446.47101
2023-07-05 08:00:00,237.022,1320.901,227.0298,209.2578,214.3991,204.6315,227.816,220.0197,227.4229,1303.1539
2023-07-05 09:00:00,374.8174,2148.896,364.6352,346.8569,347.2336,340.787,364.9005,361.0554,364.76785,2125.4686
2023-07-05 10:00:00,606.3016,3268.57,560.5304,523.0897,555.8599,519.8261,549.0492,553.4786,558.19515,3261.8338999999996
2023-07-05 11:00:00,754.0291,3824.108,657.1942,622.0467,639.4896,627.4162,650.7606,645.2522,653.9774,3842.1595
2023-07-05 12:00:00,814.0012,4038.884,685.534,652.6398,673.3469,662.7557,687.9356,684.2607,686.7348,4046.4727000000003
2023-07-05 13:00:00,739.3411,3571.611,627.6321,606.3787,615.3726,564.6046,574.9372,583.4076,621.50235,3572.3328
2023-07-05 14:00:00,559.9092,2905.057,498.7953,473.3543,494.8166,488.6829,487.874,482.6833,496.80595,2926.2064
2023-07-05 15:00:00,390.7726,2189.242,363.0476,348.0896,361.7891,366.8042,374.9989,369.2872,372.14305,2184.0166
2023-07-05 16:00:00,562.7897,3019.565,500.584,485.6853,500.1104,502.3098,514.048,511.6461,512.84705,3014.3836
2023-07-05 17:00:00,411.4947,2166.137,351.2485,348.2072,352.0674,360.425,363.7845,362.1112,362.94785,2137.8437999999996
2023-07-05 18:00:00,92.50652,512.2693,86.33741,83.26717,84.45237,84.366,87.86127,86.83023,87.34575000000001,513.11445
2023-07-05 19:00:00,45.77139,248.9841,42.55397,41.05864,41.69964,41.3707,43.29155,42.98098,,252.95548000000002
2023-07-05 20:00:00,4.200871,33.01381,6.939881,6.605451,6.7464,6.545653,7.006521,6.883397,,40.727303
2023-07-05 21:00:00,0.0,-8.865417,0.0,0.0,0.0,0.0,0.0,0.0,,0.0
2023-07-05 22:00:00,0.0,-8.848607,0.0,0.0,0.0,0.0,0.0,0.0,,0.0
2023-07-05 23:00:00,0.0,-8.825922,0.0,0.0,0.0,0.0,0.0,0.0,,0.0
2023-07-06 00:00:00,0.0,-8.786871,0.0,0.0,0.0,0.0,0.0,0.0,,0.0
2023-07-06 01:00:00,0.0,-8.814042,0.0,0.0,0.0,0.0,0.0,0.0,,0.0
2023-07-06 02:00:00,0.0,-8.717315,0.0,0.0,0.0,0.0,0.0,0.0,,0.0
2023-07-06 03:00:00,0.0,-8.757883,0.0,0.0,0.0,0.0,0.0,0.0,,0.0
2023-07-06 04:00:00,0.0,-8.70125,0.0,0.0,0.0,0.0,0.0,0.0,,0.0
2023-07-06 05:00:00,0.0,-8.636087,0.0,0.0,0.0,0.0,0.0,0.0,,0.0
2023-07-06 06:00:00,13.53158,47.09838,7.462028,9.095926,8.634331,8.569415,9.061211,10.23166,,53.054571
2023-07-06 07:00:00,92.30608,531.5913,90.56009,86.10341,87.44405,85.35629,91.18599,90.45695,90.87304,531.1067800000001
2023-07-06 08:00:00,226.3062,1280.537,222.3546,207.7556,208.3356,202.6145,218.9112,213.7793,220.6329,1273.7508
2023-07-06 09:00:00,389.9394,2148.238,374.094,362.1661,351.6016,328.8727,357.1432,360.2917,368.13005,2134.1692999999996
2023-07-06 10:00:00,476.1224,2601.717,442.2383,411.665,429.0884,427.3895,445.9479,426.6316,444.0931,2582.9607
2023-07-06 11:00:00,778.2822,4119.112,691.7469,666.9929,678.3987,687.9238,697.9266,691.6703,694.8367499999999,4114.659199999999
2023-07-06 12:00:00,905.666,4202.249,725.9301,675.3203,744.5807,706.6885,690.4261,678.913,735.2554,4221.8587
2023-07-06 13:00:00,447.7393,2177.368,354.3181,313.6076,378.6027,403.1575,386.5345,343.3188,394.846,2179.5392
2023-07-06 14:00:00,776.4842,3851.886,666.8294,695.141,629.2261,637.973,650.7803,599.7823,680.9852,3879.7320999999997
2023-07-06 15:00:00,790.3165,4371.428,696.7496,727.4247,695.4517,746.8864,759.2838,757.2424,758.2631,4383.0386
2023-07-06 16:00:00,717.7791,3588.443,611.9739,620.0751,576.6696,557.438,594.9443,640.972,630.52355,3602.0729
2023-07-06 17:00:00,554.3154,2633.477,447.663,410.161,450.6476,442.9513,429.1136,441.8924,449.1553,2622.4289000000003
2023-07-06 18:00:00,296.2122,1375.673,224.7067,219.3058,231.1672,231.5902,229.3828,232.3205,231.95535,1368.4732000000001
2023-07-06 19:00:00,109.3717,590.5837,98.23039,96.76667,98.75275,96.41496,100.0606,100.6973,100.37895,590.92267
2023-07-06 20:00:00,3.374765,19.89732,4.849352,4.578144,4.616834,4.528078,4.764434,4.642471,,27.979312999999998
2023-07-06 21:00:00,0.0,-8.88117,0.0,0.0,0.0,0.0,0.0,0.0,,0.0
2023-07-06 22:00:00,0.0,-8.79343,0.0,0.0,0.0,0.0,0.0,0.0,,0.0
2023-07-06 23:00:00,0.0,-8.75665,0.0,0.0,0.0,0.0,0.0,0.0,,0.0
2023-07-07 00:00:00,0.0,-8.78205,0.0,0.0,0.0,0.0,0.0,0.0,,0.0
2023-07-07 01:00:00,0.0,-8.683981,0.0,0.0,0.0,0.0,0.0,0.0,,0.0
2023-07-07 02:00:00,0.0,-8.7402,0.0,0.0,0.0,0.0,0.0,0.0,,0.0
2023-07-07 03:00:00,0.0,-8.78881,0.0,0.0,0.0,0.0,0.0,0.0,,0.0
2023-07-07 04:00:00,0.0,-8.738302,0.0,0.0,0.0,0.0,0.0,0.0,,0.0
2023-07-07 05:00:00,0.0,-8.655548,0.0,0.0,0.0,0.0,0.0,0.0,,0.0
2023-07-07 06:00:00,12.10775,28.27189,5.894883,5.465083,5.631732,5.60407,5.950082,7.368137,,35.913987
2023-07-07 07:00:00,82.70335,402.6198,71.88177,63.81602,67.86508,62.63529,71.54158,65.24738,71.711675,402.98712000000006
2023-07-07 08:00:00,230.0175,1248.126,219.3734,201.9324,203.4995,189.3262,216.1149,207.5679,217.74415,1237.8143
2023-07-07 09:00:00,465.7094,2628.638,450.8798,424.225,427.0044,412.442,452.2221,444.4846,451.55095,2611.2579000000005
2023-07-07 10:00:00,665.4833,3648.15,619.6521,592.1993,597.3967,586.5905,627.1935,621.7215,624.4575,3644.7536
2023-07-07 11:00:00,826.5795,4364.864,737.491,709.2402,716.6692,712.0775,751.8118,749.3911,750.60145,4376.6808
2023-07-07 12:00:00,933.1132,4776.588,805.3043,777.016,788.1713,788.6323,819.7853,819.9442,819.86475,4798.8534
2023-07-07 13:00:00,979.9623,4774.339,806.6973,740.3576,790.3468,813.1221,825.7052,823.5659,824.63555,4799.794900000001
2023-07-07 14:00:00,937.7076,4738.334,791.6,770.7136,782.4755,788.2454,814.7828,816.4841,815.63345,4764.301399999999
2023-07-07 15:00:00,861.9952,4313.485,723.1544,727.7994,730.7486,713.7207,714.5904,695.3274,729.274,4305.3409
2023-07-07 16:00:00,526.3141,2860.239,480.8563,488.8075,458.6466,486.9044,480.4243,475.8836,487.85595,2871.5227000000004
2023-07-07 17:00:00,339.491,1732.385,289.9655,282.5225,294.0336,294.2716,293.3033,282.1544,294.1526,1736.2509
2023-07-07 18:00:00,107.5499,571.1716,95.4769,92.20024,95.10549,95.09796,97.91544,97.18327,97.54935499999999,572.9793
2023-07-07 19:00:00,57.85883,324.7152,54.5279,53.02648,53.85825,54.23665,56.32838,56.14436,56.23637,328.12202
2023-07-07 20:00:00,3.719637,16.33601,4.061389,3.818295,3.998311,4.030085,4.232773,4.228056,,24.368909
2023-07-07 21:00:00,0.0,-8.914669,0.0,0.0,0.0,0.0,0.0,0.0,,0.0
2023-07-07 22:00:00,0.0,-8.892716,0.0,0.0,0.0,0.0,0.0,0.0,,0.0
2023-07-07 23:00:00,0.0,-8.799951,0.0,0.0,0.0,0.0,0.0,0.0,,0.0
2023-07-08 00:00:00,0.0,-8.808314,0.0,0.0,0.0,0.0,0.0,0.0,,0.0
2023-07-08 01:00:00,0.0,-8.686585,0.0,0.0,0.0,0.0,0.0,0.0,,0.0
2023-07-08 02:00:00,0.0,-8.693481,0.0,0.0,0.0,0.0,0.0,0.0,,0.0
2023-07-08 03:00:00,0.0,-8.732849,0.0,0.0,0.0,0.0,0.0,0.0,,0.0
2023-07-08 04:00:00,0.0,-8.763603,0.0,0.0,0.0,0.0,0.0,0.0,,0.0
2023-07-08 05:00:00,0.0,-8.796272,0.0,0.0,0.0,0.0,0.0,0.0,,0.0
2023-07-08 06:00:00,15.69449,89.84313,16.48834,15.62852,15.9522,15.27654,15.45014,17.61046,,96.40620000000001
2023-07-08 07:00:00,78.33881,417.5852,73.76498,68.8018,70.73827,63.39275,70.62988,71.42258,72.59378,418.75025999999997
2023-07-08 08:00:00,234.8067,1282.806,226.8393,209.1326,211.7294,184.1233,223.4097,214.5717,225.1245,1269.8059999999998
2023-07-08 09:00:00,470.5031,2627.943,451.4345,427.1953,432.2221,391.9049,459.8269,453.1602,456.49355,2615.7439
2023-07-08 10:00:00,600.6591,3221.192,556.1284,529.0979,534.6204,484.8208,558.8602,551.5962,557.4943000000001,3215.1239
2023-07-08 11:00:00,619.5519,3309.139,561.7722,539.9309,550.0942,507.8378,579.9113,577.2177,578.5645,3316.7641000000003
2023-07-08 12:00:00,708.1052,3691.164,638.298,614.0101,607.7535,575.8572,624.879,629.1257,633.71185,3689.9235
2023-07-08 13:00:00,717.2101,3322.606,589.5106,526.9529,555.4874,500.8062,568.7983,592.0351,590.7728500000001,3333.5905
2023-07-08 14:00:00,516.8533,2839.467,467.1223,478.1456,457.4236,444.0769,499.8721,491.67,495.77105,2838.3105
2023-07-08 15:00:00,355.6143,2183.377,355.544,365.2311,352.0347,338.9276,381.0604,389.3288,385.19460000000004,2182.1266
2023-07-08 16:00:00,24.06948,130.9967,23.15647,22.56304,22.60797,21.04532,24.26028,23.07068,,136.70376000000002
2023-07-08 17:00:00,60.90551,351.0134,59.57,57.94307,58.23878,54.44603,61.55986,61.30304,61.43145,353.06078
2023-07-08 18:00:00,113.4561,636.1386,107.5313,103.8788,105.7216,97.69184,109.8581,109.6413,109.74969999999999,634.32294
2023-07-08 19:00:00,127.1301,714.9619,118.8937,115.5066,121.051,110.2873,122.4547,124.5497,123.5022,712.743
2023-07-08 20:00:00,5.710633,49.75243,9.680229,9.314205,9.544706,8.751165,9.960905,9.806213,,57.057423
2023-07-08 21:00:00,0.0,-8.851373,0.0,0.0,0.0,0.0,0.0,0.0,,0.0
2023-07-08 22:00:00,0.0,-8.812054,0.0,0.0,0.0,0.0,0.0,0.0,,0.0
2023-07-08 23:00:00,0.0,-8.809949,0.0,0.0,0.0,0.0,0.0,0.0,,0.0
2023-07-09 00:00:00,0.0,-8.771201,0.0,0.0,0.0,0.0,0.0,0.0,,0.0
2023-07-09 01:00:00,0.0,-8.746993,0.0,0.0,0.0,0.0,0.0,0.0,,0.0
2023-07-09 02:00:00,0.0,-8.779008,0.0,0.0,0.0,0.0,0.0,0.0,,0.0
2023-07-09 03:00:00,0.0,-8.770351,0.0,0.0,0.0,0.0,0.0,0.0,,0.0
2023-07-09 04:00:00,0.0,-8.775249,0.0,0.0,0.0,0.0,0.0,0.0,,0.0
2023-07-09 05:00:00,0.0,-8.791773,0.0,0.0,0.0,0.0,0.0,0.0,,0.0
2023-07-09 06:00:00,15.1606,74.66096,13.72178,13.0079,13.25529,13.03741,13.80508,14.71714,,81.5446
2023-07-09 07:00:00,97.89729,550.1323,96.22089,91.85023,89.15768,85.40566,92.12289,94.28334,95.252115,549.0406899999999
2023-07-09 08:00:00,255.7224,1512.404,257.6118,253.5343,237.7231,234.1929,262.7397,259.0598,260.89975000000004,1504.8616000000002
2023-07-09 09:00:00,325.3489,2063.326,334.1978,322.6447,337.023,330.5692,359.2001,354.1075,356.65380000000005,2037.7423000000001
2023-07-09 10:00:00,610.6293,3434.857,572.447,546.4962,568.3775,576.2183,603.6196,590.7056,597.1626,3457.8642
2023-07-09 11:00:00,846.8353,4446.026,756.1688,713.2712,718.4585,747.1239,780.707,745.248,768.4379,4460.9774
2023-07-09 12:00:00,581.4548,2929.248,497.0363,470.6721,511.26,496.5268,508.902,514.7717,513.01585,2999.1688999999997
2023-07-09 13:00:00,49.32804,84.73184,29.10056,28.75837,38.89005,28.0939,29.89955,31.4008,,186.14323000000002
2023-07-09 14:00:00,121.5557,9.79935,6.461616,6.073865,,8.311041,8.406908,8.117753,8.406908,37.371183
2023-07-09 15:00:00,401.1931,2156.426,376.9258,359.9584,354.118,342.5316,351.4884,353.7691,368.4421,2138.7913
2023-07-09 16:00:00,571.0223,3203.073,506.3587,525.9702,527.4122,531.0937,555.8662,554.9509,555.4085500000001,3201.6519
2023-07-09 17:00:00,568.3758,2465.681,459.7154,412.7396,416.097,382.2434,372.7975,370.295,437.9062,2413.8879
2023-07-09 18:00:00,257.5124,1120.998,176.7723,185.3078,189.5697,191.1094,189.1132,186.7982,190.33955,1118.6706
2023-07-09 19:00:00,88.12846,286.8564,46.95163,46.04705,51.02198,47.36179,47.81806,50.89303,50.957505,290.09354
2023-07-09 20:00:00,0.994183,1.277572,1.891948,1.222196,1.679212,1.646826,1.760578,1.552219,,9.752979
2023-07-09 21:00:00,0.0,-8.814373,0.0,0.0,0.0,0.0,0.0,0.0,,0.0
2023-07-09 22:00:00,0.0,-8.830215,0.0,0.0,0.0,0.0,0.0,0.0,,0.0
2023-07-09 23:00:00,0.0,-8.819421,0.0,0.0,0.0,0.0,0.0,0.0,,0.0
2023-07-10 00:00:00,0.0,-8.787616,0.0,0.0,0.0,0.0,0.0,0.0,,0.0
2023-07-10 01:00:00,0.0,-8.659373,0.0,0.0,0.0,0.0,0.0,0.0,,0.0
2023-07-10 02:00:00,0.0,-8.700698,0.0,0.0,0.0,0.0,0.0,0.0,,0.0
2023-07-10 03:00:00,0.0,-8.696689,0.0,0.0,0.0,0.0,0.0,0.0,,0.0
2023-07-10 04:00:00,0.0,-8.602462,0.0,0.0,0.0,0.0,0.0,0.0,,0.0
2023-07-10 05:00:00,0.0,-8.808012,0.0,0.0,0.0,0.0,0.0,0.0,,0.0
2023-07-10 06:00:00,6.055924,-8.730612,0.0,0.0,0.0,0.0,0.0,0.0,,0.0
2023-07-10 07:00:00,35.31459,171.3195,28.94664,29.46072,28.51419,28.45286,28.7071,32.09133,,176.17284
2023-07-10 08:00:00,104.2069,613.6954,102.3576,99.40421,100.2792,100.5109,104.2557,104.4625,104.35910000000001,611.27011
2023-07-10 09:00:00,154.8788,958.1234,159.3762,154.8731,155.5904,155.8719,163.115,162.2507,162.68285,951.0772999999999
2023-07-10 10:00:00,238.7191,1421.093,237.039,228.9405,231.349,231.3845,241.3745,239.5929,240.4837,1409.6804000000002
2023-07-10 11:00:00,236.5809,1419.985,236.8385,228.7392,231.5046,231.1394,241.0698,238.9179,239.99385,1408.2094
2023-07-10 12:00:00,237.8353,1449.903,241.6969,234.0327,237.0893,236.5438,247.1739,245.0007,246.0873,1441.5373
2023-07-10 13:00:00,272.9293,1613.486,268.5006,260.0392,262.885,262.5667,274.3329,272.7451,273.539,1601.0695
2023-07-10 14:00:00,431.7501,2408.939,402.2588,389.3966,396.5988,388.4072,411.3053,410.1846,410.74495,2398.1513
2023-07-10 15:00:00,640.6918,3129.033,517.7643,506.3847,544.1985,519.7721,528.4858,526.8127,536.34215,3143.4181
2023-07-10 16:00:00,582.3477,3090.072,517.7686,520.521,514.544,510.0769,544.2435,538.8477,541.5456,3146.0017
2023-07-10 17:00:00,467.6371,2411.479,397.6298,413.7534,410.492,401.2845,402.6948,425.6855,419.71945,2451.54
2023-07-10 18:00:00,336.5484,1656.567,265.1224,268.4868,274.5026,281.4745,277.0265,285.2841,283.3793,1651.8969000000002
2023-07-10 19:00:00,99.0676,377.0699,62.23367,60.74704,65.63368,61.86575,63.0169,66.5047,66.06918999999999,380.00174
2023-07-10 20:00:00,3.018775,21.40777,5.241628,4.624863,4.873412,4.748032,5.034891,4.993093,,29.515919000000004
2023-07-10 21:00:00,0.0,-8.922265,0.0,0.0,0.0,0.0,0.0,0.0,,0.0
2023-07-10 22:00:00,0.0,-8.777376,0.0,0.0,0.0,0.0,0.0,0.0,,0.0
2023-07-10 23:00:00,0.0,-8.819574,0.0,0.0,0.0,0.0,0.0,0.0,,0.0
2023-07-11 00:00:00,0.0,-8.847851,0.0,0.0,0.0,0.0,0.0,0.0,,0.0
2023-07-11 01:00:00,0.0,-8.828283,0.0,0.0,0.0,0.0,0.0,0.0,,0.0
2023-07-11 02:00:00,0.0,-8.927524,0.0,0.0,0.0,0.0,0.0,0.0,,0.0
2023-07-11 03:00:00,0.0,-8.699914,0.0,0.0,0.0,0.0,0.0,0.0,,0.0
2023-07-11 04:00:00,0.0,-8.62142,0.0,0.0,0.0,0.0,0.0,0.0,,0.0
2023-07-11 05:00:00,0.0,-8.621709,0.0,0.0,0.0,0.0,0.0,0.0,,0.0
2023-07-11 06:00:00,11.41165,37.39251,7.45551,6.970821,7.313467,7.263629,7.860133,8.106583,,44.970143
2023-07-11 07:00:00,91.03806,396.5226,72.7186,62.55148,68.47367,61.33673,68.48368,63.62427,70.60114,397.18843000000004
2023-07-11 08:00:00,279.7093,1509.771,255.9361,247.5793,247.8687,228.0737,264.6075,250.2395,260.2718,1494.3048
2023-07-11 09:00:00,494.1624,2798.587,446.076,460.3935,462.1936,444.8935,487.8907,480.7396,484.31515,2782.1868999999997
2023-07-11 10:00:00,699.8211,3817.898,602.8948,630.3046,633.923,623.8901,667.0203,662.6426,664.83145,3820.6754
2023-07-11 11:00:00,866.785,4533.008,713.2649,750.7336,756.3759,749.5267,790.697,789.6529,790.1749500000001,4550.251
2023-07-11 12:00:00,971.4671,4874.183,774.8614,816.4465,822.4873,822.0295,832.926,832.8322,832.8791,4901.5829
2023-07-11 13:00:00,895.887,4591.241,725.5416,764.7038,779.4579,765.8165,791.1447,770.9632,785.3013,4597.6277
2023-07-11 14:00:00,825.5805,3739.642,616.6251,596.1569,636.6933,643.3117,619.3563,634.192,640.0025,3746.3353
2023-07-11 15:00:00,907.3056,4506.518,704.8129,747.5086,760.3645,765.3275,779.8096,777.0072,778.4084,4534.8303
2023-07-11 16:00:00,664.4053,3466.638,513.3748,592.0133,560.7789,584.1312,602.4732,600.0844,601.2788,3452.8558000000003
2023-07-11 17:00:00,549.9076,2693.356,414.4871,449.6041,457.944,462.9907,463.9009,446.6837,463.44579999999996,2695.6105000000002
2023-07-11 18:00:00,304.8469,1384.174,204.5602,226.928,233.6844,237.6449,235.3289,242.1022,239.87355000000002,1380.2486000000001
2023-07-11 19:00:00,91.93648,316.0645,48.38838,51.51881,57.06511,53.11686,53.66334,57.29567,57.18039,321.04817
2023-07-11 20:00:00,2.649897,22.38962,4.839919,4.881218,5.188402,5.077776,5.33919,4.951893,,30.278397999999996
2023-07-11 21:00:00,0.0,-9.012197,0.0,0.0,0.0,0.0,0.0,0.0,,0.0
2023-07-11 22:00:00,0.0,-8.879557,0.0,0.0,0.0,0.0,0.0,0.0,,0.0
2023-07-11 23:00:00,0.0,-8.880224,0.0,0.0,0.0,0.0,0.0,0.0,,0.0
2023-07-12 00:00:00,0.0,-8.720959,0.0,0.0,0.0,0.0,0.0,0.0,,0.0
2023-07-12 01:00:00,0.0,-8.785329,0.0,0.0,0.0,0.0,0.0,0.0,,0.0
2023-07-12 02:00:00,0.0,-8.886062,0.0,0.0,0.0,0.0,0.0,0.0,,0.0
2023-07-12 03:00:00,0.0,-8.650933,0.0,0.0,0.0,0.0,0.0,0.0,,0.0
2023-07-12 04:00:00,0.0,-8.581113,0.0,0.0,0.0,0.0,0.0,0.0,,0.0
2023-07-12 05:00:00,0.0,-8.611874,0.0,0.0,0.0,0.0,0.0,0.0,,0.0
2023-07-12 06:00:00,11.26292,28.73903,6.126265,5.739394,5.891311,5.841904,5.698016,6.989266,,36.286156
2023-07-12 07:00:00,87.51881,410.6423,73.89701,64.57133,69.81432,63.88274,73.10737,65.67442,73.50219,410.94719000000003
2023-07-12 08:00:00,262.6529,1446.258,256.7292,234.2879,235.8113,218.4227,250.9137,236.9503,253.82145,1433.1151
2023-07-12 09:00:00,477.1585,2711.443,465.6839,438.941,440.9077,426.3351,465.3741,457.4837,465.529,2694.7254999999996
2023-07-12 10:00:00,683.3544,3741.351,635.7861,607.2876,612.6225,603.3101,643.7064,637.6052,640.6558,3740.3179
2023-07-12 11:00:00,821.1378,4380.919,737.6751,684.47,723.6329,725.4301,763.3414,757.6176,760.4795,4392.167100000001
2023-07-12 12:00:00,956.215,4664.673,795.543,798.1836,763.4698,744.5428,774.4827,791.4062,796.8633,4667.6281
2023-07-12 13:00:00,675.8312,3112.442,481.898,495.9132,570.1155,549.4923,526.7873,554.5771,562.3462999999999,3178.7834
2023-07-12 14:00:00,884.8539,4094.046,702.9311,687.8804,713.909,691.9493,673.5193,648.4724,708.42005,4118.661499999999
2023-07-12 15:00:00,585.962,3014.981,519.2285,526.9132,471.8303,464.9897,503.9292,533.621,530.2671,3020.5119000000004
2023-07-12 16:00:00,732.3851,3595.011,611.6888,590.6439,611.3578,606.3516,601.2834,594.2698,611.5233000000001,3615.5953
2023-07-12 17:00:00,533.5423,2609.925,438.2094,426.2151,441.527,438.3399,429.247,437.7691,439.93345,2611.3075
2023-07-12 18:00:00,284.5952,1304.487,208.3423,209.8452,218.3472,221.0171,218.8375,224.7957,222.90640000000002,1301.185
2023-07-12 19:00:00,89.66472,325.8091,53.68169,52.33183,57.45442,54.0047,54.53264,57.888,57.67121,329.89328
2023-07-12 20:00:00,2.615885,17.90517,4.423309,4.014439,4.357206,4.223001,4.399205,4.362887,,25.780047000000003
2023-07-12 21:00:00,0.01796034,-8.800734,0.0,0.0,0.0,0.0,0.0,0.0,,0.0
2023-07-12 22:00:00,0.0,-8.810775,0.0,0.0,0.0,0.0,0.0,0.0,,0.0
2023-07-12 23:00:00,0.0,-8.83002,0.0,0.0,0.0,0.0,0.0,0.0,,0.0
2023-07-13 00:00:00,0.0,-8.841403,0.0,0.0,0.0,0.0,0.0,0.0,,0.0
2023-07-13 01:00:00,0.0,-8.775172,0.0,0.0,0.0,0.0,0.0,0.0,,0.0
2023-07-13 02:00:00,0.0,-8.824151,0.0,0.0,0.0,0.0,0.0,0.0,,0.0
2023-07-13 03:00:00,0.0,-8.828279,0.0,0.0,0.0,0.0,0.0,0.0,,0.0
2023-07-13 04:00:00,0.0,-8.830774,0.0,0.0,0.0,0.0,0.0,0.0,,0.0
2023-07-13 05:00:00,0.0,-8.754043,0.0,0.0,0.0,0.0,0.0,0.0,,0.0
2023-07-13 06:00:00,9.484997,11.32329,2.205121,2.024353,2.144112,3.363245,3.53975,4.511705,,17.788286
2023-07-13 07:00:00,86.38154,386.4166,69.84497,60.18814,66.14433,59.27585,69.88462,61.3059,69.864795,386.64381
2023-07-13 08:00:00,275.5822,1479.426,261.2246,239.0398,239.0462,222.4086,254.7,241.6737,257.9623,1458.0929
2023-07-13 09:00:00,459.2732,2592.798,443.2454,418.8596,419.4831,406.0477,449.7968,441.8405,446.52110000000005,2579.2731000000003
2023-07-13 10:00:00,686.7365,3776.111,640.2639,611.8391,613.3621,607.2534,647.3281,641.0095,644.1687999999999,3761.0561
2023-07-13 11:00:00,786.3239,4179.77,720.9241,692.9238,694.7124,690.6616,709.9062,688.2421,715.41515,4197.3702
2023-07-13 12:00:00,762.8348,3439.511,604.6489,543.2465,602.6473,619.9811,563.1719,502.3063,612.315,3436.0020000000004
2023-07-13 13:00:00,807.2631,4151.768,682.0461,703.7702,672.1304,698.4683,704.0466,731.0558,717.5512,4191.5174
2023-07-13 14:00:00,934.4114,4567.657,752.4964,752.9063,764.4365,786.0875,763.4562,750.2806,775.262,4569.663500000001
2023-07-13 15:00:00,811.7533,4058.944,678.8724,660.574,663.7296,681.3132,697.5475,698.064,697.80575,4080.1007
2023-07-13 16:00:00,647.3796,3302.944,546.6668,535.5037,551.256,550.524,558.9376,562.3779,560.65775,3305.266
2023-07-13 17:00:00,443.2093,2274.167,375.7387,370.8159,377.5107,383.2605,382.2009,381.5042,382.73069999999996,2271.0309
2023-07-13 18:00:00,181.9092,910.862,150.3902,150.7586,150.7986,155.2312,152.7509,152.0529,153.99105,911.9824
2023-07-13 19:00:00,52.15392,265.1204,44.72517,43.74577,44.42023,44.71645,46.03521,46.10027,46.06774,269.7431
2023-07-13 20:00:00,2.467849,11.23919,3.416105,3.025896,3.328078,3.339597,3.551568,3.469975,,20.131219
2023-07-13 21:00:00,0.0,-8.908418,0.0,0.0,0.0,0.0,0.0,0.0,,0.0
2023-07-13 22:00:00,0.0,-8.885794,0.0,0.0,0.0,0.0,0.0,0.0,,0.0
2023-07-13 23:00:00,0.0,-8.90244,0.0,0.0,0.0,0.0,0.0,0.0,,0.0
2023-07-14 00:00:00,0.0,-8.772017,0.0,0.0,0.0,0.0,0.0,0.0,,0.0
2023-07-14 01:00:00,0.0,-8.797995,0.0,0.0,0.0,0.0,0.0,0.0,,0.0
2023-07-14 02:00:00,0.0,-8.810377,0.0,0.0,0.0,0.0,0.0,0.0,,0.0
2023-07-14 03:00:00,0.0,-8.805737,0.0,0.0,0.0,0.0,0.0,0.0,,0.0
2023-07-14 04:00:00,0.0,-8.80346,0.0,0.0,0.0,0.0,0.0,0.0,,0.0
2023-07-14 05:00:00,0.0,-8.76892,0.0,0.0,0.0,0.0,0.0,0.0,,0.0
2023-07-14 06:00:00,0.0,-8.583244,0.0,0.0,0.0,0.0,0.0,0.0,,0.0
2023-07-14 07:00:00,10.86379,18.27581,4.433705,4.089868,4.429887,4.510948,4.55698,4.363905,,26.385292999999997
2023-07-14 08:00:00,41.80677,208.0503,35.80098,34.02111,35.28312,35.34891,36.24551,35.20546,,211.90508999999997
2023-07-14 09:00:00,229.6873,1332.032,215.9057,221.4532,214.6132,215.1998,227.1708,224.9875,226.07915000000003,1319.3301999999999
2023-07-14 10:00:00,477.5688,2631.806,423.8237,445.7497,434.0328,445.7787,450.0348,414.737,447.90675,2614.1567
2023-07-14 11:00:00,350.774,2129.889,325.9697,340.1748,342.7741,368.1519,381.6221,358.7719,374.887,2117.4645
2023-07-14 12:00:00,616.5831,3061.956,500.7098,513.6819,482.6245,494.6411,524.9467,550.951,537.94885,3067.5550000000003
2023-07-14 13:00:00,684.2807,3246.148,542.808,492.3178,556.5397,544.6473,550.7065,548.0037,553.6231,3235.023
2023-07-14 14:00:00,335.521,833.5447,141.4575,133.4329,140.5388,140.4662,141.9567,137.1102,141.70710000000003,834.9623
2023-07-14 15:00:00,584.2692,2809.818,475.9998,459.9247,461.5519,463.3087,458.0832,459.675,469.65425,2778.5433000000003
2023-07-14 16:00:00,311.8189,1836.36,298.6405,305.8181,303.3188,304.9917,314.3244,300.6721,310.07125,1827.7656
2023-07-14 17:00:00,343.5023,1776.569,293.6948,291.9707,303.7251,288.626,304.5402,295.8662,304.13265,1778.4229999999998
2023-07-14 18:00:00,63.42265,351.9073,59.58361,57.72035,58.33506,58.29533,60.86873,60.10468,60.486705,354.90776000000005
2023-07-14 19:00:00,65.84427,342.9319,56.40016,55.18273,56.75035,56.93869,58.89989,59.60703,59.253460000000004,343.77885000000003
2023-07-14 20:00:00,2.511068,7.061157,2.583819,2.527369,2.499543,2.496934,2.624172,2.544651,,15.276488
2023-07-14 21:00:00,0.0,-8.831627,0.0,0.0,0.0,0.0,0.0,0.0,,0.0
2023-07-14 22:00:00,0.0,-8.867285,0.0,0.0,0.0,0.0,0.0,0.0,,0.0
2023-07-14 23:00:00,0.0,-8.760342,0.0,0.0,0.0,0.0,0.0,0.0,,0.0
2023-07-15 00:00:00,0.0,-8.687435,0.0,0.0,0.0,0.0,0.0,0.0,,0.0
2023-07-15 01:00:00,0.0,-8.496861,0.0,0.0,0.0,0.0,0.0,0.0,,0.0
2023-07-15 02:00:00,0.0,-8.486963,0.0,0.0,0.0,0.0,0.0,0.0,,0.0
2023-07-15 03:00:00,0.0,-8.463762,0.0,0.0,0.0,0.0,0.0,0.0,,0.0
2023-07-15 04:00:00,0.0,-8.378929,0.0,0.0,0.0,0.0,0.0,0.0,,0.0
2023-07-15 05:00:00,0.0,-8.309618,0.0,0.0,0.0,0.0,0.0,0.0,,0.0
2023-07-15 06:00:00,14.41254,63.46553,11.18858,11.43976,10.63292,11.58076,12.76008,12.59787,,70.19997000000001
2023-07-15 07:00:00,90.2412,492.282,84.32875,80.76738,83.55632,77.21748,83.67091,80.49249,83.99983,490.03333
2023-07-15 08:00:00,218.5988,1191.11,206.7058,193.135,201.8232,185.1208,197.6281,200.8423,204.2645,1185.2552
2023-07-15 09:00:00,452.0948,2504.695,431.0973,410.122,427.5498,412.7819,433.2434,394.7934,432.17035,2509.5878
2023-07-15 10:00:00,418.8201,2332.251,399.3506,388.9331,376.341,375.317,396.0612,382.7711,397.7059,2318.774
2023-07-15 11:00:00,486.7625,2564.256,435.1618,432.8077,424.5695,394.4019,420.3206,450.4247,442.79325,2557.6862
2023-07-15 12:00:00,675.463,3290.596,572.2097,524.8644,571.7714,528.5955,533.9065,552.3107,571.99055,3283.6582
2023-07-15 13:00:00,641.5242,3164.802,519.9626,492.4721,506.2551,463.4557,568.9662,599.3032,584.1347,3150.4148999999998
2023-07-15 14:00:00,633.6411,3261.203,539.1412,563.6396,508.6497,538.7421,534.1735,583.8335,573.73655,3268.1795999999995
2023-07-15 15:00:00,576.2847,2933.587,474.7705,458.8258,474.5087,505.6959,523.6631,502.6965,514.6795,2940.1605
2023-07-15 16:00:00,584.041,3160.904,533.8284,510.1263,532.662,522.175,520.036,498.9375,533.2452000000001,3117.7652
2023-07-15 17:00:00,300.2271,1506.245,257.3613,242.4241,263.7107,248.7106,250.9761,257.1017,260.536,1520.2845
2023-07-15 18:00:00,133.0062,704.7711,119.2923,113.0087,115.9273,116.6487,119.7599,120.5106,120.13525,705.1474999999999
2023-07-15 19:00:00,66.26952,366.9001,61.8088,59.72517,61.18312,60.43793,62.67237,63.51643,63.0944,369.34382
2023-07-15 20:00:00,3.897527,26.37397,5.821802,5.561663,5.693179,5.646242,5.891705,5.674976,,34.289567000000005
2023-07-15 21:00:00,0.0,-8.807363,0.0,0.0,0.0,0.0,0.0,0.0,,0.0
2023-07-15 22:00:00,0.0,-8.644418,0.0,0.0,0.0,0.0,0.0,0.0,,0.0
2023-07-15 23:00:00,0.0,-8.842162,0.0,0.0,0.0,0.0,0.0,0.0,,0.0
2023-07-16 00:00:00,0.0,-8.643876,0.0,0.0,0.0,0.0,0.0,0.0,,0.0
2023-07-16 01:00:00,0.0,-8.641992,0.0,0.0,0.0,0.0,0.0,0.0,,0.0
2023-07-16 02:00:00,0.0,-8.765017,0.0,0.0,0.0,0.0,0.0,0.0,,0.0
2023-07-16 03:00:00,0.0,-8.752477,0.0,0.0,0.0,0.0,0.0,0.0,,0.0
2023-07-16 04:00:00,0.0,-8.765105,0.0,0.0,0.0,0.0,0.0,0.0,,0.0
2023-07-16 05:00:00,0.0,-8.790157,0.0,0.0,0.0,0.0,0.0,0.0,,0.0
2023-07-16 06:00:00,7.07541,-8.780153,0.0,0.0,0.0,0.0,0.0,0.0,,0.0
2023-07-16 07:00:00,62.46559,281.4635,49.42986,46.10403,46.92289,45.54676,48.65445,46.77572,49.042154999999994,283.43371
2023-07-16 08:00:00,221.8098,1208.575,201.7674,205.185,191.7282,185.3978,214.3735,207.1481,210.76080000000002,1205.6
2023-07-16 09:00:00,351.808,2064.631,345.1763,331.4142,322.8416,334.869,379.6502,347.2957,363.47294999999997,2061.2470000000003
2023-07-16 10:00:00,567.8102,3028.687,522.3301,498.748,486.2622,494.6248,520.0124,515.4269,521.17125,3037.4044
2023-07-16 11:00:00,752.1252,3536.788,624.5961,548.5982,626.5089,580.7941,572.9421,565.241,625.5525,3518.6804
2023-07-16 12:00:00,856.5339,4200.422,698.496,644.6727,700.7572,692.5356,724.9581,741.3163,733.1371999999999,4202.7359
2023-07-16 13:00:00,911.6387,4326.189,719.2045,687.1716,719.7488,764.9623,761.8915,737.7202,763.4268999999999,4390.698899999999
2023-07-16 14:00:00,920.1942,4279.261,741.9342,713.0933,740.4576,737.4109,698.3652,695.888,741.1958999999999,4327.1492
2023-07-16 15:00:00,705.5613,3479.078,603.2957,572.9374,593.8325,588.1786,572.231,564.5515,598.5641,3495.0267
2023-07-16 16:00:00,740.1733,3654.895,611.2144,588.2672,610.4012,615.1505,610.9895,613.004,614.07725,3649.0268
2023-07-16 17:00:00,544.9202,2675.695,439.1179,423.2946,445.3162,454.1584,454.7327,456.9166,455.82465,2673.5364000000004
2023-07-16 18:00:00,292.1879,1336.632,213.1841,215.3647,222.4064,226.1962,224.1635,229.1962,227.6962,1330.5111
2023-07-16 19:00:00,81.47524,324.1682,53.71171,52.33658,56.40483,54.02765,54.77931,57.02439,56.71460999999999,328.28446999999994
2023-07-16 20:00:00,1.986285,18.4611,4.42962,4.276311,4.467352,4.44783,4.566684,4.4037,,26.591497000000004
2023-07-16 21:00:00,0.0,-8.852852,0.0,0.0,0.0,0.0,0.0,0.0,,0.0
2023-07-16 22:00:00,0.0,-8.792839,0.0,0.0,0.0,0.0,0.0,0.0,,0.0
2023-07-16 23:00:00,0.0,-8.829029,0.0,0.0,0.0,0.0,0.0,0.0,,0.0
2023-07-17 00:00:00,0.0,-8.773544,0.0,0.0,0.0,0.0,0.0,0.0,,0.0
2023-07-17 01:00:00,0.0,-8.788139,0.0,0.0,0.0,0.0,0.0,0.0,,0.0
2023-07-17 02:00:00,0.0,-8.736549,0.0,0.0,0.0,0.0,0.0,0.0,,0.0
2023-07-17 03:00:00,0.0,-8.773784,0.0,0.0,0.0,0.0,0.0,0.0,,0.0
2023-07-17 04:00:00,0.0,-8.74579,0.0,0.0,0.0,0.0,0.0,0.0,,0.0
2023-07-17 05:00:00,0.0,-8.668136,0.0,0.0,0.0,0.0,0.0,0.0,,0.0
2023-07-17 06:00:00,5.184504,-8.737562,0.0,0.0,0.0,0.0,0.0,0.0,,0.0
2023-07-17 07:00:00,68.43834,348.3711,59.48133,56.14855,57.23927,56.23919,61.28921,59.47009,60.38527,349.86764000000005
2023-07-17 08:00:00,240.285,1378.26,236.6918,222.3748,224.5183,217.3061,235.6729,228.5023,236.18234999999999,1365.0662000000002
2023-07-17 09:00:00,399.3182,2270.882,385.6476,366.699,365.4089,359.3447,389.4037,382.2473,387.52565000000004,2248.7512000000006
2023-07-17 10:00:00,590.9838,3289.898,556.5423,535.5613,533.383,529.2866,564.5489,558.7327,561.6408,3278.0548000000003
2023-07-17 11:00:00,754.6755,4035.133,679.6212,660.8826,666.8862,661.1544,696.0051,690.2918,693.1484499999999,4054.8412999999996
2023-07-17 12:00:00,687.5312,3661.761,618.4062,598.8857,600.0708,603.4714,628.2277,622.8499,625.5388,3671.9117
2023-07-17 13:00:00,830.1054,4325.565,724.9821,705.6923,710.1747,715.8431,743.7737,742.103,742.9383499999999,4342.5689
2023-07-17 14:00:00,812.0114,4203.414,702.7775,688.4152,689.7686,696.2729,721.4419,721.7895,721.6157000000001,4220.4655999999995
2023-07-17 15:00:00,609.0244,3173.765,528.7791,518.6507,519.7125,528.9424,544.6669,542.6053,543.6361,3183.3569
2023-07-17 16:00:00,437.7772,2296.926,381.3159,369.9324,373.2822,380.3726,391.4331,388.781,390.10705,2285.1171999999997
2023-07-17 17:00:00,253.4911,1376.895,229.5077,222.116,226.1847,228.2702,234.246,233.1891,233.71755000000002,1373.5137000000002
2023-07-17 18:00:00,175.6882,911.7009,150.1575,147.3948,149.782,151.5088,154.7127,155.4539,155.0833,909.0097000000001
2023-07-17 19:00:00,54.57671,287.4225,48.29545,47.16146,47.8859,47.98544,49.57542,49.40294,49.489180000000005,290.30661
2023-07-17 20:00:00,2.26019,7.862953,2.702309,1.94313,2.679118,2.611254,2.821033,2.746389,,15.503233
2023-07-17 21:00:00,0.0,-8.762487,0.0,0.0,0.0,0.0,0.0,0.0,,0.0
2023-07-17 22:00:00,0.0,-8.704628,0.0,0.0,0.0,0.0,0.0,0.0,,0.0
2023-07-17 23:00:00,0.0,-8.743148,0.0,0.0,0.0,0.0,0.0,0.0,,0.0
2023-07-18 00:00:00,0.0,-8.710382,0.0,0.0,0.0,0.0,0.0,0.0,,0.0
2023-07-18 01:00:00,0.0,-8.685917,0.0,0.0,0.0,0.0,0.0,0.0,,0.0
2023-07-18 02:00:00,0.0,-8.741412,0.0,0.0,0.0,0.0,0.0,0.0,,0.0
2023-07-18 03:00:00,0.0,-8.783704,0.0,0.0,0.0,0.0,0.0,0.0,,0.0
2023-07-18 04:00:00,0.0,-8.75369,0.0,0.0,0.0,0.0,0.0,0.0,,0.0
2023-07-18 05:00:00,0.0,-8.645034,0.0,0.0,0.0,0.0,0.0,0.0,,0.0
2023-07-18 06:00:00,8.594905,31.80397,6.724413,6.338419,6.460164,6.384243,6.248709,7.189601,,39.34554899999999
2023-07-18 07:00:00,80.16201,428.4386,74.24539,68.96461,71.06351,68.79721,73.94302,71.40386,74.094205,428.4176
2023-07-18 08:00:00,231.3035,1275.347,221.6396,205.9361,207.5596,198.6767,219.5038,209.9926,220.57170000000002,1263.3084
2023-07-18 09:00:00,426.4645,2421.485,414.1848,391.6345,392.4602,382.9831,415.1043,405.7849,414.64455,2402.1518
2023-07-18 10:00:00,622.6791,3422.05,581.7164,556.6828,557.1425,551.8152,587.7147,580.3685,584.71555,3415.4401000000003
2023-07-18 11:00:00,773.467,4086.501,690.3273,666.7308,668.4667,668.5685,701.5618,697.3184,699.4401,4092.9735
2023-07-18 12:00:00,872.7324,4521.639,760.0368,737.4887,742.1901,745.8445,777.8816,775.6185,776.7500500000001,4539.0602
2023-07-18 13:00:00,920.4415,4695.228,785.2177,766.5626,770.8499,780.7484,807.3339,806.7441,807.039,4717.4566
2023-07-18 14:00:00,872.6033,4420.282,738.119,720.5378,727.3309,737.9541,758.1605,756.7629,757.4617,4438.8652
2023-07-18 15:00:00,762.1199,3868.657,642.5198,629.6575,636.486,647.1664,661.2408,661.8126,661.5267,3878.8831
2023-07-18 16:00:00,636.283,3211.849,530.2846,522.0491,527.5967,538.1475,546.2028,548.5698,547.3863,3212.8505000000005
2023-07-18 17:00:00,436.7324,2204.81,360.9038,357.2365,361.9268,369.7795,372.5419,375.1198,373.83085,2197.5083
2023-07-18 18:00:00,229.8331,1140.143,185.185,184.4462,188.3014,191.1279,192.3685,194.8078,193.58814999999998,1136.2368000000001
2023-07-18 19:00:00,56.47419,273.1238,45.7947,44.80376,47.07095,46.15284,47.26172,47.69692,47.47932,278.78089
2023-07-18 20:00:00,3.230515,23.6397,5.330719,5.098651,5.296746,5.318646,5.51529,5.425262,,31.985314000000002
2023-07-18 21:00:00,0.0,-8.794143,0.0,0.0,0.0,0.0,0.0,0.0,,0.0
2023-07-18 22:00:00,0.0,-8.78597,0.0,0.0,0.0,0.0,0.0,0.0,,0.0
2023-07-18 23:00:00,0.0,-8.74012,0.0,0.0,0.0,0.0,0.0,0.0,,0.0
2023-07-19 00:00:00,0.0,-8.718542,0.0,0.0,0.0,0.0,0.0,0.0,,0.0
2023-07-19 01:00:00,0.0,-8.793995,0.0,0.0,0.0,0.0,0.0,0.0,,0.0
2023-07-19 02:00:00,0.0,-8.848504,0.0,0.0,0.0,0.0,0.0,0.0,,0.0
2023-07-19 03:00:00,0.0,-8.733326,0.0,0.0,0.0,0.0,0.0,0.0,,0.0
2023-07-19 04:00:00,0.0,-8.793254,0.0,0.0,0.0,0.0,0.0,0.0,,0.0
2023-07-19 05:00:00,0.0,-8.728543,0.0,0.0,0.0,0.0,0.0,0.0,,0.0
2023-07-19 06:00:00,11.22673,42.50756,8.073257,7.760798,7.968273,7.887435,8.35352,10.68936,,50.732643
2023-07-19 07:00:00,30.54203,159.816,27.69784,26.77272,27.17545,27.06542,28.38282,27.88286,,164.97711
2023-07-19 08:00:00,63.46867,365.7074,61.41346,59.85329,59.87007,60.41907,62.84101,62.47145,62.656229999999994,366.86835
2023-07-19 09:00:00,103.2913,614.501,102.0759,100.012,98.89699,100.04,105.2841,105.181,105.23255,611.48999
2023-07-19 10:00:00,391.6584,2406.097,381.4627,405.3226,379.3366,400.0604,408.9441,388.6789,407.13335,2363.8053
2023-07-19 11:00:00,720.6063,3922.062,633.2552,645.2902,634.1123,671.441,688.4022,669.5913,679.9216,3942.0922
2023-07-19 12:00:00,858.9485,4467.994,748.3856,727.3715,732.8958,732.7509,766.8467,766.5903,766.7185,4474.8408
2023-07-19 13:00:00,940.2844,4686.54,788.6533,773.7795,772.2439,775.4975,786.5002,789.2306,788.9419499999999,4685.905
2023-07-19 14:00:00,893.5002,4452.887,746.8146,736.75,733.0726,747.8906,764.4263,767.6991,766.0627,4496.6532
2023-07-19 15:00:00,726.4737,3828.179,628.3862,626.8291,613.0441,630.5331,653.4329,657.5522,655.4925499999999,3809.7776000000003
2023-07-19 16:00:00,481.4477,2488.93,416.4109,404.4545,420.2126,414.0971,423.5378,419.4854,421.8752,2498.1983
2023-07-19 17:00:00,308.0776,1682.889,278.6736,272.3985,269.4767,276.002,283.5984,283.5554,283.5769,1663.7046
2023-07-19 18:00:00,209.1823,1098.995,180.4945,177.9456,181.2955,182.4293,186.0899,187.2088,186.64935,1095.4636
2023-07-19 19:00:00,71.88915,283.9413,47.10635,45.66182,49.41301,47.30124,47.80114,49.46442,49.438715,286.74798
2023-07-19 20:00:00,1.536792,10.2258,3.036611,2.916607,3.047072,3.040522,3.145776,3.068603,,18.255191
2023-07-19 21:00:00,0.0,-8.895646,0.0,0.0,0.0,0.0,0.0,0.0,,0.0
2023-07-19 22:00:00,0.0,-8.869765,0.0,0.0,0.0,0.0,0.0,0.0,,0.0
2023-07-19 23:00:00,0.0,-8.85216,0.0,0.0,0.0,0.0,0.0,0.0,,0.0
2023-07-20 00:00:00,0.0,-8.691358,0.0,0.0,0.0,0.0,0.0,0.0,,0.0
2023-07-20 01:00:00,0.0,-8.724378,0.0,0.0,0.0,0.0,0.0,0.0,,0.0
2023-07-20 02:00:00,0.0,-8.769532,0.0,0.0,0.0,0.0,0.0,0.0,,0.0
2023-07-20 03:00:00,0.0,-8.792111,0.0,0.0,0.0,0.0,0.0,0.0,,0.0
2023-07-20 04:00:00,0.0,-8.791791,0.0,0.0,0.0,0.0,0.0,0.0,,0.0
2023-07-20 05:00:00,0.0,-8.670366,0.0,0.0,0.0,0.0,0.0,0.0,,0.0
2023-07-20 06:00:00,7.515466,-5.796225,0.2649578,0.2334448,0.3224582,0.306357,0.2865825,1.152295,,2.5660952999999997
2023-07-20 07:00:00,77.95907,334.4189,61.04895,51.62464,58.36122,51.75837,59.64818,53.06879,60.348565,335.51015
2023-07-20 08:00:00,262.1052,1404.297,251.3376,229.2768,229.4458,211.5013,244.8638,229.3109,248.10070000000002,1395.7362
2023-07-20 09:00:00,474.6024,2676.579,460.5073,434.0094,433.1624,419.8751,460.1724,451.6494,460.33984999999996,2659.376
2023-07-20 10:00:00,673.487,3681.316,624.9675,599.5065,599.2587,592.7363,632.6586,627.599,630.1288,3676.7266
2023-07-20 11:00:00,778.0012,4221.401,710.405,690.1423,690.1707,692.2286,727.3003,725.3351,726.3177000000001,4235.581999999999
2023-07-20 12:00:00,800.7141,4092.062,709.1923,701.5811,687.0079,674.5695,673.0712,687.1843,705.3867,4132.6063
2023-07-20 13:00:00,740.4204,3815.419,662.3073,615.9592,642.8624,648.8255,653.2023,657.7537,660.0305000000001,3880.9103999999998
2023-07-20 14:00:00,439.5093,2429.544,403.1923,393.4897,394.5792,404.8977,421.1222,421.2362,421.17920000000004,2438.5173
2023-07-20 15:00:00,357.1402,1992.041,333.2688,322.0962,328.8573,327.0726,339.5384,336.9886,338.2635,1987.8219000000004
2023-07-20 16:00:00,244.3232,1390.656,233.6029,224.0894,229.2549,227.7312,235.8315,234.3534,235.09244999999999,1384.8633
2023-07-20 17:00:00,234.9041,1342.088,222.9892,215.8424,220.3558,219.4373,226.7242,227.3842,227.05419999999998,1332.7331
2023-07-20 18:00:00,188.8369,1021.501,167.9418,164.6102,169.2486,169.8978,172.6295,173.774,173.20175,1018.1019
2023-07-20 19:00:00,70.82886,377.1349,63.18238,61.17543,63.53011,62.95116,64.48325,64.75557,64.61941,380.0779
2023-07-20 20:00:00,1.960623,12.28746,3.444807,3.248948,3.542071,3.566757,3.622775,3.577561,,21.002919
2023-07-20 21:00:00,0.0,-8.891619,0.0,0.0,0.0,0.0,0.0,0.0,,0.0
2023-07-20 22:00:00,0.0,-8.844384,0.0,0.0,0.0,0.0,0.0,0.0,,0.0
2023-07-20 23:00:00,0.0,-8.841304,0.0,0.0,0.0,0.0,0.0,0.0,,0.0
2023-07-21 00:00:00,0.0,-8.8479,0.0,0.0,0.0,0.0,0.0,0.0,,0.0
2023-07-21 01:00:00,0.0,-8.762127,0.0,0.0,0.0,0.0,0.0,0.0,,0.0
2023-07-21 02:00:00,0.0,-8.633628,0.0,0.0,0.0,0.0,0.0,0.0,,0.0
2023-07-21 03:00:00,0.0,-8.647285,0.0,0.0,0.0,0.0,0.0,0.0,,0.0
2023-07-21 04:00:00,0.0,-8.637808,0.0,0.0,0.0,0.0,0.0,0.0,,0.0
2023-07-21 05:00:00,0.0,-8.599629,0.0,0.0,0.0,0.0,0.0,0.0,,0.0
2023-07-21 06:00:00,7.213765,-7.774673,0.1401365,0.1237309,0.1286984,0.1226651,0.1146694,0.112212,,0.7421123
2023-07-21 07:00:00,81.23179,329.8391,60.54722,51.52771,57.94238,51.4998,57.25246,52.54895,59.2448,331.31852
2023-07-21 08:00:00,266.2955,1394.262,249.8828,225.9125,228.7339,209.4762,241.2776,225.8699,245.5802,1381.1528999999998
2023-07-21 09:00:00,481.2618,2667.761,465.9273,429.8965,442.6773,422.6838,455.2018,447.4431,460.56455,2663.8298
2023-07-21 10:00:00,689.1409,3768.132,650.0876,612.7086,624.0821,608.4741,631.0851,639.2092,644.6484,3765.6467000000002
2023-07-21 11:00:00,851.7423,4499.276,770.6637,738.4193,748.5935,737.2081,770.3098,769.6404,770.48675,4534.8348
2023-07-21 12:00:00,938.6896,4874.27,825.5366,802.681,829.2371,825.5846,792.4512,775.9023,827.41085,4851.3928000000005
2023-07-21 13:00:00,929.0881,4629.435,755.715,751.1292,763.4948,792.6981,795.0848,795.7228,795.4038,4653.8447
2023-07-21 14:00:00,871.1859,4056.604,694.3704,690.4283,681.6989,662.9155,663.1653,678.1674,692.39935,4070.7458000000006
2023-07-21 15:00:00,885.832,4559.697,752.4321,750.8419,751.5378,761.1577,782.3549,778.1407,780.2478000000001,4576.4651
2023-07-21 16:00:00,744.1777,3767.533,627.0853,612.5493,624.895,631.1456,645.2319,638.3386,641.78525,3779.2456999999995
2023-07-21 17:00:00,516.4195,2601.209,424.5298,419.7675,429.0689,437.1311,440.7404,446.6466,443.6935,2597.8843
2023-07-21 18:00:00,289.3189,1348.399,216.5595,215.9305,224.8361,227.2766,226.2069,231.5365,229.40654999999998,1342.3461
2023-07-21 19:00:00,81.67001,374.101,62.69152,60.75558,64.50881,62.24419,63.57328,65.09605,64.80243,378.86943
2023-07-21 20:00:00,1.384694,3.869217,2.227903,1.745531,2.020163,2.156237,2.066214,2.166953,,12.383001
2023-07-21 21:00:00,0.0,-8.929459,0.0,0.0,0.0,0.0,0.0,0.0,,0.0
2023-07-21 22:00:00,0.0,-8.80891,0.0,0.0,0.0,0.0,0.0,0.0,,0.0
2023-07-21 23:00:00,0.0,-8.807364,0.0,0.0,0.0,0.0,0.0,0.0,,0.0
2023-07-22 00:00:00,0.0,-8.614847,0.0,0.0,0.0,0.0,0.0,0.0,,0.0
2023-07-22 01:00:00,0.0,-8.672922,0.0,0.0,0.0,0.0,0.0,0.0,,0.0
2023-07-22 02:00:00,0.0,-8.600574,0.0,0.0,0.0,0.0,0.0,0.0,,0.0
2023-07-22 03:00:00,0.0,-8.653026,0.0,0.0,0.0,0.0,0.0,0.0,,0.0
2023-07-22 04:00:00,0.0,-8.69148,0.0,0.0,0.0,0.0,0.0,0.0,,0.0
2023-07-22 05:00:00,0.0,-8.606329,0.0,0.0,0.0,0.0,0.0,0.0,,0.0
2023-07-22 06:00:00,9.599137,48.71247,9.650288,9.177253,9.274381,9.189581,8.968122,9.50128,,55.76090500000001
2023-07-22 07:00:00,61.68437,361.3809,61.73325,58.93572,59.79197,59.3063,61.11952,61.62079,61.67702,362.50755
2023-07-22 08:00:00,152.1237,929.4961,152.781,148.7341,148.4158,146.8698,159.3988,157.1159,158.25735,913.3154
2023-07-22 09:00:00,106.243,613.2388,102.2197,98.7783,99.24934,99.27793,103.3171,102.1063,102.7684,604.94867
2023-07-22 10:00:00,464.7759,2505.885,408.6937,411.6382,402.5355,404.7948,421.7836,436.4038,429.0937,2485.8495999999996
2023-07-22 11:00:00,458.8517,2520.163,421.424,411.5198,408.8667,406.9488,429.9081,436.1853,433.0467,2514.8527000000004
2023-07-22 12:00:00,248.3586,1408.863,236.3172,226.7088,231.1561,230.4129,239.9319,237.3826,238.65725,1401.9095
2023-07-22 13:00:00,173.6452,1060.325,176.4875,171.3488,171.4615,172.7613,181.5185,180.638,181.07825,1054.2156
2023-07-22 14:00:00,230.427,1378.393,229.2507,222.322,223.308,224.2423,235.5768,234.5114,235.04410000000001,1369.2112
2023-07-22 15:00:00,415.7863,2331.713,386.6701,380.771,372.257,364.23,397.6908,395.9307,396.81075,2297.5496000000003
2023-07-22 16:00:00,494.3969,2871.75,452.6024,467.5912,445.3644,471.9196,503.9377,510.1124,507.02504999999996,2851.5277
2023-07-22 17:00:00,412.6366,2197.821,357.486,356.2506,355.9828,360.2277,373.8841,374.6978,374.29094999999995,2178.529
2023-07-22 18:00:00,221.6834,1077.856,172.3444,170.8629,180.0718,183.9396,180.2181,183.5402,183.7399,1070.9769999999999
2023-07-22 19:00:00,60.36484,299.4578,50.81187,48.27517,50.99056,49.78358,50.94616,51.48006,51.23531,302.2874
2023-07-22 20:00:00,5.415352,46.67633,9.052928,8.787576,8.918208,8.939514,9.188417,9.163527,,54.05017
2023-07-22 21:00:00,0.0,-8.870141,0.0,0.0,0.0,0.0,0.0,0.0,,0.0
2023-07-22 22:00:00,0.0,-8.884428,0.0,0.0,0.0,0.0,0.0,0.0,,0.0
2023-07-22 23:00:00,0.0,-8.749516,0.0,0.0,0.0,0.0,0.0,0.0,,0.0
2023-07-23 00:00:00,0.0,-8.634226,0.0,0.0,0.0,0.0,0.0,0.0,,0.0
2023-07-23 01:00:00,0.0,-8.686152,0.0,0.0,0.0,0.0,0.0,0.0,,0.0
2023-07-23 02:00:00,0.0,-8.718135,0.0,0.0,0.0,0.0,0.0,0.0,,0.0
2023-07-23 03:00:00,0.0,-8.71846,0.0,0.0,0.0,0.0,0.0,0.0,,0.0
2023-07-23 04:00:00,0.0,-8.748999,0.0,0.0,0.0,0.0,0.0,0.0,,0.0
2023-07-23 05:00:00,0.0,-8.701397,0.0,0.0,0.0,0.0,0.0,0.0,,0.0
2023-07-23 06:00:00,8.278586,28.60066,6.281098,5.836552,6.119102,6.00671,6.330307,5.996801,,36.570570000000004
2023-07-23 07:00:00,92.21651,459.9782,80.76907,71.77248,77.6591,72.45821,81.62375,74.4865,81.19641,458.76910999999996
2023-07-23 08:00:00,237.3956,1320.661,228.663,209.4332,210.7553,199.4237,228.2975,211.2995,228.48025,1287.8722000000002
2023-07-23 09:00:00,476.4226,2737.866,468.0276,440.1532,445.0685,429.9611,470.6937,461.355,469.36064999999996,2715.2590999999998
2023-07-23 10:00:00,643.5282,3464.712,589.2179,607.6914,570.8866,561.6544,602.7831,532.5531,605.23725,3464.7865
2023-07-23 11:00:00,672.6733,3742.082,608.569,602.165,543.2635,607.6118,680.0107,706.8359,693.4233,3748.4559
2023-07-23 12:00:00,756.2919,3485.917,598.7111,567.5084,572.1167,556.3867,580.0997,599.2142,598.9626499999999,3474.0368000000003
2023-07-23 13:00:00,988.9202,4464.727,785.503,768.5145,735.9169,735.3703,721.4278,757.7225,777.00875,4504.455
2023-07-23 14:00:00,972.324,4456.556,764.9309,746.2163,752.157,743.6219,729.5375,740.7983,758.54395,4477.2619
2023-07-23 15:00:00,838.4977,4231.267,701.0583,693.0358,695.029,694.4156,725.0112,740.3652,732.6882,4248.9151
2023-07-23 16:00:00,500.2492,2528.778,414.8471,415.1037,401.754,419.1139,440.6639,444.7773,442.7206,2536.2599000000005
2023-07-23 17:00:00,130.0125,748.0214,125.7789,121.6815,123.4575,123.6277,129.1524,127.8245,128.48845,751.5225
2023-07-23 18:00:00,73.29063,421.0984,70.41541,68.31534,69.19511,69.61981,72.81011,72.5368,72.67345499999999,422.89257999999995
2023-07-23 19:00:00,24.17183,130.5432,22.97757,21.83688,22.81815,22.61503,23.34985,22.90074,,136.49822
2023-07-23 20:00:00,1.670848,1.227332,1.66413,1.256228,1.702057,1.682396,1.717764,1.660479,,9.683054
2023-07-23 21:00:00,0.0,-8.701125,0.0,0.0,0.0,0.0,0.0,0.0,,0.0
2023-07-23 22:00:00,0.0,-8.687796,0.0,0.0,0.0,0.0,0.0,0.0,,0.0
2023-07-23 23:00:00,0.0,-8.673202,0.0,0.0,0.0,0.0,0.0,0.0,,0.0
2023-07-24 00:00:00,0.0,-8.821321,0.0,0.0,0.0,0.0,0.0,0.0,,0.0
2023-07-24 01:00:00,0.0,-8.762876,0.0,0.0,0.0,0.0,0.0,0.0,,0.0
2023-07-24 02:00:00,0.0,-8.813087,0.0,0.0,0.0,0.0,0.0,0.0,,0.0
2023-07-24 03:00:00,0.0,-8.668029,0.0,0.0,0.0,0.0,0.0,0.0,,0.0
2023-07-24 04:00:00,0.0,-8.590176,0.0,0.0,0.0,0.0,0.0,0.0,,0.0
2023-07-24 05:00:00,0.0,-8.592723,0.0,0.0,0.0,0.0,0.0,0.0,,0.0
2023-07-24 06:00:00,6.155859,2.756383,1.98136,1.863083,1.817668,1.733968,1.822695,1.781542,,11.000316
2023-07-24 07:00:00,78.27427,429.5866,72.00163,64.46207,66.63569,70.0014,78.81647,77.53664,78.17655500000001,429.4539
2023-07-24 08:00:00,169.9736,928.644,160.1272,150.7629,152.9332,146.5342,156.6134,153.14,158.3703,920.1109
2023-07-24 09:00:00,362.6148,2188.838,361.6541,351.4157,367.3319,365.4719,383.2556,344.7521,375.29375000000005,2173.8813
2023-07-24 10:00:00,366.6905,2003.892,338.605,317.0558,326.6628,329.3064,340.864,340.0506,340.4573,1992.5446
2023-07-24 11:00:00,346.8636,1861.246,316.359,306.2459,311.7765,298.1169,311.305,308.6713,314.06775,1852.4746
2023-07-24 12:00:00,433.1465,2572.925,412.3877,410.6001,401.684,418.1213,457.3769,466.7783,462.07759999999996,2566.9483
2023-07-24 13:00:00,741.8823,3666.279,573.4402,592.644,588.8177,626.3246,641.5116,659.5004,650.5060000000001,3682.2384999999995
2023-07-24 14:00:00,922.0829,4087.939,758.4468,698.8661,718.2054,658.2055,631.3886,634.564,738.3261,4099.6764
2023-07-24 15:00:00,906.6796,3876.918,694.3875,660.0808,667.2059,622.213,629.6765,629.7973,680.7967000000001,3903.361
2023-07-24 16:00:00,680.4976,3575.994,595.8052,589.1409,590.1263,583.0758,621.3096,624.3036,622.8066,3603.7614000000003
2023-07-24 17:00:00,507.3224,2573.104,420.1933,417.2015,425.5292,433.1277,435.4503,438.36,436.90515000000005,2569.862
2023-07-24 18:00:00,279.5201,1289.504,205.3833,207.1993,216.0793,218.0997,216.5431,222.3201,220.2099,1285.6247999999998
2023-07-24 19:00:00,79.07603,301.4888,50.34163,48.2951,53.08546,49.75938,50.60776,53.19668,53.14107,305.28601000000003
2023-07-24 20:00:00,1.398059,7.654994,2.668468,2.532381,2.562867,2.540726,2.648665,2.616014,,15.569120999999999
2023-07-24 21:00:00,0.0,-8.880658,0.0,0.0,0.0,0.0,0.0,0.0,,0.0
2023-07-24 22:00:00,0.0,-8.852109,0.0,0.0,0.0,0.0,0.0,0.0,,0.0
2023-07-24 23:00:00,0.0,-8.833641,0.0,0.0,0.0,0.0,0.0,0.0,,0.0
2023-07-25 00:00:00,0.0,-8.70713,0.0,0.0,0.0,0.0,0.0,0.0,,0.0
2023-07-25 01:00:00,0.0,-8.684658,0.0,0.0,0.0,0.0,0.0,0.0,,0.0
2023-07-25 02:00:00,0.0,-8.806495,0.0,0.0,0.0,0.0,0.0,0.0,,0.0
2023-07-25 03:00:00,0.0,-8.77165,0.0,0.0,0.0,0.0,0.0,0.0,,0.0
2023-07-25 04:00:00,0.0,-8.729858,0.0,0.0,0.0,0.0,0.0,0.0,,0.0
2023-07-25 05:00:00,0.0,-8.685422,0.0,0.0,0.0,0.0,0.0,0.0,,0.0
2023-07-25 06:00:00,7.187562,13.46315,2.871035,2.676248,4.004107,3.975388,4.132375,3.999155,,21.658308000000005
2023-07-25 07:00:00,80.37415,369.6024,65.7784,57.38407,63.44254,58.17814,66.41284,59.29045,66.09562,370.4864400000001
2023-07-25 08:00:00,251.3721,1363.087,241.8939,220.0885,223.8362,206.9467,236.9467,221.0802,239.4203,1350.7921999999999
2023-07-25 09:00:00,462.546,2627.134,452.2931,424.4218,429.1899,413.1185,450.5511,441.4207,451.4221,2610.9951
2023-07-25 10:00:00,652.5675,3625.602,615.7326,588.7975,588.4214,578.6556,622.4326,619.0266,620.7296,3613.0663000000004
2023-07-25 11:00:00,801.9893,4267.438,722.2476,695.908,703.1942,695.3329,733.5226,729.7121,731.61735,4279.917399999999
2023-07-25 12:00:00,955.9335,4819.494,804.8037,780.7611,796.7443,806.5367,829.9073,829.7545,829.8308999999999,4848.5076
2023-07-25 13:00:00,827.1425,3952.337,648.9656,665.6359,621.9965,636.9122,666.8473,711.187,689.01715,3951.5444999999995
2023-07-25 14:00:00,946.5214,4604.109,784.575,753.0463,784.6887,776.597,787.9341,778.8242,786.3114,4665.665300000001
2023-07-25 15:00:00,830.9009,4213.305,693.5206,692.9763,689.5033,699.4267,730.4237,732.9315,731.6776,4238.782099999999
2023-07-25 16:00:00,610.7429,3066.271,508.6353,495.5569,527.1562,527.3292,524.9448,523.436,527.2427,3107.0584000000003
2023-07-25 17:00:00,428.9582,2188.515,359.7711,356.4218,355.5858,367.5571,371.4622,374.2953,372.87874999999997,2185.0933
2023-07-25 18:00:00,231.3256,1178.684,187.5773,189.6721,194.6544,195.5995,197.9683,202.1364,200.05235,1167.6080000000002
2023-07-25 19:00:00,80.47318,407.0728,67.94648,65.80163,69.32813,67.81196,69.05601,70.38744,69.857785,410.33164999999997
2023-07-25 20:00:00,1.940451,20.76898,4.865851,4.554175,4.778901,4.755726,4.963502,4.908881,,28.827036
2023-07-25 21:00:00,0.0,-8.934766,0.0,0.0,0.0,0.0,0.0,0.0,,0.0
2023-07-25 22:00:00,0.0,-8.837449,0.0,0.0,0.0,0.0,0.0,0.0,,0.0
2023-07-25 23:00:00,0.0,-8.891661,0.0,0.0,0.0,0.0,0.0,0.0,,0.0
2023-07-26 00:00:00,0.0,-8.916412,0.0,0.0,0.0,0.0,0.0,0.0,,0.0
2023-07-26 01:00:00,0.0,-8.754752,0.0,0.0,0.0,0.0,0.0,0.0,,0.0
2023-07-26 02:00:00,0.0,-8.749665,0.0,0.0,0.0,0.0,0.0,0.0,,0.0
2023-07-26 03:00:00,0.0,-8.733729,0.0,0.0,0.0,0.0,0.0,0.0,,0.0
2023-07-26 04:00:00,0.0,-8.744083,0.0,0.0,0.0,0.0,0.0,0.0,,0.0
2023-07-26 05:00:00,0.0,-8.765633,0.0,0.0,0.0,0.0,0.0,0.0,,0.0
2023-07-26 06:00:00,6.286064,9.219775,1.720631,2.821963,2.917357,2.877507,3.0655,3.993498,,17.396456
2023-07-26 07:00:00,77.22772,375.5705,66.6578,58.45996,64.16644,59.44429,67.26862,60.27166,66.96321,376.26877
2023-07-26 08:00:00,248.1281,1360.374,240.767,219.5043,223.8766,206.6326,237.0074,221.4246,238.8872,1349.2125
2023-07-26 09:00:00,466.8986,2656.521,457.3809,428.4431,433.547,417.941,456.4839,445.9243,456.93240000000003,2639.7202
2023-07-26 10:00:00,665.9204,3667.292,624.3817,593.5729,601.3957,590.6461,630.527,624.0026,627.45435,3664.526
2023-07-26 11:00:00,824.0764,4362.058,737.7479,705.7331,717.4028,714.0997,752.4323,750.1242,751.2782500000001,4377.54
2023-07-26 12:00:00,904.9382,4796.57,800.5444,785.846,787.3336,797.702,824.3204,824.0718,824.1961,4819.818200000001
2023-07-26 13:00:00,1023.582,4929.994,833.0494,827.9258,797.7659,832.6619,832.9945,832.613,833.0219500000001,4957.0105
2023-07-26 14:00:00,940.825,4577.816,780.8394,771.9699,767.3777,766.797,767.9611,776.5652,778.7022999999999,4631.5103
2023-07-26 15:00:00,855.1429,4189.014,707.5522,679.1454,685.9244,697.9833,715.3561,719.7682,717.56215,4205.7296
2023-07-26 16:00:00,632.4698,3220.538,529.2509,519.8002,530.5734,538.1609,549.9576,553.9418,551.9496999999999,3221.6848000000005
2023-07-26 17:00:00,394.0707,2009.516,326.8505,321.9912,332.0689,337.7862,341.1687,344.2079,342.6883,2004.0733999999998
2023-07-26 18:00:00,222.5685,1066.326,174.0838,169.1751,178.9524,180.1273,176.573,177.6558,179.53985,1056.5674
2023-07-26 19:00:00,66.61868,296.9785,50.02539,48.15054,51.51762,49.54641,50.43644,51.55557,51.536595000000005,301.23197
2023-07-26 20:00:00,1.118911,7.157511,2.536907,2.440935,2.492944,2.516712,2.58637,2.56432,,15.138188000000001
2023-07-26 21:00:00,0.0,-8.82614,0.0,0.0,0.0,0.0,0.0,0.0,,0.0
2023-07-26 22:00:00,0.0,-8.836249,0.0,0.0,0.0,0.0,0.0,0.0,,0.0
2023-07-26 23:00:00,0.0,-8.744203,0.0,0.0,0.0,0.0,0.0,0.0,,0.0
2023-07-27 00:00:00,0.0,-8.832567,0.0,0.0,0.0,0.0,0.0,0.0,,0.0
2023-07-27 01:00:00,0.0,-8.797081,0.0,0.0,0.0,0.0,0.0,0.0,,0.0
2023-07-27 02:00:00,0.0,-8.69253,0.0,0.0,0.0,0.0,0.0,0.0,,0.0
2023-07-27 03:00:00,0.0,-8.739308,0.0,0.0,0.0,0.0,0.0,0.0,,0.0
2023-07-27 04:00:00,0.0,-8.758232,0.0,0.0,0.0,0.0,0.0,0.0,,0.0
2023-07-27 05:00:00,0.0,-8.693148,0.0,0.0,0.0,0.0,0.0,0.0,,0.0
2023-07-27 06:00:00,6.400185,-5.165665,0.0,0.3661695,0.3736742,0.3582282,0.34179,1.417124,,2.8569858999999997
2023-07-27 07:00:00,76.65561,362.6418,63.10589,56.71825,62.28646,57.56614,64.47273,59.13674,63.78931,363.28621
2023-07-27 08:00:00,246.3387,1316.807,233.6418,212.6026,215.6397,199.2897,228.2201,213.2723,230.93095,1302.6662000000001
2023-07-27 09:00:00,457.9635,2586.308,445.885,416.5009,422.2638,406.4555,444.8128,435.1827,445.34889999999996,2571.1007
2023-07-27 10:00:00,662.1801,3645.375,621.4895,589.1235,598.0701,586.8066,626.4598,621.067,623.97465,3643.0165
2023-07-27 11:00:00,824.3531,4392.915,744.0452,712.9135,721.6295,717.2373,756.3292,753.713,755.0210999999999,4405.8677
2023-07-27 12:00:00,915.2883,4561.225,744.4202,729.4171,728.6432,759.3679,797.1664,799.9498,798.5581,4558.9646
2023-07-27 13:00:00,971.6393,4550.518,814.834,752.4207,812.829,771.6828,750.4343,722.6785,813.8315,4624.8793000000005
2023-07-27 14:00:00,925.6151,4288.466,733.1023,731.0464,738.116,724.1313,698.2764,706.7303,735.60915,4331.4027
2023-07-27 15:00:00,653.9376,3507.0,599.7327,585.942,587.164,576.9479,590.616,607.9952,603.8639499999999,3548.3977999999997
2023-07-27 16:00:00,457.5468,2595.713,415.0095,430.236,404.5128,416.476,439.2884,439.6496,439.46900000000005,2545.1723
2023-07-27 17:00:00,494.1189,2480.95,406.1503,396.2519,411.1754,418.8192,417.3867,419.3176,419.0684,2469.1011
2023-07-27 18:00:00,265.385,1225.612,196.2395,195.5326,204.3705,207.2241,206.0223,212.1731,209.6986,1221.5621
2023-07-27 19:00:00,79.24527,324.5355,54.44496,52.31602,56.53098,53.89376,54.9019,57.06776,56.799369999999996,329.15538000000004
2023-07-27 20:00:00,2.034536,12.30791,3.50092,3.383356,3.457652,3.471151,3.628008,3.56978,,21.010867
2023-07-27 21:00:00,0.0,-9.000681,0.0,0.0,0.0,0.0,0.0,0.0,,0.0
2023-07-27 22:00:00,0.0,-8.931643,0.0,0.0,0.0,0.0,0.0,0.0,,0.0
2023-07-27 23:00:00,0.0,-8.785485,0.0,0.0,0.0,0.0,0.0,0.0,,0.0
2023-07-28 00:00:00,0.0,-8.793235,0.0,0.0,0.0,0.0,0.0,0.0,,0.0
2023-07-28 01:00:00,0.0,-8.870197,0.0,0.0,0.0,0.0,0.0,0.0,,0.0
2023-07-28 02:00:00,0.0,-8.671845,0.0,0.0,0.0,0.0,0.0,0.0,,0.0
2023-07-28 03:00:00,0.0,-8.821041,0.0,0.0,0.0,0.0,0.0,0.0,,0.0
2023-07-28 04:00:00,0.0,-8.821689,0.0,0.0,0.0,0.0,0.0,0.0,,0.0
2023-07-28 05:00:00,0.0,-8.706772,0.0,0.0,0.0,0.0,0.0,0.0,,0.0
2023-07-28 06:00:00,5.058327,-8.709909,0.0,0.0,0.0,0.0,0.0,0.0,,0.0
2023-07-28 07:00:00,73.75835,311.0822,55.66487,48.11454,53.93372,48.83505,53.40328,50.99249,54.799295,310.94395
2023-07-28 08:00:00,247.624,1310.032,233.6864,211.7619,215.8688,197.9268,227.1297,212.3734,230.40805,1298.7469999999998
2023-07-28 09:00:00,464.6473,2625.379,453.0184,423.1299,428.7516,412.7119,451.2011,442.2787,452.10974999999996,2611.0915999999997
2023-07-28 10:00:00,671.3627,3697.632,630.0732,597.4996,606.6569,595.7227,635.3399,631.0283,633.1841,3696.3206
2023-07-28 11:00:00,835.7822,4433.567,750.7811,717.0665,731.3005,725.8537,763.9871,760.4222,762.20465,4449.4111
2023-07-28 12:00:00,961.8486,4816.809,825.8165,795.7617,814.6326,809.3436,813.807,814.3973,820.22455,4873.758699999999
2023-07-28 13:00:00,820.2563,4169.322,680.7475,676.7603,681.5352,694.4407,734.3985,736.9051,735.6518,4204.7873
2023-07-28 14:00:00,797.7784,4189.376,689.5044,684.9663,679.3065,706.522,740.4871,729.6055,735.0463,4230.391799999999
2023-07-28 15:00:00,856.7264,4384.608,729.3148,709.2883,724.4874,735.2668,752.421,752.1531,752.28705,4402.9313999999995
2023-07-28 16:00:00,682.851,3438.813,567.4357,557.0983,570.9303,581.0955,585.2764,590.6029,587.93965,3452.4390999999996
2023-07-28 17:00:00,497.9192,2507.844,408.0174,403.8729,414.3064,424.2225,424.6363,428.7464,426.69135,2503.8019
2023-07-28 18:00:00,287.1226,1294.972,206.1996,207.9177,217.1978,219.8068,217.5476,222.9003,221.35354999999998,1291.5698
2023-07-28 19:00:00,84.10336,357.8834,59.42278,57.49542,62.03238,59.1413,60.50534,62.94025,62.486315000000005,361.53747
2023-07-28 20:00:00,0.7316794,-2.466907,1.047243,0.8198507,1.034225,1.018098,1.098243,1.081576,,6.0992357
2023-07-28 21:00:00,0.0,-8.850123,0.0,0.0,0.0,0.0,0.0,0.0,,0.0
2023-07-28 22:00:00,0.0,-8.851527,0.0,0.0,0.0,0.0,0.0,0.0,,0.0
2023-07-28 23:00:00,0.0,-8.839976,0.0,0.0,0.0,0.0,0.0,0.0,,0.0
2023-07-29 00:00:00,0.0,-8.829962,0.0,0.0,0.0,0.0,0.0,0.0,,0.0
2023-07-29 01:00:00,0.0,-8.782138,0.0,0.0,0.0,0.0,0.0,0.0,,0.0
2023-07-29 02:00:00,0.0,-8.678698,0.0,0.0,0.0,0.0,0.0,0.0,,0.0
2023-07-29 03:00:00,0.0,-8.723887,0.0,0.0,0.0,0.0,0.0,0.0,,0.0
2023-07-29 04:00:00,0.0,-8.735166,0.0,0.0,0.0,0.0,0.0,0.0,,0.0
2023-07-29 05:00:00,0.0,-8.663517,0.0,0.0,0.0,0.0,0.0,0.0,,0.0
2023-07-29 06:00:00,5.668677,-8.612925,0.0,0.0,0.0,0.0,0.0,0.06765597,,0.06765597
2023-07-29 07:00:00,63.17379,345.1577,58.73021,56.16849,56.63121,55.9968,59.52841,59.83472,59.681565,346.88984
2023-07-29 08:00:00,100.9634,602.0341,100.9526,97.56807,96.96307,96.89422,103.4456,102.9699,103.20775,598.7934600000001
2023-07-29 09:00:00,272.679,1536.371,260.5993,245.2666,252.9998,245.7854,263.8418,259.8438,262.22055,1528.3366999999998
2023-07-29 10:00:00,634.5787,3356.438,578.4922,548.7332,562.5323,544.0528,564.8283,558.9739,571.66025,3357.6127
2023-07-29 11:00:00,816.4299,4036.437,668.8386,643.814,682.564,698.552,676.8616,654.9637,690.558,4025.5939
2023-07-29 12:00:00,780.8443,4122.07,667.5168,670.1465,659.735,677.6379,729.5518,717.0942,723.323,4121.682199999999
2023-07-29 13:00:00,955.6201,4568.865,764.0905,761.6393,750.8654,753.9424,771.4848,769.7419,770.61335,4571.7643
2023-07-29 14:00:00,494.5663,2687.226,449.1305,434.2285,441.2341,442.1675,461.0983,462.4998,461.79904999999997,2690.3587
2023-07-29 15:00:00,336.8997,1905.198,317.0446,306.1008,310.7129,312.8963,325.3268,323.939,324.6329,1896.0204
2023-07-29 16:00:00,461.9572,2532.226,418.097,403.8301,413.9643,422.5377,430.9366,428.9716,429.95410000000004,2518.3372999999997
2023-07-29 17:00:00,534.7162,2795.958,449.5574,446.993,452.9353,470.4502,475.1151,482.5016,478.80835,2777.5526
2023-07-29 18:00:00,261.0874,1117.49,183.6088,179.6953,199.3377,189.7953,184.2245,190.7175,195.0276,1127.3791
2023-07-29 19:00:00,59.3525,221.6972,37.34171,35.55038,39.33652,37.36149,38.01831,39.28955,39.313035,226.89795999999998
2023-07-29 20:00:00,0.350209,-6.32503,0.5504482,0.003058573,0.3772955,0.5444388,0.3895653,0.5466805,,2.411486873
2023-07-29 21:00:00,0.0,-8.83826,0.0,0.0,0.0,0.0,0.0,0.0,,0.0
2023-07-29 22:00:00,0.0,-8.722567,0.0,0.0,0.0,0.0,0.0,0.0,,0.0
2023-07-29 23:00:00,0.0,-8.743873,0.0,0.0,0.0,0.0,0.0,0.0,,0.0
2023-07-30 00:00:00,0.0,-8.744461,0.0,0.0,0.0,0.0,0.0,0.0,,0.0
2023-07-30 01:00:00,0.0,-8.753059,0.0,0.0,0.0,0.0,0.0,0.0,,0.0
2023-07-30 02:00:00,0.0,-8.79922,0.0,0.0,0.0,0.0,0.0,0.0,,0.0
2023-07-30 03:00:00,0.0,-8.827362,0.0,0.0,0.0,0.0,0.0,0.0,,0.0
2023-07-30 04:00:00,0.0,-8.62908,0.0,0.0,0.0,0.0,0.0,0.0,,0.0
2023-07-30 05:00:00,0.0,-8.596016,0.0,0.0,0.0,0.0,0.0,0.0,,0.0
2023-07-30 06:00:00,4.132324,-8.354089,0.0,0.0,0.0,0.0,0.0,0.280992,,0.280992
2023-07-30 07:00:00,66.41213,303.1673,54.35228,48.97836,52.56206,48.95345,51.05355,50.72347,53.457170000000005,306.62317
2023-07-30 08:00:00,251.6728,1344.949,240.5511,218.2099,221.5569,203.1697,234.9657,218.3134,237.7584,1336.7667000000001
2023-07-30 09:00:00,468.3777,2688.308,452.8354,436.0927,439.51,423.1207,465.1233,455.1755,460.1494,2671.8576
2023-07-30 10:00:00,530.9736,2248.906,360.2784,362.998,360.041,343.575,382.1618,385.1582,383.66,2194.2124
2023-07-30 11:00:00,846.0904,4560.734,759.0587,741.2488,754.9685,749.3898,782.912,785.196,784.0540000000001,4572.7738
2023-07-30 12:00:00,842.281,4553.513,746.0983,749.2755,764.9128,770.9991,783.6166,774.1864,778.9014999999999,4589.0887
2023-07-30 13:00:00,881.0477,3913.438,690.6254,694.1977,653.7773,638.0416,642.7197,638.83,692.41155,3958.1917
2023-07-30 14:00:00,679.8436,3639.869,596.9348,589.8364,594.9443,606.4914,629.9077,627.6971,628.8024,3645.8116999999997
2023-07-30 15:00:00,746.3461,3587.771,585.5456,602.6401,619.0718,599.9897,628.0317,636.4963,632.264,3671.7752
2023-07-30 16:00:00,539.499,3187.741,512.2072,557.0461,514.2869,541.0512,565.0903,551.1649,561.0681999999999,3240.8466
2023-07-30 17:00:00,97.15945,565.8855,95.87596,92.4834,93.4183,92.83215,97.15739,96.3678,96.762595,568.1350000000001
2023-07-30 18:00:00,77.28622,418.2569,70.35676,67.72194,69.29386,69.31699,72.05624,71.5436,71.79992,420.28939
2023-07-30 19:00:00,27.08924,137.3134,23.84768,23.12667,23.42386,23.40932,24.543,24.32189,,142.67242000000002
2023-07-30 20:00:00,0.7444791,0.65062,1.373986,1.533925,1.520658,1.489188,1.58656,1.549061,,9.053378
2023-07-30 21:00:00,0.0,-8.831308,0.0,0.0,0.0,0.0,0.0,0.0,,0.0
2023-07-30 22:00:00,0.0,-8.807022,0.0,0.0,0.0,0.0,0.0,0.0,,0.0
2023-07-30 23:00:00,0.0,-8.7575,0.0,0.0,0.0,0.0,0.0,0.0,,0.0
2023-07-31 00:00:00,0.0,-8.717024,0.0,0.0,0.0,0.0,0.0,0.0,,0.0
2023-07-31 01:00:00,0.0,-8.751753,0.0,0.0,0.0,0.0,0.0,0.0,,0.0
2023-07-31 02:00:00,0.0,-8.625125,0.0,0.0,0.0,0.0,0.0,0.0,,0.0
2023-07-31 03:00:00,0.0,-8.641892,0.0,0.0,0.0,0.0,0.0,0.0,,0.0
2023-07-31 04:00:00,0.0,-8.595036,0.0,0.0,0.0,0.0,0.0,0.0,,0.0
2023-07-31 05:00:00,0.0,-8.694765,0.0,0.0,0.0,0.0,0.0,0.0,,0.0
2023-07-31 06:00:00,5.067423,17.63631,4.462518,4.16078,4.405293,4.31418,4.204318,4.382342,,25.929431
2023-07-31 07:00:00,78.8605,420.4533,72.54439,67.08664,69.83419,67.17901,74.09814,69.9913,73.32126500000001,420.73366999999996
2023-07-31 08:00:00,245.5658,1347.003,241.2453,218.0018,221.4905,204.4166,235.6891,217.25,238.4672,1338.0933
2023-07-31 09:00:00,475.6431,2677.929,458.1037,416.263,441.9651,425.1289,465.2174,456.2982,461.66055,2662.9763000000003
2023-07-31 10:00:00,416.7802,2430.757,383.0639,386.163,358.3708,410.0786,456.8061,424.99,440.89805,2419.4724
2023-07-31 11:00:00,621.8134,3541.054,592.1308,582.608,571.7004,580.0141,599.2712,590.2117,595.701,3515.9362
2023-07-31 12:00:00,946.1338,4944.775,832.6479,819.0992,826.7931,826.4144,832.8112,832.864,832.8376000000001,4970.629800000001
2023-07-31 13:00:00,820.0884,4005.361,672.2016,668.9307,675.4767,679.1915,678.4528,669.073,678.82215,4043.3262999999997
2023-07-31 14:00:00,125.2532,742.6625,122.8359,123.7283,120.2557,120.1336,127.3574,132.2872,129.8223,746.5981
2023-07-31 15:00:00,866.4901,4432.856,731.2386,726.0941,704.4469,732.8779,774.6491,772.6876,773.6683499999999,4441.9942
2023-07-31 16:00:00,741.8686,3739.186,619.0619,598.1833,618.9921,641.0004,639.9809,634.1802,640.49065,3751.3988
2023-07-31 17:00:00,516.1458,2589.511,418.9882,408.623,433.6905,443.58,440.7479,444.5507,444.06534999999997,2590.1803
2023-07-31 18:00:00,244.2913,1119.06,178.7653,179.9086,183.8383,188.7307,191.1948,190.4028,190.7988,1112.8405
2023-07-31 19:00:00,35.45009,160.7722,26.96358,26.11023,27.53765,27.2019,29.49699,30.79463,,168.10498
2023-07-31 20:00:00,0.2115629,-4.641858,0.588346,0.5409902,0.9073063,0.5324348,0.736457,0.7935482,,4.0990825
2023-07-31 21:00:00,0.0,-8.918963,0.0,0.0,0.0,0.0,0.0,0.0,,0.0
2023-07-31 22:00:00,0.0,-8.82108,0.0,0.0,0.0,0.0,0.0,0.0,,0.0
2023-07-31 23:00:00,0.0,-8.756672,0.0,0.0,0.0,0.0,0.0,0.0,,0.0
