Timestamp,POA Irradiance,Meter Power,Inverter_1,Inverter_2,Inverter_3,Avg_Top_20%,Expected Sum
2023-08-01 00:00:00,0.0,-9.599999,0.0,0.0,0.0,,0.0
2023-08-01 01:00:00,0.0,-9.599999,0.0,0.0,0.0,,0.0
2023-08-01 02:00:00,0.0,-9.599999,0.0,0.0,0.0,,0.0
2023-08-01 03:00:00,0.0,-9.599999,0.0,0.0,0.0,,0.0
2023-08-01 04:00:00,0.0,-9.599999,0.0,0.0,0.0,,0.0
2023-08-01 05:00:00,0.0,-9.599999,0.0,0.0,0.0,,0.0
2023-08-01 06:00:00,3.429132,0.6229082,3.329323,3.37463,3.438405,,10.142358
2023-08-01 07:00:00,85.38342,382.6823,125.486,130.7623,132.9645,132.9645,389.2128
2023-08-01 08:00:00,226.5103,1138.852,374.6001,386.8876,374.869,386.8876,1136.3567
2023-08-01 09:00:00,484.8672,2487.315,839.4413,832.0923,821.5433,839.4413,2493.0769
2023-08-01 10:00:00,697.6055,3465.883,1170.257,1159.123,1152.339,1170.257,3481.719
2023-08-01 11:00:00,870.5115,4164.358,1408.098,1399.052,1371.833,1408.098,4178.983
2023-08-01 12:00:00,995.3776,4602.756,1558.206,1544.262,1542.655,1558.206,4645.123
2023-08-01 13:00:00,934.6884,4035.994,1358.692,1359.265,1371.631,1371.631,4089.5880000000006
2023-08-01 14:00:00,802.376,3556.381,1230.499,1204.489,1173.756,1230.499,3608.7440000000006
2023-08-01 15:00:00,843.1272,3814.09,1276.028,1281.829,1305.287,1305.287,3863.1440000000002
2023-08-01 16:00:00,687.6533,3091.869,1021.219,1041.728,1052.944,1052.944,3115.891
2023-08-01 17:00:00,462.8167,2058.523,686.0466,698.1948,692.2019,698.1948,2076.4433
2023-08-01 18:00:00,243.948,964.4911,316.4047,329.6963,328.0482,329.6963,974.1492000000001
2023-08-01 19:00:00,60.65037,239.3592,79.08469,84.36919,83.36928,84.36919,246.82316
2023-08-01 20:00:00,4.503398,10.69483,0.0,0.917548,0.8219885,,1.7395365
2023-08-01 21:00:00,0.0,-9.599999,0.0,0.0,0.0,,0.0
2023-08-01 22:00:00,0.0,-9.599999,0.0,0.0,0.0,,0.0
2023-08-01 23:00:00,0.0,-9.599999,0.0,0.0,0.0,,0.0
2023-08-02 00:00:00,0.0,-9.599999,0.0,0.0,0.0,,0.0
2023-08-02 01:00:00,0.0,-9.599999,0.0,0.0,0.0,,0.0
2023-08-02 02:00:00,0.0,-9.599999,0.0,0.0,0.0,,0.0
2023-08-02 03:00:00,0.0,-9.599999,0.0,0.0,0.0,,0.0
2023-08-02 04:00:00,0.0,-9.599999,0.0,0.0,0.0,,0.0
2023-08-02 05:00:00,0.0,-9.599999,0.0,0.0,0.0,,0.0
2023-08-02 06:00:00,3.368162,1.146946,3.43258,3.529433,3.560335,,10.522348000000001
2023-08-02 07:00:00,60.53953,298.3846,99.9981,102.6919,102.2169,102.6919,304.9069
2023-08-02 08:00:00,162.414,841.3126,276.6173,285.7624,283.8968,285.7624,846.2764999999999
2023-08-02 09:00:00,256.519,1283.626,423.6631,424.8947,436.1001,436.1001,1284.6579000000002
2023-08-02 10:00:00,678.017,3352.483,1131.316,1121.694,1111.938,1131.316,3364.9480000000003
2023-08-02 11:00:00,786.4498,3731.618,1265.248,1255.995,1232.25,1265.248,3753.493
2023-08-02 12:00:00,926.9653,4066.578,1341.487,1371.709,1383.921,1383.921,4097.117
2023-08-02 13:00:00,781.9249,3513.466,1213.852,1185.111,1153.34,1213.852,3552.303
2023-08-02 14:00:00,719.4589,3187.2,1059.734,1079.018,1075.544,1079.018,3214.2960000000003
2023-08-02 15:00:00,410.3204,1970.328,641.1656,660.9752,678.5106,678.5106,1980.6514000000002
2023-08-02 16:00:00,549.6597,2590.76,883.4528,879.0352,867.1353,883.4528,2629.6233
2023-08-02 17:00:00,368.38,1702.536,565.9507,578.0923,571.9546,578.0923,1715.9976000000001
2023-08-02 18:00:00,164.5484,776.6694,259.1139,265.4315,262.6491,265.4315,787.1945
2023-08-02 19:00:00,38.77837,194.7482,66.17,67.98978,67.22355,,201.38333
2023-08-02 20:00:00,1.993233,-0.8615698,0.09405805,0.0793272,0.05221672,,0.22560196999999999
2023-08-02 21:00:00,0.0,-9.599999,0.0,0.0,0.0,,0.0
2023-08-02 22:00:00,0.0,-9.599999,0.0,0.0,0.0,,0.0
2023-08-02 23:00:00,0.0,-9.599999,0.0,0.0,0.0,,0.0
2023-08-03 00:00:00,0.0,-9.599999,0.0,0.0,0.0,,0.0
2023-08-03 01:00:00,0.0,-9.599999,0.0,0.0,0.0,,0.0
2023-08-03 02:00:00,0.0,-9.599999,0.0,0.0,0.0,,0.0
2023-08-03 03:00:00,0.0,-9.599999,0.0,0.0,0.0,,0.0
2023-08-03 04:00:00,0.0,-9.599999,0.0,0.0,0.0,,0.0
2023-08-03 05:00:00,0.0,-9.599999,0.0,0.0,0.0,,0.0
2023-08-03 06:00:00,0.127235,-9.599999,0.0,0.0,0.0,,0.0
2023-08-03 07:00:00,8.264113,-9.599999,0.0,0.0,0.0,,0.0
2023-08-03 08:00:00,34.88026,169.5948,58.89587,59.44999,58.91528,,177.26114
2023-08-03 09:00:00,65.48739,344.872,116.7264,118.0861,117.0585,118.0861,351.871
2023-08-03 10:00:00,126.6176,690.0199,230.7634,233.1039,231.4308,233.1039,695.2981
2023-08-03 11:00:00,133.0905,723.184,242.2816,244.3737,241.9805,244.3737,728.6358
2023-08-03 12:00:00,79.41272,416.0514,140.0027,140.9108,139.1627,140.9108,420.0762
2023-08-03 13:00:00,114.7084,613.2978,204.0414,207.2793,207.099,207.2793,618.4196999999999
2023-08-03 14:00:00,141.9049,757.2452,252.695,255.1539,252.115,255.1539,759.9639
2023-08-03 15:00:00,213.0887,1114.24,371.39,375.9276,371.5981,375.9276,1118.9157
2023-08-03 16:00:00,137.5356,742.5827,247.9676,251.8197,249.4476,251.8197,749.2349
2023-08-03 17:00:00,69.23778,361.4817,121.9211,124.1247,123.0347,124.1247,369.0805
2023-08-03 18:00:00,60.5713,295.0295,99.53925,101.4465,101.212,101.4465,302.19775
2023-08-03 19:00:00,15.37414,57.94073,16.06785,16.51806,16.44202,,49.02793
2023-08-03 20:00:00,0.8272615,-9.599999,0.0,0.0,0.0,,0.0
2023-08-03 21:00:00,0.0,-9.599999,0.0,0.0,0.0,,0.0
2023-08-03 22:00:00,0.0,-9.599999,0.0,0.0,0.0,,0.0
2023-08-03 23:00:00,0.0,-9.599999,0.0,0.0,0.0,,0.0
2023-08-04 00:00:00,0.0,-9.599999,0.0,0.0,0.0,,0.0
2023-08-04 01:00:00,0.0,-9.599999,0.0,0.0,0.0,,0.0
2023-08-04 02:00:00,0.0,-9.599999,0.0,0.0,0.0,,0.0
2023-08-04 03:00:00,0.0,-9.599999,0.0,0.0,0.0,,0.0
2023-08-04 04:00:00,0.0,-9.599999,0.0,0.0,0.0,,0.0
2023-08-04 05:00:00,0.0,-9.599999,0.0,0.0,0.0,,0.0
2023-08-04 06:00:00,0.6952993,-9.599999,0.0,0.0,0.0,,0.0
2023-08-04 07:00:00,18.50398,13.78091,12.21455,12.50485,1.7395,,26.4589
2023-08-04 08:00:00,90.93286,458.8158,154.7204,156.4822,154.0666,156.4822,465.2692
2023-08-04 09:00:00,222.3737,1116.983,369.4568,376.4172,374.3264,376.4172,1120.2004
2023-08-04 10:00:00,328.5305,1650.728,536.4862,557.3315,557.1643,557.3315,1650.982
2023-08-04 11:00:00,368.5687,1844.317,627.5277,618.2971,611.4035,627.5277,1857.2282999999998
2023-08-04 12:00:00,583.5839,2834.537,952.3898,951.2256,924.8999,952.3898,2828.5153
2023-08-04 13:00:00,598.1115,2946.317,990.7459,997.0122,982.3558,997.0122,2970.1139000000003
2023-08-04 14:00:00,714.8074,3088.62,1011.587,1037.096,1074.528,1074.528,3123.2110000000002
2023-08-04 15:00:00,704.5037,3007.597,976.7772,1021.275,1011.213,1021.275,3009.2652
2023-08-04 16:00:00,514.2769,2487.799,842.6682,843.2063,826.5767,843.2063,2512.4512
2023-08-04 17:00:00,378.8047,1691.633,547.6665,570.9189,567.5336,570.9189,1686.119
2023-08-04 18:00:00,253.5452,1006.835,334.7902,343.5715,338.5784,343.5715,1016.9401
2023-08-04 19:00:00,49.86414,265.9768,90.45567,93.02541,91.50908,,274.99016
2023-08-04 20:00:00,3.791095,7.686915,2.347143,2.371849,2.27804,,6.997032
2023-08-04 21:00:00,0.0,-9.599999,0.0,0.0,0.0,,0.0
2023-08-04 22:00:00,0.0,-9.599999,0.0,0.0,0.0,,0.0
2023-08-04 23:00:00,0.0,-9.599999,0.0,0.0,0.0,,0.0
2023-08-05 00:00:00,0.0,-9.599999,0.0,0.0,0.0,,0.0
2023-08-05 01:00:00,0.0,-9.599999,0.0,0.0,0.0,,0.0
2023-08-05 02:00:00,0.0,-9.599999,0.0,0.0,0.0,,0.0
2023-08-05 03:00:00,0.0,-9.599999,0.0,0.0,0.0,,0.0
2023-08-05 04:00:00,0.0,-9.599999,0.0,0.0,0.0,,0.0
2023-08-05 05:00:00,0.0,-9.599999,0.0,0.0,0.0,,0.0
2023-08-05 06:00:00,2.815883,-9.599999,0.0,0.0,0.0,,0.0
2023-08-05 07:00:00,70.67652,291.9573,97.90845,100.9029,99.58422,100.9029,298.39557
2023-08-05 08:00:00,261.1372,1290.129,434.7964,434.2884,424.2104,434.7964,1293.2952
2023-08-05 09:00:00,492.808,2282.699,773.0481,764.6004,752.993,773.0481,2290.6415
2023-08-05 10:00:00,702.6318,3430.499,1160.345,1146.246,1140.604,1160.345,3447.1950000000006
2023-08-05 11:00:00,861.9318,3982.501,1348.751,1330.667,1331.457,1348.751,4010.875
2023-08-05 12:00:00,928.0068,4207.723,1448.937,1434.646,1367.074,1448.937,4250.656999999999
2023-08-05 13:00:00,873.3784,3815.139,1301.476,1286.292,1261.257,1301.476,3849.025
2023-08-05 14:00:00,751.4045,3312.186,1100.466,1126.701,1100.22,1126.701,3327.3869999999997
2023-08-05 15:00:00,635.5018,2702.606,900.4598,887.3273,943.2557,943.2557,2731.0428
2023-08-05 16:00:00,693.2877,3016.454,994.4229,1007.843,1038.167,1038.167,3040.4329
2023-08-05 17:00:00,482.9401,2095.472,703.3365,707.3572,702.9521,707.3572,2113.6458000000002
2023-08-05 18:00:00,254.4899,935.3923,309.562,318.8614,317.6367,318.8614,946.0601
2023-08-05 19:00:00,55.34177,174.0639,56.83451,60.58036,59.84901,60.58036,177.26388
2023-08-05 20:00:00,2.321246,1.681051,0.0,0.0,0.0,,0.0
2023-08-05 21:00:00,0.0,-9.599999,0.0,0.0,0.0,,0.0
2023-08-05 22:00:00,0.0,-9.599999,0.0,0.0,0.0,,0.0
2023-08-05 23:00:00,0.0,-9.599999,0.0,0.0,0.0,,0.0
2023-08-06 00:00:00,0.0,-9.599999,0.0,0.0,0.0,,0.0
2023-08-06 01:00:00,0.0,-9.599999,0.0,0.0,0.0,,0.0
2023-08-06 02:00:00,0.0,-9.599999,0.0,0.0,0.0,,0.0
2023-08-06 03:00:00,0.0,-9.599999,0.0,0.0,0.0,,0.0
2023-08-06 04:00:00,0.0,-9.599999,0.0,0.0,0.0,,0.0
2023-08-06 05:00:00,0.0,-9.599999,0.0,0.0,0.0,,0.0
2023-08-06 06:00:00,2.535846,-9.599999,0.0,0.0,0.0,,0.0
2023-08-06 07:00:00,75.68055,318.347,104.6268,110.546,109.712,110.546,324.8848
2023-08-06 08:00:00,242.6463,1191.671,402.0773,396.8213,393.5678,402.0773,1192.4664
2023-08-06 09:00:00,436.9,2260.338,776.8103,754.6608,726.0132,776.8103,2257.4843
2023-08-06 10:00:00,658.716,3120.871,1043.306,1041.374,1047.799,1047.799,3132.4790000000003
2023-08-06 11:00:00,779.3875,3640.374,1242.543,1220.544,1214.047,1242.543,3677.134
2023-08-06 12:00:00,949.2356,4264.012,1434.182,1440.706,1441.265,1441.265,4316.153
2023-08-06 13:00:00,850.1097,3905.268,1293.818,1317.714,1327.368,1327.368,3938.9
2023-08-06 14:00:00,736.038,3265.334,1103.44,1099.492,1129.324,1129.324,3332.256
2023-08-06 15:00:00,41.95192,171.795,46.23172,47.19,46.6695,,140.09122
2023-08-06 16:00:00,400.9175,1488.06,497.7368,504.0349,497.1803,504.0349,1498.952
2023-08-06 17:00:00,167.6224,821.9302,276.7904,280.6135,271.7293,280.6135,829.1332
2023-08-06 18:00:00,107.1512,553.8943,185.1837,189.1761,186.4332,189.1761,560.7929999999999
2023-08-06 19:00:00,44.30128,253.5157,83.75059,86.12254,84.72505,,254.59818
2023-08-06 20:00:00,1.813944,-5.614368,0.0,0.0,0.0,,0.0
2023-08-06 21:00:00,0.0,-9.599999,0.0,0.0,0.0,,0.0
2023-08-06 22:00:00,0.0,-9.599999,0.0,0.0,0.0,,0.0
2023-08-06 23:00:00,0.0,-9.599999,0.0,0.0,0.0,,0.0
2023-08-07 00:00:00,0.0,-9.599999,0.0,0.0,0.0,,0.0
2023-08-07 01:00:00,0.0,-9.599999,0.0,0.0,0.0,,0.0
2023-08-07 02:00:00,0.0,-9.599999,0.0,0.0,0.0,,0.0
2023-08-07 03:00:00,0.0,-9.599999,0.0,0.0,0.0,,0.0
2023-08-07 04:00:00,0.0,-9.599999,0.0,0.0,0.0,,0.0
2023-08-07 05:00:00,0.0,-9.599999,0.0,0.0,0.0,,0.0
2023-08-07 06:00:00,0.4516406,-9.599999,0.0,0.0,0.0,,0.0
2023-08-07 07:00:00,15.25884,23.57498,9.791278,13.00626,10.1173,,32.914838
2023-08-07 08:00:00,109.5957,554.4233,183.2441,188.8748,186.0878,188.8748,558.2067
2023-08-07 09:00:00,412.1375,2059.959,655.6807,692.9114,708.7366,708.7366,2057.3287
2023-08-07 10:00:00,564.4346,2785.098,941.2539,937.2531,904.7184,941.2539,2783.2254000000003
2023-08-07 11:00:00,712.1418,3370.595,1147.957,1117.486,1107.999,1147.957,3373.442
2023-08-07 12:00:00,962.2446,4392.239,1480.326,1478.295,1470.243,1480.326,4428.864
2023-08-07 13:00:00,987.2041,4315.325,1460.179,1454.215,1452.575,1460.179,4366.969
2023-08-07 14:00:00,645.5892,3014.111,1011.427,1021.134,992.8098,1021.134,3025.3708
2023-08-07 15:00:00,477.6053,2288.665,764.7971,781.2777,765.9518,781.2777,2312.0266
2023-08-07 16:00:00,95.83681,520.783,173.449,179.884,175.1624,179.884,528.4954
2023-08-07 17:00:00,6.289539,-9.122672,0.0,0.0,0.0,,0.0
2023-08-07 18:00:00,11.37352,-9.599999,0.0,0.0,0.0,,0.0
2023-08-07 19:00:00,9.397568,-9.599999,0.0,0.0,0.0,,0.0
2023-08-07 20:00:00,2.458072,-9.599999,0.0,0.0,0.0,,0.0
2023-08-07 21:00:00,0.0,-9.599999,0.0,0.0,0.0,,0.0
2023-08-07 22:00:00,0.0,-9.599999,0.0,0.0,0.0,,0.0
2023-08-07 23:00:00,0.0,-9.599999,0.0,0.0,0.0,,0.0
2023-08-08 00:00:00,0.0,-9.599999,0.0,0.0,0.0,,0.0
2023-08-08 01:00:00,0.0,-9.599999,0.0,0.0,0.0,,0.0
2023-08-08 02:00:00,0.0,-9.599999,0.0,0.0,0.0,,0.0
2023-08-08 03:00:00,0.0,-9.599999,0.0,0.0,0.0,,0.0
2023-08-08 04:00:00,0.0,-9.599999,0.0,0.0,0.0,,0.0
2023-08-08 05:00:00,0.0,-9.599999,0.0,0.0,0.0,,0.0
2023-08-08 06:00:00,2.24773,-9.599999,0.0,0.0,0.0,,0.0
2023-08-08 07:00:00,77.25917,299.4003,98.11516,102.695,103.4054,103.4054,304.21556
2023-08-08 08:00:00,286.9794,1387.501,467.3313,470.3969,449.4724,470.3969,1387.2006000000001
2023-08-08 09:00:00,498.9972,2572.815,859.2295,873.1864,850.8213,873.1864,2583.2372
2023-08-08 10:00:00,703.9851,3579.298,1192.863,1210.543,1192.595,1210.543,3596.001
2023-08-08 11:00:00,822.1182,4090.606,1381.432,1367.963,1368.85,1381.432,4118.245
2023-08-08 12:00:00,675.4869,2892.784,923.2297,979.2753,994.1307,994.1307,2896.6357000000003
2023-08-08 13:00:00,633.314,2944.309,961.619,1005.451,988.8784,1005.451,2955.9484
2023-08-08 14:00:00,617.9058,3066.781,1036.053,1047.328,1016.872,1047.328,3100.253
2023-08-08 15:00:00,749.7579,3577.873,1181.437,1220.519,1196.21,1220.519,3598.166
2023-08-08 16:00:00,497.8476,2421.242,797.7579,825.7621,823.5624,825.7621,2447.0824000000002
2023-08-08 17:00:00,279.8995,1369.58,451.8311,466.8654,461.563,466.8654,1380.2595000000001
2023-08-08 18:00:00,127.1791,686.9123,227.4789,235.8671,233.0838,235.8671,696.4298
2023-08-08 19:00:00,35.59515,195.6753,61.25719,64.48516,63.41974,,189.16208999999998
2023-08-08 20:00:00,0.6372634,-7.449975,0.0,0.0,0.0,,0.0
2023-08-08 21:00:00,0.0,-9.599999,0.0,0.0,0.0,,0.0
2023-08-08 22:00:00,0.0,-9.599999,0.0,0.0,0.0,,0.0
2023-08-08 23:00:00,0.0,-9.599999,0.0,0.0,0.0,,0.0
2023-08-09 00:00:00,0.0,-9.599999,0.0,0.0,0.0,,0.0
2023-08-09 01:00:00,0.0,-9.599999,0.0,0.0,0.0,,0.0
2023-08-09 02:00:00,0.0,-9.599999,0.0,0.0,0.0,,0.0
2023-08-09 03:00:00,0.0,-9.599999,0.0,0.0,0.0,,0.0
2023-08-09 04:00:00,0.0,-9.599999,0.0,0.0,0.0,,0.0
2023-08-09 05:00:00,0.0,-9.599999,0.0,0.0,0.0,,0.0
2023-08-09 06:00:00,1.800214,-9.350241,0.0,0.1122242,0.1039865,,0.21621069999999998
2023-08-09 07:00:00,72.81447,295.1069,97.21741,102.46,101.8431,102.46,301.52051
2023-08-09 08:00:00,261.1804,1332.879,443.5067,450.3599,440.6147,450.3599,1334.4813000000001
2023-08-09 09:00:00,468.275,2459.309,818.1111,829.4067,815.8929,829.4067,2463.4107000000004
2023-08-09 10:00:00,694.1407,3520.558,1166.057,1186.861,1184.233,1186.861,3537.151
2023-08-09 11:00:00,867.7771,4217.164,1403.455,1425.13,1414.56,1425.13,4243.145
2023-08-09 12:00:00,940.2142,4285.901,1388.851,1454.702,1463.366,1463.366,4306.919
2023-08-09 13:00:00,1040.297,4705.996,1594.235,1608.36,1536.786,1608.36,4739.380999999999
2023-08-09 14:00:00,919.8939,4104.369,1369.719,1399.057,1365.094,1399.057,4133.87
2023-08-09 15:00:00,861.0618,3884.125,1321.899,1307.438,1287.389,1321.899,3916.7259999999997
2023-08-09 16:00:00,691.3969,3084.612,1020.626,1046.125,1047.186,1047.186,3113.937
2023-08-09 17:00:00,457.7225,2079.812,688.2678,707.6362,698.2758,707.6362,2094.1798
2023-08-09 18:00:00,186.1582,811.998,268.7557,279.1479,274.2434,279.1479,822.1469999999999
2023-08-09 19:00:00,43.52222,248.809,82.676,86.31855,84.97643,,253.97098
2023-08-09 20:00:00,1.858269,-0.045081,0.0220177,0.01446485,0.00328,,0.03976255
2023-08-09 21:00:00,0.0,-9.599999,0.0,0.0,0.0,,0.0
2023-08-09 22:00:00,0.0,-9.599999,0.0,0.0,0.0,,0.0
2023-08-09 23:00:00,0.0,-9.599999,0.0,0.0,0.0,,0.0
2023-08-10 00:00:00,0.0,-9.599999,0.0,0.0,0.0,,0.0
2023-08-10 01:00:00,0.0,-9.599999,0.0,0.0,0.0,,0.0
2023-08-10 02:00:00,0.0,-9.599999,0.0,0.0,0.0,,0.0
2023-08-10 03:00:00,0.0,-9.599999,0.0,0.0,0.0,,0.0
2023-08-10 04:00:00,0.0,-9.599999,0.0,0.0,0.0,,0.0
2023-08-10 05:00:00,0.0,-9.599999,0.0,0.0,0.0,,0.0
2023-08-10 06:00:00,1.276716,-9.599999,0.0,0.0,0.0,,0.0
2023-08-10 07:00:00,7.052332,-9.599999,0.0,0.0,0.0,,0.0
2023-08-10 08:00:00,2.809003,-9.599999,0.0,0.0,0.0,,0.0
2023-08-10 09:00:00,31.86539,128.843,44.89199,46.21884,46.07647,,137.1873
2023-08-10 10:00:00,327.9915,1671.375,549.6597,570.5439,565.1266,570.5439,1685.3302
2023-08-10 11:00:00,631.4898,3202.286,1084.011,1084.695,1042.175,1084.695,3210.8810000000003
2023-08-10 12:00:00,692.8871,3300.499,1071.673,1122.223,1126.363,1126.363,3320.259
2023-08-10 13:00:00,715.9942,3310.477,1110.401,1128.601,1080.785,1128.601,3319.7870000000003
2023-08-10 14:00:00,490.9073,2341.583,786.5983,798.396,774.8922,798.396,2359.8864999999996
2023-08-10 15:00:00,761.8263,3461.213,1151.732,1186.139,1141.844,1186.139,3479.715
2023-08-10 16:00:00,587.4102,2578.229,830.768,869.7949,905.4646,905.4646,2606.0275
2023-08-10 17:00:00,464.2372,2018.755,620.9022,677.6488,698.7479,698.7479,1997.2988999999998
2023-08-10 18:00:00,217.8739,832.5435,255.177,283.3176,297.5338,297.5338,836.0283999999999
2023-08-10 19:00:00,51.05465,164.1699,50.50597,54.39862,54.51659,54.51659,159.42118
2023-08-10 20:00:00,1.511019,-1.801351,0.0,0.0,0.0,,0.0
2023-08-10 21:00:00,0.0,-9.599999,0.0,0.0,0.0,,0.0
2023-08-10 22:00:00,0.0,-9.599999,0.0,0.0,0.0,,0.0
2023-08-10 23:00:00,0.0,-9.599999,0.0,0.0,0.0,,0.0
2023-08-11 00:00:00,0.0,-9.599999,0.0,0.0,0.0,,0.0
2023-08-11 01:00:00,0.0,-9.599999,0.0,0.0,0.0,,0.0
2023-08-11 02:00:00,0.0,-9.599999,0.0,0.0,0.0,,0.0
2023-08-11 03:00:00,0.0,-9.599999,0.0,0.0,0.0,,0.0
2023-08-11 04:00:00,0.0,-9.599999,0.0,0.0,0.0,,0.0
2023-08-11 05:00:00,0.0,-9.599999,0.0,0.0,0.0,,0.0
2023-08-11 06:00:00,1.516918,-9.599999,0.0,0.0,0.0,,0.0
2023-08-11 07:00:00,76.47234,281.2063,91.91753,97.78872,98.51907,98.51907,288.22532
2023-08-11 08:00:00,275.1252,1419.796,471.4488,479.8148,469.9196,479.8148,1421.1832
2023-08-11 09:00:00,454.4392,2343.79,778.0327,791.6833,781.1273,791.6833,2350.8433
2023-08-11 10:00:00,498.4065,2520.783,833.1097,850.88,838.1918,850.88,2522.1815
2023-08-11 11:00:00,569.1362,2853.96,946.4281,965.0771,956.0239,965.0771,2867.5291
2023-08-11 12:00:00,584.4605,2871.05,957.9302,974.9493,960.1769,974.9493,2893.0564
2023-08-11 13:00:00,583.5886,2899.53,960.7186,976.684,965.8544,976.684,2903.257
2023-08-11 14:00:00,306.1991,1554.418,510.2411,526.8861,529.0027,529.0027,1566.1299000000001
2023-08-11 15:00:00,440.2418,2198.228,730.3905,757.4772,730.6064,757.4772,2218.4741
2023-08-11 16:00:00,525.1358,2381.355,763.8381,810.0062,823.7975,823.7975,2397.6418000000003
2023-08-11 17:00:00,392.5804,1787.648,591.7864,609.793,592.1609,609.793,1793.7403
2023-08-11 18:00:00,217.2017,978.2431,324.6367,335.4301,326.9001,335.4301,986.9669000000001
2023-08-11 19:00:00,47.0031,199.0581,61.57988,64.30778,63.66227,,189.54993
2023-08-11 20:00:00,1.533815,-7.183783,0.0,0.0,0.0,,0.0
2023-08-11 21:00:00,0.0,-9.599999,0.0,0.0,0.0,,0.0
2023-08-11 22:00:00,0.0,-9.599999,0.0,0.0,0.0,,0.0
2023-08-11 23:00:00,0.0,-9.599999,0.0,0.0,0.0,,0.0
2023-08-12 00:00:00,0.0,-9.599999,0.0,0.0,0.0,,0.0
2023-08-12 01:00:00,0.0,-9.599999,0.0,0.0,0.0,,0.0
2023-08-12 02:00:00,0.0,-9.599999,0.0,0.0,0.0,,0.0
2023-08-12 03:00:00,0.0,-9.599999,0.0,0.0,0.0,,0.0
2023-08-12 04:00:00,0.0,-9.599999,0.0,0.0,0.0,,0.0
2023-08-12 05:00:00,0.0,-9.599999,0.0,0.0,0.0,,0.0
2023-08-12 06:00:00,1.298494,-9.599999,0.0,0.0,0.0,,0.0
2023-08-12 07:00:00,69.73118,309.9618,101.0844,107.8519,105.6637,107.8519,314.6
2023-08-12 08:00:00,264.598,1358.691,452.238,459.5709,449.3002,459.5709,1361.1091000000001
2023-08-12 09:00:00,495.807,2578.192,858.9846,870.4106,856.5404,870.4106,2585.9356
2023-08-12 10:00:00,706.5148,3501.716,1167.961,1182.023,1170.157,1182.023,3520.1409999999996
2023-08-12 11:00:00,833.7676,4103.117,1369.997,1389.419,1360.995,1389.419,4120.411
2023-08-12 12:00:00,977.9705,4264.894,1438.287,1435.215,1435.204,1438.287,4308.706
2023-08-12 13:00:00,917.7812,4182.738,1405.531,1424.808,1394.715,1424.808,4225.054
2023-08-12 14:00:00,916.9567,4063.773,1349.542,1378.811,1368.998,1378.811,4097.351000000001
2023-08-12 15:00:00,622.6602,2892.502,942.7427,975.3784,985.225,985.225,2903.3461
2023-08-12 16:00:00,452.5053,2164.235,717.5217,736.2963,728.8376,736.2963,2182.6556
2023-08-12 17:00:00,252.7993,1267.526,418.8476,431.5016,427.9608,431.5016,1278.31
2023-08-12 18:00:00,75.27435,397.3336,132.9234,137.6509,136.5444,137.6509,407.1187
2023-08-12 19:00:00,7.219178,23.49942,6.181898,6.381145,6.151153,,18.714196
2023-08-12 20:00:00,0.436351,-9.599999,0.0,0.0,0.0,,0.0
2023-08-12 21:00:00,0.0,-9.599999,0.0,0.0,0.0,,0.0
2023-08-12 22:00:00,0.0,-9.599999,0.0,0.0,0.0,,0.0
2023-08-12 23:00:00,0.0,-9.599999,0.0,0.0,0.0,,0.0
2023-08-13 00:00:00,0.0,-9.599999,0.0,0.0,0.0,,0.0
2023-08-13 01:00:00,0.0,-9.599999,0.0,0.0,0.0,,0.0
2023-08-13 02:00:00,0.0,-9.599999,0.0,0.0,0.0,,0.0
2023-08-13 03:00:00,0.0,-9.599999,0.0,0.0,0.0,,0.0
2023-08-13 04:00:00,0.0,-9.599999,0.0,0.0,0.0,,0.0
2023-08-13 05:00:00,0.0,-9.599999,0.0,0.0,0.0,,0.0
2023-08-13 06:00:00,1.356027,-9.599999,0.0,0.0,0.0,,0.0
2023-08-13 07:00:00,67.56223,260.2836,86.14168,90.23171,90.24466,90.24466,266.61805
2023-08-13 08:00:00,264.7802,1340.129,445.9354,452.7316,442.8145,452.7316,1341.4815
2023-08-13 09:00:00,468.4073,2467.199,819.3036,830.62,823.0677,830.62,2472.9913
2023-08-13 10:00:00,709.4077,3565.033,1187.266,1202.634,1190.307,1202.634,3580.2070000000003
2023-08-13 11:00:00,873.0035,4156.729,1386.802,1403.769,1394.579,1403.769,4185.15
2023-08-13 12:00:00,975.1008,4393.067,1467.328,1486.641,1478.335,1486.641,4432.304
2023-08-13 13:00:00,1009.279,4442.425,1486.264,1505.154,1496.195,1505.154,4487.612999999999
2023-08-13 14:00:00,970.5778,4260.985,1420.443,1444.047,1439.609,1444.047,4304.099
2023-08-13 15:00:00,861.354,3841.054,1282.352,1304.424,1294.436,1304.424,3881.2119999999995
2023-08-13 16:00:00,690.8273,3150.861,1047.935,1070.775,1061.691,1070.775,3180.401
2023-08-13 17:00:00,469.3954,2079.002,685.8016,706.8764,701.308,706.8764,2093.986
2023-08-13 18:00:00,251.9082,946.7252,310.3469,324.8432,322.8791,324.8432,958.0692
2023-08-13 19:00:00,47.4874,167.0403,52.64255,56.1333,55.42126,,164.19710999999998
2023-08-13 20:00:00,0.4154625,-7.259304,0.0,0.0,0.0,,0.0
2023-08-13 21:00:00,0.0,-9.599999,0.0,0.0,0.0,,0.0
2023-08-13 22:00:00,0.0,-9.599999,0.0,0.0,0.0,,0.0
2023-08-13 23:00:00,0.0,-9.599999,0.0,0.0,0.0,,0.0
2023-08-14 00:00:00,0.0,-9.599999,0.0,0.0,0.0,,0.0
2023-08-14 01:00:00,0.0,-9.599999,0.0,0.0,0.0,,0.0
2023-08-14 02:00:00,0.0,-9.599999,0.0,0.0,0.0,,0.0
2023-08-14 03:00:00,0.0,-9.599999,0.0,0.0,0.0,,0.0
2023-08-14 04:00:00,0.0,-9.599999,0.0,0.0,0.0,,0.0
2023-08-14 05:00:00,0.0,-9.599999,0.0,0.0,0.0,,0.0
2023-08-14 06:00:00,1.282195,-9.599999,0.0,0.0,0.0,,0.0
2023-08-14 07:00:00,62.54914,229.0025,76.72988,80.36536,79.80623,80.36536,236.90147
2023-08-14 08:00:00,246.823,1246.418,415.1181,422.5125,413.829,422.5125,1251.4596
2023-08-14 09:00:00,489.3905,2515.633,837.6761,849.2119,836.1473,849.2119,2523.0353
2023-08-14 10:00:00,485.5449,2414.586,794.051,811.062,807.0601,811.062,2412.1731
2023-08-14 11:00:00,564.9188,2727.115,899.0171,922.8238,913.6637,922.8238,2735.5046
2023-08-14 12:00:00,650.0135,3176.66,1051.426,1074.561,1067.326,1074.561,3193.313
2023-08-14 13:00:00,920.4662,4225.458,1415.208,1434.345,1400.698,1434.345,4250.251
2023-08-14 14:00:00,961.6912,4272.589,1426.743,1450.729,1438.625,1450.729,4316.097
2023-08-14 15:00:00,827.601,3736.365,1247.015,1268.068,1258.099,1268.068,3773.182
2023-08-14 16:00:00,670.1046,3044.699,1011.7,1035.063,1028.224,1035.063,3074.987
2023-08-14 17:00:00,464.2488,2024.159,668.118,687.1149,682.9811,687.1149,2038.214
2023-08-14 18:00:00,137.4371,529.8945,174.9978,183.4668,181.3174,183.4668,539.782
2023-08-14 19:00:00,50.68505,217.6855,70.36146,73.99375,73.07259,73.99375,217.4278
2023-08-14 20:00:00,0.992654,-7.117879,0.0,0.0,0.0,,0.0
2023-08-14 21:00:00,0.0,-9.599999,0.0,0.0,0.0,,0.0
2023-08-14 22:00:00,0.0,-9.599999,0.0,0.0,0.0,,0.0
2023-08-14 23:00:00,0.0,-9.599999,0.0,0.0,0.0,,0.0
2023-08-15 00:00:00,0.0,-9.599999,0.0,0.0,0.0,,0.0
2023-08-15 01:00:00,0.0,-9.599999,0.0,0.0,0.0,,0.0
2023-08-15 02:00:00,0.0,-9.599999,0.0,0.0,0.0,,0.0
2023-08-15 03:00:00,0.0,-9.599999,0.0,0.0,0.0,,0.0
2023-08-15 04:00:00,0.0,-9.599999,0.0,0.0,0.0,,0.0
2023-08-15 05:00:00,0.0,-9.599999,0.0,0.0,0.0,,0.0
2023-08-15 06:00:00,0.980185,-9.599999,0.0,0.0,0.0,,0.0
2023-08-15 07:00:00,66.87166,311.2336,103.7564,107.5846,106.9862,107.5846,318.3272
2023-08-15 08:00:00,239.2033,1207.731,399.8341,408.5406,401.2498,408.5406,1209.6245
2023-08-15 09:00:00,475.338,2456.765,818.053,829.2269,816.3111,829.2269,2463.591
2023-08-15 10:00:00,686.0834,3441.867,1147.983,1162.004,1148.813,1162.004,3458.8
2023-08-15 11:00:00,859.221,4088.326,1364.539,1389.233,1378.652,1389.233,4132.424
2023-08-15 12:00:00,733.1381,3576.161,1201.861,1204.094,1191.788,1204.094,3597.743
2023-08-15 13:00:00,703.2374,3248.366,1115.629,1111.418,1105.427,1115.629,3332.4739999999993
2023-08-15 14:00:00,802.4324,3733.883,1249.007,1256.047,1220.285,1256.047,3725.339
2023-08-15 15:00:00,492.4826,2319.345,720.9078,793.9197,779.157,793.9197,2293.9845
2023-08-15 16:00:00,39.50227,183.293,63.32665,65.09713,63.99251,,192.41629000000003
2023-08-15 17:00:00,143.5522,745.3727,246.7939,255.3358,252.2315,255.3358,754.3612
2023-08-15 18:00:00,153.1835,751.5809,245.5475,257.2505,253.7135,257.2505,756.5115000000001
2023-08-15 19:00:00,27.86396,158.2666,51.78827,55.35649,54.54242,,161.68717999999998
2023-08-15 20:00:00,3.350302,7.032632,0.0,0.0,0.0,,0.0
2023-08-15 21:00:00,0.0,-9.599999,0.0,0.0,0.0,,0.0
2023-08-15 22:00:00,0.0,-9.599999,0.0,0.0,0.0,,0.0
2023-08-15 23:00:00,0.0,-9.599999,0.0,0.0,0.0,,0.0
2023-08-16 00:00:00,0.0,-9.599999,0.0,0.0,0.0,,0.0
2023-08-16 01:00:00,0.0,-9.599999,0.0,0.0,0.0,,0.0
2023-08-16 02:00:00,0.0,-9.599999,0.0,0.0,0.0,,0.0
2023-08-16 03:00:00,0.0,-9.599999,0.0,0.0,0.0,,0.0
2023-08-16 04:00:00,0.0,-9.599999,0.0,0.0,0.0,,0.0
2023-08-16 05:00:00,0.0,-9.599999,0.0,0.0,0.0,,0.0
2023-08-16 06:00:00,0.9064777,-9.599999,0.0,0.0,0.0,,0.0
2023-08-16 07:00:00,72.01396,307.8732,101.7886,106.3107,105.9999,106.3107,314.0992
2023-08-16 08:00:00,271.3329,1379.289,459.2925,465.8076,455.0427,465.8076,1380.1428
2023-08-16 09:00:00,498.5937,2586.516,867.791,871.7423,854.3385,871.7423,2593.8718
2023-08-16 10:00:00,665.4896,3301.668,1075.535,1106.503,1125.641,1125.641,3307.679
2023-08-16 11:00:00,896.5726,4299.333,1421.473,1460.147,1457.761,1460.147,4339.380999999999
2023-08-16 12:00:00,969.4681,4521.101,1523.542,1532.176,1509.767,1532.176,4565.485
2023-08-16 13:00:00,877.0445,4166.686,1375.876,1440.548,1393.276,1440.548,4209.7
2023-08-16 14:00:00,699.5133,3195.869,1118.719,1127.917,1061.159,1127.917,3307.795
2023-08-16 15:00:00,905.7905,4113.716,1386.399,1400.529,1369.702,1400.529,4156.63
2023-08-16 16:00:00,689.7272,3222.817,1115.196,1093.789,1043.732,1115.196,3252.7169999999996
2023-08-16 17:00:00,487.0496,2164.395,716.4307,738.248,729.1212,738.248,2183.7999
2023-08-16 18:00:00,239.8314,874.7903,285.9142,300.7227,298.5794,300.7227,885.2163
2023-08-16 19:00:00,42.59061,139.0387,43.4247,46.46866,45.84821,,135.74157
2023-08-16 20:00:00,0.3553326,-7.748333,0.0,0.0,0.0,,0.0
2023-08-16 21:00:00,0.0,-9.599999,0.0,0.0,0.0,,0.0
2023-08-16 22:00:00,0.0,-9.599999,0.0,0.0,0.0,,0.0
2023-08-16 23:00:00,0.0,-9.599999,0.0,0.0,0.0,,0.0
2023-08-17 00:00:00,0.0,-9.599999,0.0,0.0,0.0,,0.0
2023-08-17 01:00:00,0.0,-9.599999,0.0,0.0,0.0,,0.0
2023-08-17 02:00:00,0.0,-9.599999,0.0,0.0,0.0,,0.0
2023-08-17 03:00:00,0.0,-9.599999,0.0,0.0,0.0,,0.0
2023-08-17 04:00:00,0.0,-9.599999,0.0,0.0,0.0,,0.0
2023-08-17 05:00:00,0.0,-9.599999,0.0,0.0,0.0,,0.0
2023-08-17 06:00:00,0.4468431,-9.599999,0.0,0.0,0.0,,0.0
2023-08-17 07:00:00,55.58985,247.0677,83.88862,87.17102,85.80869,87.17102,256.86833
2023-08-17 08:00:00,223.8397,1167.14,388.8501,395.6717,387.1787,395.6717,1171.7005
2023-08-17 09:00:00,383.163,2040.016,690.1845,685.8106,667.0807,690.1845,2043.0758
2023-08-17 10:00:00,605.4395,3127.177,1047.866,1052.717,1046.471,1052.717,3147.054
2023-08-17 11:00:00,574.2541,2761.732,898.0453,955.8809,943.6443,955.8809,2797.5705
2023-08-17 12:00:00,850.1788,3724.636,1214.359,1258.646,1276.417,1276.417,3749.422
2023-08-17 13:00:00,802.4731,3607.039,1255.949,1204.456,1161.019,1255.949,3621.424
2023-08-17 14:00:00,932.1702,4217.799,1402.891,1424.01,1422.552,1424.01,4249.4529999999995
2023-08-17 15:00:00,851.5051,3819.196,1281.603,1300.016,1275.579,1300.016,3857.1980000000003
2023-08-17 16:00:00,644.0283,2987.302,1021.306,1022.597,988.0901,1022.597,3031.9931
2023-08-17 17:00:00,483.5701,2168.185,714.8919,739.8961,732.8644,739.8961,2187.6524
2023-08-17 18:00:00,240.7177,875.5184,286.3404,301.3466,298.6445,301.3466,886.3315
2023-08-17 19:00:00,41.26881,131.5136,40.90242,43.78797,43.33744,,128.02783
2023-08-17 20:00:00,0.2104495,-8.146924,0.0,0.0,0.0,,0.0
2023-08-17 21:00:00,0.0,-9.599999,0.0,0.0,0.0,,0.0
2023-08-17 22:00:00,0.0,-9.599999,0.0,0.0,0.0,,0.0
2023-08-17 23:00:00,0.0,-9.599999,0.0,0.0,0.0,,0.0
2023-08-18 00:00:00,0.0,-9.599999,0.0,0.0,0.0,,0.0
2023-08-18 01:00:00,0.0,-9.599999,0.0,0.0,0.0,,0.0
2023-08-18 02:00:00,0.0,-9.599999,0.0,0.0,0.0,,0.0
2023-08-18 03:00:00,0.0,-9.599999,0.0,0.0,0.0,,0.0
2023-08-18 04:00:00,0.0,-9.599999,0.0,0.0,0.0,,0.0
2023-08-18 05:00:00,0.0,-9.599999,0.0,0.0,0.0,,0.0
2023-08-18 06:00:00,0.7353876,-9.599999,0.0,0.0,0.0,,0.0
2023-08-18 07:00:00,63.04758,276.9908,90.71164,95.07554,94.60173,95.07554,280.38891
2023-08-18 08:00:00,252.5919,1317.184,437.0169,445.459,435.8187,445.459,1318.2946
2023-08-18 09:00:00,483.1568,2540.631,844.7093,858.6353,846.2227,858.6353,2549.5672999999997
2023-08-18 10:00:00,701.3932,3546.388,1179.697,1198.141,1184.542,1198.141,3562.3799999999997
2023-08-18 11:00:00,861.413,4182.739,1415.917,1415.899,1410.125,1415.917,4241.941
2023-08-18 12:00:00,915.2814,4200.99,1394.641,1423.996,1426.922,1426.922,4245.559
2023-08-18 13:00:00,777.3635,3505.53,1131.94,1210.113,1188.233,1210.113,3530.286
2023-08-18 14:00:00,959.3657,4477.201,1515.202,1527.684,1500.347,1527.684,4543.233
2023-08-18 15:00:00,905.6627,4170.439,1386.861,1417.683,1411.683,1417.683,4216.227
2023-08-18 16:00:00,713.7983,3239.681,1075.695,1106.363,1100.876,1106.363,3282.934
2023-08-18 17:00:00,475.0894,2143.646,709.0528,732.6695,721.718,732.6695,2163.4402999999998
2023-08-18 18:00:00,234.8454,865.8682,281.9934,297.7602,295.6316,297.7602,875.3851999999999
2023-08-18 19:00:00,38.51871,146.9715,46.14664,48.93387,48.21508,,143.29559
2023-08-18 20:00:00,0.1645896,-8.048107,0.0,0.0,0.0,,0.0
2023-08-18 21:00:00,0.0,-9.599999,0.0,0.0,0.0,,0.0
2023-08-18 22:00:00,0.0,-9.599999,0.0,0.0,0.0,,0.0
2023-08-18 23:00:00,0.0,-9.599999,0.0,0.0,0.0,,0.0
2023-08-19 00:00:00,0.0,-9.599999,0.0,0.0,0.0,,0.0
2023-08-19 01:00:00,0.0,-9.599999,0.0,0.0,0.0,,0.0
2023-08-19 02:00:00,0.0,-9.599999,0.0,0.0,0.0,,0.0
2023-08-19 03:00:00,0.0,-9.599999,0.0,0.0,0.0,,0.0
2023-08-19 04:00:00,0.0,-9.599999,0.0,0.0,0.0,,0.0
2023-08-19 05:00:00,0.0,-9.599999,0.0,0.0,0.0,,0.0
2023-08-19 06:00:00,0.684966,-8.899459,0.0,0.0,0.0,,0.0
2023-08-19 07:00:00,68.95802,342.0862,112.1963,117.9631,115.7639,117.9631,345.92330000000004
2023-08-19 08:00:00,232.7363,1203.454,408.126,403.9811,395.3673,408.126,1207.4744
2023-08-19 09:00:00,466.2117,2442.725,792.5744,821.1908,824.2106,824.2106,2437.9757999999997
2023-08-19 10:00:00,678.2391,3514.706,1168.025,1185.633,1173.697,1185.633,3527.3550000000005
2023-08-19 11:00:00,851.3724,4248.175,1414.121,1435.209,1424.419,1435.209,4273.749
2023-08-19 12:00:00,965.0947,4645.891,1547.304,1572.762,1564.182,1572.762,4684.248
2023-08-19 13:00:00,989.0121,4583.828,1531.555,1552.611,1544.15,1552.611,4628.316000000001
2023-08-19 14:00:00,946.491,4342.061,1448.247,1473.884,1465.064,1473.884,4387.195000000001
2023-08-19 15:00:00,845.6239,3924.021,1306.739,1333.815,1323.156,1333.815,3963.71
2023-08-19 16:00:00,674.463,3130.351,1040.157,1065.311,1055.352,1065.311,3160.8199999999997
2023-08-19 17:00:00,451.9648,2037.777,672.5655,695.1412,688.0154,695.1412,2055.7221
2023-08-19 18:00:00,216.8362,828.3461,269.8049,285.0931,282.8206,285.0931,837.7185999999999
2023-08-19 19:00:00,35.3792,144.1073,44.13342,48.99105,48.28194,,141.40641
2023-08-19 20:00:00,0.1185728,-8.585399,0.0,0.0,0.0,,0.0
2023-08-19 21:00:00,0.0,-9.599999,0.0,0.0,0.0,,0.0
2023-08-19 22:00:00,0.0,-9.599999,0.0,0.0,0.0,,0.0
2023-08-19 23:00:00,0.0,-9.599999,0.0,0.0,0.0,,0.0
2023-08-20 00:00:00,0.0,-9.599999,0.0,0.0,0.0,,0.0
2023-08-20 01:00:00,0.0,-9.599999,0.0,0.0,0.0,,0.0
2023-08-20 02:00:00,0.0,-9.599999,0.0,0.0,0.0,,0.0
2023-08-20 03:00:00,0.0,-9.599999,0.0,0.0,0.0,,0.0
2023-08-20 04:00:00,0.0,-9.599999,0.0,0.0,0.0,,0.0
2023-08-20 05:00:00,0.0,-9.599999,0.0,0.0,0.0,,0.0
2023-08-20 06:00:00,0.7133076,-9.599999,0.0,0.0,0.0,,0.0
2023-08-20 07:00:00,64.77551,308.297,100.5387,105.6342,105.2688,105.6342,311.4417
2023-08-20 08:00:00,246.5082,1284.096,424.6771,434.9419,424.7717,434.9419,1284.3907
2023-08-20 09:00:00,475.3505,2506.173,831.5491,846.1644,833.0047,846.1644,2510.7182
2023-08-20 10:00:00,688.6415,3475.303,1152.732,1174.277,1163.3,1174.277,3490.309
2023-08-20 11:00:00,859.7753,4106.989,1365.841,1388.768,1378.358,1388.768,4132.967
2023-08-20 12:00:00,845.5866,3846.64,1310.102,1289.823,1286.394,1310.102,3886.3190000000004
2023-08-20 13:00:00,901.2092,4142.388,1444.725,1405.969,1340.006,1444.725,4190.7
2023-08-20 14:00:00,948.1381,4181.586,1405.193,1424.252,1396.32,1424.252,4225.764999999999
2023-08-20 15:00:00,837.5423,3702.286,1227.067,1268.186,1248.246,1268.186,3743.499
2023-08-20 16:00:00,713.1093,3198.08,1059.625,1090.955,1077.074,1090.955,3227.654
2023-08-20 17:00:00,460.8665,2049.321,676.2009,699.5447,692.6227,699.5447,2068.3683
2023-08-20 18:00:00,218.277,816.6774,266.7213,281.4786,279.3713,281.4786,827.5712
2023-08-20 19:00:00,35.8886,143.2012,43.28488,47.72236,47.04693,,138.05417
2023-08-20 20:00:00,0.1085743,-8.369522,0.0,0.0,0.0,,0.0
2023-08-20 21:00:00,0.0,-9.599999,0.0,0.0,0.0,,0.0
2023-08-20 22:00:00,0.0,-9.599999,0.0,0.0,0.0,,0.0
2023-08-20 23:00:00,0.0,-9.599999,0.0,0.0,0.0,,0.0
2023-08-21 00:00:00,0.0,-9.599999,0.0,0.0,0.0,,0.0
2023-08-21 01:00:00,0.0,-9.599999,0.0,0.0,0.0,,0.0
2023-08-21 02:00:00,0.0,-9.599999,0.0,0.0,0.0,,0.0
2023-08-21 03:00:00,0.0,-9.599999,0.0,0.0,0.0,,0.0
2023-08-21 04:00:00,0.0,-9.599999,0.0,0.0,0.0,,0.0
2023-08-21 05:00:00,0.0,-9.599999,0.0,0.0,0.0,,0.0
2023-08-21 06:00:00,1.06191,-9.599999,0.0,0.0,0.0,,0.0
2023-08-21 07:00:00,58.13848,252.7777,83.75497,88.25311,87.75933,88.25311,259.76741000000004
2023-08-21 08:00:00,240.5051,1236.396,410.1022,419.329,409.9266,419.329,1239.3578
2023-08-21 09:00:00,454.4938,2389.46,789.9637,811.6944,789.9339,811.6944,2391.592
2023-08-21 10:00:00,666.004,3321.743,1102.334,1124.371,1111.546,1124.371,3338.251
2023-08-21 11:00:00,844.4469,4011.699,1332.674,1358.585,1348.586,1358.585,4039.8450000000003
2023-08-21 12:00:00,938.8508,4210.043,1398.902,1427.18,1417.569,1427.18,4243.651
2023-08-21 13:00:00,826.8257,3758.439,1244.127,1278.851,1272.8,1278.851,3795.7780000000002
2023-08-21 14:00:00,941.0329,4230.732,1408.128,1441.036,1433.114,1441.036,4282.278
2023-08-21 15:00:00,746.3286,3378.412,1123.254,1148.138,1147.833,1148.138,3419.225
2023-08-21 16:00:00,496.9809,2340.242,766.9621,797.1696,788.311,797.1696,2352.4427
2023-08-21 17:00:00,354.5541,1660.531,549.8369,566.2017,558.108,566.2017,1674.1465999999998
2023-08-21 18:00:00,142.9429,698.3089,231.5983,240.1639,237.4001,240.1639,709.1623
2023-08-21 19:00:00,31.11439,172.4298,53.95863,56.69464,56.49123,,167.1445
2023-08-21 20:00:00,0.1868495,-9.510695,0.0,0.0,0.0,,0.0
2023-08-21 21:00:00,0.0,-9.599999,0.0,0.0,0.0,,0.0
2023-08-21 22:00:00,0.0,-9.599999,0.0,0.0,0.0,,0.0
2023-08-21 23:00:00,0.0,-9.599999,0.0,0.0,0.0,,0.0
2023-08-22 00:00:00,0.0,-9.599999,0.0,0.0,0.0,,0.0
2023-08-22 01:00:00,0.0,-9.599999,0.0,0.0,0.0,,0.0
2023-08-22 02:00:00,0.0,-9.599999,0.0,0.0,0.0,,0.0
2023-08-22 03:00:00,0.0,-9.599999,0.0,0.0,0.0,,0.0
2023-08-22 04:00:00,0.0,-9.599999,0.0,0.0,0.0,,0.0
2023-08-22 05:00:00,0.0,-9.599999,0.0,0.0,0.0,,0.0
2023-08-22 06:00:00,0.4925941,-9.599999,0.0,0.0,0.0,,0.0
2023-08-22 07:00:00,37.24963,138.0697,47.81385,49.42256,48.73441,,145.97082
2023-08-22 08:00:00,212.0677,1111.278,367.5178,377.4243,368.7122,377.4243,1113.6543
2023-08-22 09:00:00,392.3546,2034.299,675.065,689.6017,679.2716,689.6017,2043.9383000000003
2023-08-22 10:00:00,586.0333,2968.028,981.4394,1004.269,994.7341,1004.269,2980.4425
2023-08-22 11:00:00,756.9293,3689.89,1259.729,1252.771,1242.087,1259.729,3754.587
2023-08-22 12:00:00,729.2448,3524.311,1172.5,1191.562,1185.701,1191.562,3549.763
2023-08-22 13:00:00,822.1406,3836.426,1272.504,1304.974,1299.912,1304.974,3877.3900000000003
2023-08-22 14:00:00,896.3004,4151.079,1376.992,1412.436,1401.119,1412.436,4190.547
2023-08-22 15:00:00,750.7159,3509.375,1171.851,1195.232,1189.932,1195.232,3557.0150000000003
2023-08-22 16:00:00,578.7006,2695.268,890.0333,919.3519,913.5552,919.3519,2722.9404000000004
2023-08-22 17:00:00,366.9553,1672.109,550.6127,572.4639,564.1739,572.4639,1687.2504999999999
2023-08-22 18:00:00,178.4007,732.8422,239.2787,252.7245,251.1947,252.7245,743.1979
2023-08-22 19:00:00,31.97977,149.3002,47.19907,50.13844,49.973,,147.31051000000002
2023-08-22 20:00:00,0.1645021,-8.948465,0.0,0.0,0.0,,0.0
2023-08-22 21:00:00,0.0,-9.599999,0.0,0.0,0.0,,0.0
2023-08-22 22:00:00,0.0,-9.599999,0.0,0.0,0.0,,0.0
2023-08-22 23:00:00,0.0,-9.599999,0.0,0.0,0.0,,0.0
2023-08-23 00:00:00,0.0,-9.599999,0.0,0.0,0.0,,0.0
2023-08-23 01:00:00,0.0,-9.599999,0.0,0.0,0.0,,0.0
2023-08-23 02:00:00,0.0,-9.599999,0.0,0.0,0.0,,0.0
2023-08-23 03:00:00,0.0,-9.599999,0.0,0.0,0.0,,0.0
2023-08-23 04:00:00,0.0,-9.599999,0.0,0.0,0.0,,0.0
2023-08-23 05:00:00,0.0,-9.599999,0.0,0.0,0.0,,0.0
2023-08-23 06:00:00,0.6242254,-9.599999,0.0,0.0,0.0,,0.0
2023-08-23 07:00:00,58.50374,228.2087,74.38508,81.4198,79.82294,81.4198,235.62781999999999
2023-08-23 08:00:00,250.409,1269.335,420.8957,430.9326,419.8573,430.9326,1271.6855999999998
2023-08-23 09:00:00,485.5206,2577.925,855.1262,872.4825,856.0239,872.4825,2583.6326
2023-08-23 10:00:00,701.8666,3611.236,1197.759,1222.521,1208.198,1222.521,3628.478
2023-08-23 11:00:00,865.6049,4312.437,1433.999,1461.03,1448.431,1461.03,4343.46
2023-08-23 12:00:00,967.3122,4644.812,1545.672,1575.81,1564.737,1575.81,4686.219
2023-08-23 13:00:00,1000.7,4695.435,1560.013,1594.672,1585.714,1594.672,4740.398999999999
2023-08-23 14:00:00,956.5679,4390.601,1462.165,1492.374,1480.534,1492.374,4435.073
2023-08-23 15:00:00,841.2891,3904.814,1297.476,1328.934,1317.705,1328.934,3944.115
2023-08-23 16:00:00,661.7067,3078.465,1020.454,1049.478,1038.114,1049.478,3108.046
2023-08-23 17:00:00,440.9163,1981.136,653.1063,676.436,668.4999,676.436,1998.0422
2023-08-23 18:00:00,206.2303,772.2224,251.3531,266.2335,263.706,266.2335,781.2926
2023-08-23 19:00:00,29.35053,116.5507,35.21426,37.54052,36.96655,,109.72133000000001
2023-08-23 20:00:00,0.0,-9.466902,0.0,0.0,0.0,,0.0
2023-08-23 21:00:00,0.0,-9.599999,0.0,0.0,0.0,,0.0
2023-08-23 22:00:00,0.0,-9.599999,0.0,0.0,0.0,,0.0
2023-08-23 23:00:00,0.0,-9.599999,0.0,0.0,0.0,,0.0
2023-08-24 00:00:00,0.0,-9.599999,0.0,0.0,0.0,,0.0
2023-08-24 01:00:00,0.0,-9.599999,0.0,0.0,0.0,,0.0
2023-08-24 02:00:00,0.0,-9.599999,0.0,0.0,0.0,,0.0
2023-08-24 03:00:00,0.0,-9.599999,0.0,0.0,0.0,,0.0
2023-08-24 04:00:00,0.0,-9.599999,0.0,0.0,0.0,,0.0
2023-08-24 05:00:00,0.0,-9.599999,0.0,0.0,0.0,,0.0
2023-08-24 06:00:00,0.2939368,-9.599999,0.0,0.0,0.0,,0.0
2023-08-24 07:00:00,57.1538,253.0453,84.12447,88.48322,87.61539,88.48322,260.22308
2023-08-24 08:00:00,222.6539,1142.367,378.7105,388.2116,378.356,388.2116,1145.2781
2023-08-24 09:00:00,448.1246,2364.763,784.5237,799.3176,784.4843,799.3176,2368.3256
2023-08-24 10:00:00,669.7037,3397.895,1128.538,1149.528,1133.402,1149.528,3411.468
2023-08-24 11:00:00,839.3888,4045.806,1346.228,1369.992,1356.774,1369.992,4072.994
2023-08-24 12:00:00,908.4529,4219.424,1381.151,1432.198,1432.588,1432.588,4245.937
2023-08-24 13:00:00,974.2911,4334.473,1443.698,1470.365,1461.641,1470.365,4375.704
2023-08-24 14:00:00,930.8727,4129.817,1373.764,1401.41,1394.371,1401.41,4169.545
2023-08-24 15:00:00,803.762,3628.586,1186.581,1233.438,1234.078,1234.078,3654.097
2023-08-24 16:00:00,652.1866,2970.585,985.6907,1010.416,1001.106,1010.416,2997.2127
2023-08-24 17:00:00,362.4605,1609.725,543.6631,556.8192,544.4111,556.8192,1644.8934000000002
2023-08-24 18:00:00,164.716,687.4789,228.2292,237.3741,233.0315,237.3741,698.6348
2023-08-24 19:00:00,28.40745,132.615,42.0557,44.17281,43.56695,,129.79546
2023-08-24 20:00:00,0.00510892,-9.599999,0.0,0.0,0.0,,0.0
2023-08-24 21:00:00,0.0,-9.599999,0.0,0.0,0.0,,0.0
2023-08-24 22:00:00,0.0,-9.599999,0.0,0.0,0.0,,0.0
2023-08-24 23:00:00,0.0,-9.599999,0.0,0.0,0.0,,0.0
2023-08-25 00:00:00,0.0,-9.599999,0.0,0.0,0.0,,0.0
2023-08-25 01:00:00,0.0,-9.599999,0.0,0.0,0.0,,0.0
2023-08-25 02:00:00,0.0,-9.599999,0.0,0.0,0.0,,0.0
2023-08-25 03:00:00,0.0,-9.599999,0.0,0.0,0.0,,0.0
2023-08-25 04:00:00,0.0,-9.599999,0.0,0.0,0.0,,0.0
2023-08-25 05:00:00,0.0,-9.599999,0.0,0.0,0.0,,0.0
2023-08-25 06:00:00,0.5483657,-9.599999,0.0,0.0,0.0,,0.0
2023-08-25 07:00:00,57.34668,243.039,78.69617,86.06405,85.88316,86.06405,250.64338
2023-08-25 08:00:00,249.5358,1288.47,425.8179,437.7153,427.7613,437.7153,1291.2945
2023-08-25 09:00:00,451.7954,2341.847,777.8734,792.2023,778.4606,792.2023,2348.5362999999998
2023-08-25 10:00:00,665.8834,3280.697,1090.34,1110.158,1098.582,1110.158,3299.08
2023-08-25 11:00:00,811.9974,3828.034,1253.392,1286.069,1284.078,1286.069,3823.539
2023-08-25 12:00:00,831.8914,3869.797,1297.86,1327.29,1306.831,1327.29,3931.9809999999998
2023-08-25 13:00:00,968.704,4158.427,1372.949,1404.318,1444.36,1444.36,4221.6269999999995
2023-08-25 14:00:00,749.066,3195.488,1022.807,1084.283,1135.133,1135.133,3242.223
2023-08-25 15:00:00,516.0922,2471.241,832.9352,849.7446,825.0872,849.7446,2507.767
2023-08-25 16:00:00,545.1782,2539.662,876.7663,880.3382,847.4693,880.3382,2604.5738
2023-08-25 17:00:00,325.9818,1407.911,454.538,476.6239,479.1561,479.1561,1410.318
2023-08-25 18:00:00,198.1089,735.191,239.5591,254.0027,251.3123,254.0027,744.8741
2023-08-25 19:00:00,26.1416,108.1671,33.71412,35.83316,35.21008,,104.75736
2023-08-25 20:00:00,0.0,-9.599999,0.0,0.0,0.0,,0.0
2023-08-25 21:00:00,0.0,-9.599999,0.0,0.0,0.0,,0.0
2023-08-25 22:00:00,0.0,-9.599999,0.0,0.0,0.0,,0.0
2023-08-25 23:00:00,0.0,-9.599999,0.0,0.0,0.0,,0.0
2023-08-26 00:00:00,0.0,-9.599999,0.0,0.0,0.0,,0.0
2023-08-26 01:00:00,0.0,-9.599999,0.0,0.0,0.0,,0.0
2023-08-26 02:00:00,0.0,-9.473798,0.0,0.0,0.0,,0.0
2023-08-26 03:00:00,0.0,-9.515201,0.0,0.0,0.0,,0.0
2023-08-26 04:00:00,0.0,-9.599999,0.0,0.0,0.0,,0.0
2023-08-26 05:00:00,0.0,-9.599999,0.0,0.0,0.0,,0.0
2023-08-26 06:00:00,0.6040135,-9.599999,0.0,0.0,0.0,,0.0
2023-08-26 07:00:00,37.32895,161.509,54.49273,57.4053,57.41968,,169.31771
2023-08-26 08:00:00,61.89891,307.1516,103.6309,106.7474,104.5664,106.7474,314.9447
2023-08-26 09:00:00,260.8617,1358.976,446.6618,466.3264,452.2588,466.3264,1365.247
2023-08-26 10:00:00,679.8323,3394.963,1128.297,1155.265,1125.862,1155.265,3409.424
2023-08-26 11:00:00,827.1931,4009.824,1338.552,1367.041,1349.423,1367.041,4055.0159999999996
2023-08-26 12:00:00,960.3552,4148.119,1354.119,1400.147,1409.12,1409.12,4163.3859999999995
2023-08-26 13:00:00,732.026,3307.343,1072.27,1119.085,1139.753,1139.753,3331.108
2023-08-26 14:00:00,948.4998,4138.948,1380.385,1409.194,1391.099,1409.194,4180.678
2023-08-26 15:00:00,631.4462,2952.073,992.9655,1000.227,988.631,1000.227,2981.8235
2023-08-26 16:00:00,487.7434,2266.541,749.0873,771.4536,743.6672,771.4536,2264.2081
2023-08-26 17:00:00,443.8718,1980.05,653.6791,676.181,667.285,676.181,1997.1450999999997
2023-08-26 18:00:00,202.6449,753.4911,246.0988,260.3737,257.8022,260.3737,764.2746999999999
2023-08-26 19:00:00,29.71237,130.8132,39.42683,43.7034,41.39148,,124.52171000000001
2023-08-26 20:00:00,0.07495628,-9.460467,0.0,0.0,0.0,,0.0
2023-08-26 21:00:00,0.0,-9.599999,0.0,0.0,0.0,,0.0
2023-08-26 22:00:00,0.6650924,-9.599999,0.0,0.0,0.0,,0.0
2023-08-26 23:00:00,0.0,-9.599999,0.0,0.0,0.0,,0.0
2023-08-27 00:00:00,0.0,-9.599999,0.0,0.0,0.0,,0.0
2023-08-27 01:00:00,0.0,-9.599999,0.0,0.0,0.0,,0.0
2023-08-27 02:00:00,0.0,-9.599999,0.0,0.0,0.0,,0.0
2023-08-27 03:00:00,0.0,-9.599999,0.0,0.0,0.0,,0.0
2023-08-27 04:00:00,0.0,-9.599999,0.0,0.0,0.0,,0.0
2023-08-27 05:00:00,0.0,-9.599999,0.0,0.0,0.0,,0.0
2023-08-27 06:00:00,0.2787079,-9.599999,0.0,0.0,0.0,,0.0
2023-08-27 07:00:00,55.50491,224.1313,74.02425,79.07236,78.49922,79.07236,231.59582999999998
2023-08-27 08:00:00,234.8076,1226.059,405.8511,416.7066,406.0516,416.7066,1228.6093
2023-08-27 09:00:00,467.2046,2457.565,815.289,831.6791,816.6976,831.6791,2463.6657
2023-08-27 10:00:00,638.6072,3269.92,1111.041,1100.765,1083.464,1111.041,3295.27
2023-08-27 11:00:00,862.8365,4150.7,1377.778,1405.741,1395.871,1405.741,4179.39
2023-08-27 12:00:00,820.5691,3624.732,1221.258,1219.811,1226.488,1226.488,3667.557
2023-08-27 13:00:00,1010.334,4429.22,1472.185,1506.16,1494.53,1506.16,4472.875
2023-08-27 14:00:00,937.3696,4171.724,1371.01,1425.738,1409.257,1425.738,4206.005
2023-08-27 15:00:00,822.4054,3476.456,1135.016,1177.032,1201.152,1201.152,3513.2
2023-08-27 16:00:00,619.9403,2843.328,918.9031,960.5676,979.7366,979.7366,2859.2073
2023-08-27 17:00:00,290.6075,1391.036,453.2049,482.3944,466.3381,482.3944,1401.9374
2023-08-27 18:00:00,56.56058,278.4818,92.89175,96.12563,94.25686,96.12563,283.27424
2023-08-27 19:00:00,3.529376,3.706995,0.0,0.0,0.0,,0.0
2023-08-27 20:00:00,0.0,-9.599999,0.0,0.0,0.0,,0.0
2023-08-27 21:00:00,0.0,-9.599999,0.0,0.0,0.0,,0.0
2023-08-27 22:00:00,0.0,-9.599999,0.0,0.0,0.0,,0.0
2023-08-27 23:00:00,0.0,-9.599999,0.0,0.0,0.0,,0.0
2023-08-28 00:00:00,0.0,-9.599999,0.0,0.0,0.0,,0.0
2023-08-28 01:00:00,0.0,-9.599999,0.0,0.0,0.0,,0.0
2023-08-28 02:00:00,0.0,-9.599999,0.0,0.0,0.0,,0.0
2023-08-28 03:00:00,0.0,-9.599999,0.0,0.0,0.0,,0.0
2023-08-28 04:00:00,0.0,-9.599999,0.0,0.0,0.0,,0.0
2023-08-28 05:00:00,0.0,-9.599999,0.0,0.0,0.0,,0.0
2023-08-28 06:00:00,0.04779564,-9.599999,0.0,0.0,0.0,,0.0
2023-08-28 07:00:00,11.81795,-3.549804,1.794396,1.995427,2.145938,,5.935761
2023-08-28 08:00:00,51.27621,255.7406,85.7869,89.11248,88.12904,89.11248,263.02842
2023-08-28 09:00:00,246.1281,1252.625,412.6212,425.0783,419.5168,425.0783,1257.2163
2023-08-28 10:00:00,265.2245,1336.796,455.6422,452.139,435.1401,455.6422,1342.9213
2023-08-28 11:00:00,303.1537,1496.598,495.7764,508.2615,498.7301,508.2615,1502.768
2023-08-28 12:00:00,318.075,1581.519,527.4609,535.8344,525.2173,535.8344,1588.5126
2023-08-28 13:00:00,438.6508,2138.702,710.4491,732.6123,709.2408,732.6123,2152.3022
2023-08-28 14:00:00,599.035,2861.845,960.2512,976.4091,954.3619,976.4091,2891.0222
2023-08-28 15:00:00,640.5444,2960.073,979.1506,998.6533,1002.431,1002.431,2980.2349
2023-08-28 16:00:00,556.4117,2638.495,915.6124,899.0624,840.5318,915.6124,2655.2066
2023-08-28 17:00:00,313.4391,1464.843,506.9544,497.4948,472.361,506.9544,1476.8102
2023-08-28 18:00:00,188.8241,733.5158,240.7583,253.1392,247.3385,253.1392,741.236
2023-08-28 19:00:00,24.32248,88.05885,28.77713,30.58389,29.96995,,89.33097
2023-08-28 20:00:00,0.0,-9.599999,0.0,0.0,0.0,,0.0
2023-08-28 21:00:00,0.0,-9.599999,0.0,0.0,0.0,,0.0
2023-08-28 22:00:00,0.0,-9.599999,0.0,0.0,0.0,,0.0
2023-08-28 23:00:00,0.0,-9.599999,0.0,0.0,0.0,,0.0
2023-08-29 00:00:00,0.0,-9.599999,0.0,0.0,0.0,,0.0
2023-08-29 01:00:00,0.0,-9.599999,0.0,0.0,0.0,,0.0
2023-08-29 02:00:00,0.0,-9.599999,0.0,0.0,0.0,,0.0
2023-08-29 03:00:00,0.0,-9.599999,0.0,0.0,0.0,,0.0
2023-08-29 04:00:00,0.0,-9.599999,0.0,0.0,0.0,,0.0
2023-08-29 05:00:00,0.0,-9.599999,0.0,0.0,0.0,,0.0
2023-08-29 06:00:00,0.2650847,-9.599999,0.0,0.0,0.0,,0.0
2023-08-29 07:00:00,26.67124,80.73296,28.83698,30.27164,30.42571,,89.53433
2023-08-29 08:00:00,113.2105,550.1928,180.705,190.1772,185.194,190.1772,556.0762
2023-08-29 09:00:00,228.2608,1166.975,390.6123,393.1786,389.9944,393.1786,1173.7853
2023-08-29 10:00:00,273.7998,1363.043,449.089,462.6079,456.7668,462.6079,1368.4636999999998
2023-08-29 11:00:00,369.4106,1838.745,606.6069,624.1803,614.3271,624.1803,1845.1143
2023-08-29 12:00:00,380.0266,1877.581,624.1945,638.303,624.1655,638.303,1886.663
2023-08-29 13:00:00,614.0834,2682.088,891.9331,919.3712,903.1573,919.3712,2714.4616
2023-08-29 14:00:00,592.2756,2725.663,889.2464,933.9414,937.79,937.79,2760.9778
2023-08-29 15:00:00,378.4828,1824.918,601.1778,619.3916,619.0844,619.3916,1839.6538
2023-08-29 16:00:00,506.8114,2389.799,789.9785,815.4397,807.3494,815.4397,2412.7676
2023-08-29 17:00:00,107.1407,537.7104,188.5163,182.1527,177.5123,188.5163,548.1813
2023-08-29 18:00:00,183.4245,883.2963,285.127,302.4474,302.1101,302.4474,889.6845
2023-08-29 19:00:00,26.73829,153.0365,49.06445,51.59168,50.91989,,151.57602
2023-08-29 20:00:00,0.0,-9.599999,0.0,0.0,0.0,,0.0
2023-08-29 21:00:00,0.0,-9.599999,0.0,0.0,0.0,,0.0
2023-08-29 22:00:00,0.0,-9.599999,0.0,0.0,0.0,,0.0
2023-08-29 23:00:00,0.0,-9.599999,0.0,0.0,0.0,,0.0
2023-08-30 00:00:00,0.0,-9.599999,0.0,0.0,0.0,,0.0
2023-08-30 01:00:00,0.0,-9.599999,0.0,0.0,0.0,,0.0
2023-08-30 02:00:00,0.0,-9.599999,0.0,0.0,0.0,,0.0
2023-08-30 03:00:00,0.0,-9.599999,0.0,0.0,0.0,,0.0
2023-08-30 04:00:00,0.0,-9.599999,0.0,0.0,0.0,,0.0
2023-08-30 05:00:00,0.0,-9.599999,0.0,0.0,0.0,,0.0
2023-08-30 06:00:00,0.1512826,-9.599999,0.0,0.0,0.0,,0.0
2023-08-30 07:00:00,27.17993,95.63418,33.78527,37.12422,33.37606,,104.28555
2023-08-30 08:00:00,115.3998,589.5954,195.3828,203.1437,198.9893,203.1437,597.5158
2023-08-30 09:00:00,261.0249,1367.384,452.2905,464.8766,455.2693,464.8766,1372.4364
2023-08-30 10:00:00,223.1066,1136.002,370.445,386.4999,384.1688,386.4999,1141.1136999999999
2023-08-30 11:00:00,254.3905,1317.614,433.5342,447.7717,441.7771,447.7717,1323.083
2023-08-30 12:00:00,292.9438,1499.534,495.157,509.5408,501.1688,509.5408,1505.8665999999998
2023-08-30 13:00:00,255.1853,1330.416,431.991,452.6281,452.3755,452.6281,1336.9946
2023-08-30 14:00:00,176.7215,927.207,306.6014,316.1814,311.6697,316.1814,934.4524999999999
2023-08-30 15:00:00,71.18749,377.4933,126.9776,130.5353,128.1088,130.5353,385.62170000000003
2023-08-30 16:00:00,48.76507,249.6467,84.57129,87.20525,86.18372,,257.96026
2023-08-30 17:00:00,34.76685,171.101,58.90913,60.708,59.87339,,179.49052
2023-08-30 18:00:00,26.04801,126.2956,44.15197,45.62504,45.10451,,134.88152
2023-08-30 19:00:00,4.641793,10.07781,3.204855,3.240012,3.144448,,9.589315000000001
2023-08-30 20:00:00,0.0,-9.599999,0.0,0.0,0.0,,0.0
2023-08-30 21:00:00,0.0,-9.599999,0.0,0.0,0.0,,0.0
2023-08-30 22:00:00,0.0,-9.599999,0.0,0.0,0.0,,0.0
2023-08-30 23:00:00,0.0,-9.599999,0.0,0.0,0.0,,0.0
2023-08-31 00:00:00,0.0,-9.599999,0.0,0.0,0.0,,0.0
2023-08-31 01:00:00,0.0,-9.599999,0.0,0.0,0.0,,0.0
2023-08-31 02:00:00,0.0,-9.599999,0.0,0.0,0.0,,0.0
2023-08-31 03:00:00,0.0,-9.599999,0.0,0.0,0.0,,0.0
2023-08-31 04:00:00,0.0,-9.599999,0.0,0.0,0.0,,0.0
2023-08-31 05:00:00,0.0,-9.599999,0.0,0.0,0.0,,0.0
2023-08-31 06:00:00,0.005874549,-9.599999,0.0,0.0,0.0,,0.0
2023-08-31 07:00:00,51.14634,192.2446,63.72083,68.79212,67.17818,68.79212,199.69113
2023-08-31 08:00:00,253.9245,1312.997,433.9094,446.1049,434.2338,446.1049,1314.2481
2023-08-31 09:00:00,493.4956,2673.978,883.6913,905.1722,889.7371,905.1722,2678.6005999999998
2023-08-31 10:00:00,717.3321,3774.513,1248.242,1277.917,1262.466,1277.917,3788.6249999999995
2023-08-31 11:00:00,888.9447,4464.039,1478.639,1512.67,1499.984,1512.67,4491.293
2023-08-31 12:00:00,947.7769,4578.277,1526.824,1552.802,1540.403,1552.802,4620.029
2023-08-31 13:00:00,1033.353,4812.718,1576.664,1632.958,1628.627,1632.958,4838.249
2023-08-31 14:00:00,973.8128,4514.636,1488.792,1529.23,1531.446,1531.446,4549.468
2023-08-31 15:00:00,718.4335,3641.446,1231.9,1238.811,1211.136,1238.811,3681.847
2023-08-31 16:00:00,619.9958,2900.434,943.9489,990.6268,991.3914,991.3914,2925.9671
2023-08-31 17:00:00,455.9417,2061.684,676.1139,703.338,696.8447,703.338,2076.2966
2023-08-31 18:00:00,207.7112,743.4493,240.4019,256.6816,254.6594,256.6816,751.7429
2023-08-31 19:00:00,22.00495,80.05245,22.02821,25.7431,25.4325,,73.20381
2023-08-31 20:00:00,0.0,-9.599999,0.0,0.0,0.0,,0.0
2023-08-31 21:00:00,0.0,-9.599999,0.0,0.0,0.0,,0.0
2023-08-31 22:00:00,0.0,-9.599999,0.0,0.0,0.0,,0.0
2023-08-31 23:00:00,0.0,-9.599999,0.0,0.0,0.0,,0.0
