Red Oak Solar Farm,Unnamed: 1,Unnamed: 2,Unnamed: 3,Unnamed: 4,Unnamed: 5,Unnamed: 6,Unnamed: 7,Unnamed: 8
,,,,,,,,
Timestamp,POA*,"SMA SC-800CP-US - A1, Pac","SMA SC-800CP-US - A2, Pac","SMA SC-800CP-US - B1, Pac","SMA SC-800CP-US - B2, Pac","SMA SC-800CP-US - C1, Pac","SMA SC-800CP-US - C2, Pac",Production meter active power
,W/mÂ²,kW,kW,kW,kW,kW,kW,kW
2023-03-01 00:00:00,0,0,0,0,,0,0,-8.576696
2023-03-01 01:00:00,0,0,0,0,,0,0,-8.547464
2023-03-01 02:00:00,0,0,0,0,,0,0,-8.560576
2023-03-01 03:00:00,0,0,0,0,,0,0,-8.609165
2023-03-01 04:00:00,0,0,0,0,,0,0,-8.578916
2023-03-01 05:00:00,0,0,0,0,,0,0,-8.476833
2023-03-01 06:00:00,1.520519,0,0,0,,0,0,-8.471121
2023-03-01 07:00:00,63.62391,43.87686,46.0516,48.2957,,49.05343,47.77272,280.7561
2023-03-01 08:00:00,219.0842,182.7832,181.0488,175.4321,,194.3727,190.8759,1145.958
2023-03-01 09:00:00,476.3665,411.5539,429.4313,466.2162,,469.3871,451.8997,2650.375
2023-03-01 10:00:00,577.4139,511.9403,515.2626,525.7993,,555.6951,517.2773,3226.771
2023-03-01 11:00:00,527.4155,467.4855,505.9428,538.9485,,512.0844,518.1411,3069.755
2023-03-01 12:00:00,385.4066,323.5968,329.2908,352.6017,,362.3444,347.4015,2061.917
2023-03-01 13:00:00,765.5282,619.4189,588.9082,582.1747,,669.9633,617.4869,3654.883
2023-03-01 14:00:00,541.232,473.0347,482.375,495.1072,,522.3781,504.0081,3011.523
2023-03-01 15:00:00,255.8111,223.1287,227.5158,239.525,,249.2511,240.8421,1427.167
2023-03-01 16:00:00,279.1137,242.6203,251.6145,258.2761,,276.1823,270.1133,1602.599
2023-03-01 17:00:00,49.8408,41.35458,43.0089,47.1955,,45.70444,44.25484,264.7603
2023-03-01 18:00:00,0,0,0,0,,0.07794292,0,-8.435516
2023-03-01 19:00:00,0,0,0,0,,0,0,-8.559825
2023-03-01 20:00:00,0,0,0,0,,0,0,-8.585189
2023-03-01 21:00:00,0,0,0,0,,0,0,-8.556042
2023-03-01 22:00:00,0,0,0,0,,0,0,-8.557505
2023-03-01 23:00:00,0,0,0,0,,0,0,-8.612517
2023-03-02 00:00:00,0,0,0,0,,0,0,-8.573222
2023-03-02 01:00:00,0,0,0,0,,0,0,-8.591166
2023-03-02 02:00:00,0.03195141,0,0,0,,0,0,-8.588186
2023-03-02 03:00:00,0,0,0,0,,0,0,-8.605268
2023-03-02 04:00:00,0,0,0,0,,0,0,-8.473018
2023-03-02 05:00:00,0,0,0,0,,0,0,-8.522664
2023-03-02 06:00:00,0.02628208,0,0,0,,0,0,-8.477827
2023-03-02 07:00:00,7.105522,0,0,3.167524,,4.048375,0,3.593193
2023-03-02 08:00:00,57.26253,45.59422,47.59995,51.25704,,53.36119,49.60395,298.4671
2023-03-02 09:00:00,449.3175,401.3815,388.533,396.4763,,409.3486,385.1465,2516.519
2023-03-02 10:00:00,213.4924,181.0417,185.004,189.5512,,197.6461,190.8073,1155.804
2023-03-02 11:00:00,300.5667,256.2939,264.9371,271.1538,,285.8611,276.2483,1656.322
2023-03-02 12:00:00,335.7363,278.2432,297.9331,309.9759,,322.1714,310.5931,1862.603
2023-03-02 13:00:00,210.4647,205.5146,193.0791,194.7672,,211.1539,203.3148,1206.784
2023-03-02 14:00:00,113.72,102.749,105.9771,107.1327,,113.7425,110.0111,657.752
2023-03-02 15:00:00,75.85391,68.32304,71.17018,74.11062,,76.52032,73.96483,440.2769
2023-03-02 16:00:00,41.51095,39.00777,40.62242,41.79422,,43.78376,42.29377,248.1721
2023-03-02 17:00:00,8.151951,6.824491,7.395369,7.468802,,8.221545,7.964711,38.60807
2023-03-02 18:00:00,0,0,0,0,,0,0,-8.495675
2023-03-02 19:00:00,0,0,0,0,,0,0,-8.5265
2023-03-02 20:00:00,0,0,0,0,,0,0,-8.569527
2023-03-02 21:00:00,0,0,0,0,,0,0,-8.6131
2023-03-02 22:00:00,0,0,0,0,,0,0,-8.628313
2023-03-02 23:00:00,0,0,0,0,,0,0,-8.643591
2023-03-03 00:00:00,0,0,0,0,,0,0,-8.540225
2023-03-03 01:00:00,0,0,0,0,,0,0,-8.528667
2023-03-03 02:00:00,0,0,0,0,,0,0,-8.576395
2023-03-03 03:00:00,0,0,0,0,,0,0,-8.598907
2023-03-03 04:00:00,0,0,0,0,,0,0,-8.559828
2023-03-03 05:00:00,0,0,0,0,,0,0,-8.483236
2023-03-03 06:00:00,0.4204584,0,0,0,,0,0,-8.503761
2023-03-03 07:00:00,20.36488,8.157258,8.594117,9.31591,,15.02927,8.972057,51.72939
2023-03-03 08:00:00,56.51672,46.8876,46.62105,49.29045,,51.85283,50.01271,290.6941
2023-03-03 09:00:00,54.00986,44.11272,48.22713,48.69569,,52.21672,50.76216,295.4221
2023-03-03 10:00:00,73.22653,60.24624,66.26863,69.17329,,71.40017,69.57848,408.5355
2023-03-03 11:00:00,79.39191,65.58292,72.26768,76.2294,,78.02589,75.6903,445.4005
2023-03-03 12:00:00,111.7605,88.58698,101.4444,106.0815,,109.6703,105.6145,624.5165
2023-03-03 13:00:00,85.4643,72.50578,77.67708,78.50038,,85.7788,81.84885,482.3879
2023-03-03 14:00:00,259.5984,205.0715,230.8863,236.3582,,243.4232,238.029,1418.54
2023-03-03 15:00:00,180.4743,142.6961,152.0275,156.9863,,167.2544,161.0504,951.2177
2023-03-03 16:00:00,219.0883,171.8473,190.3506,194.9395,,201.7515,198.4366,1181.737
2023-03-03 17:00:00,83.9412,58.48744,65.25819,68.16931,,72.33831,72.21577,405.8012
2023-03-03 18:00:00,0.09749926,0,0,0,,0.1336821,0,-8.329679
2023-03-03 19:00:00,0,0,0,0,,0,0,-8.487115
2023-03-03 20:00:00,0,0,0,0,,0,0,-8.439579
2023-03-03 21:00:00,0,0,0,0,,0,0,-8.406503
2023-03-03 22:00:00,0,0,0,0,,0,0,-8.460749
2023-03-03 23:00:00,0.03279388,0,0,0,,0,0,-8.528792
2023-03-04 00:00:00,0.1405269,0,0,0,,0,0,-8.601912
2023-03-04 01:00:00,0,0,0,0,,0,0,-8.645309
2023-03-04 02:00:00,0,0,0,0,,0,0,-8.561773
2023-03-04 03:00:00,0,0,0,0,,0,0,-8.599808
2023-03-04 04:00:00,0,0,0,0,,0,0,-8.623991
2023-03-04 05:00:00,0,0,0,0,,0,0,-8.599968
2023-03-04 06:00:00,3.08954,0,0,0.0193647,,0,0,-8.57359
2023-03-04 07:00:00,184.4863,117.1313,137.2461,136.0657,,147.3745,140.7014,833.9932
2023-03-04 08:00:00,447.9373,405.7596,431.8714,424.1725,,457.3157,436.403,2629.956
2023-03-04 09:00:00,686.5185,655.8424,674.1238,670.1136,,716.5068,687.6804,4127.31
2023-03-04 10:00:00,876.7022,814.7094,822.7203,824.6296,,832.6129,828.6832,4952.766
2023-03-04 11:00:00,987.3887,832.9187,832.889,832.9366,,833.0347,832.9611,4996.095
2023-03-04 12:00:00,1013.82,832.9233,832.91,832.8481,,832.8152,832.9923,4994.822
2023-03-04 13:00:00,962.7654,829.3609,832.9141,832.9041,,833.0131,832.9482,4990.498
2023-03-04 14:00:00,833.8641,759.8497,793.4129,809.9097,,824.3555,817.3178,4820.49
2023-03-04 15:00:00,636.7852,589.1178,616.356,645.8299,,670.7324,656.1248,3846.748
2023-03-04 16:00:00,388.3989,347.63,366.6259,395.2405,,406.8589,401.7156,2325.902
2023-03-04 17:00:00,121.7805,88.1418,93.71078,113.1106,,110.8178,114.8387,602.4017
2023-03-04 18:00:00,0.2305783,0.4454108,0.6693095,0.8458775,,0.8315049,0.6376255,-4.082614
2023-03-04 19:00:00,0,0,0,0,,0,0,-8.490929
2023-03-04 20:00:00,0,0,0,0,,0,0,-8.537142
2023-03-04 21:00:00,0,0,0,0,,0,0,-8.54622
2023-03-04 22:00:00,0,0,0,0,,0,0,-8.566023
2023-03-04 23:00:00,0,0,0,0,,0,0,-8.611211
2023-03-05 00:00:00,0,0,0,0,,0,0,-8.636715
2023-03-05 01:00:00,0,0,0,0,,0,0,-8.638505
2023-03-05 02:00:00,0,0,0,0,,0,0,-8.609403
2023-03-05 03:00:00,0,0,0,0,,0,0,-8.55449
2023-03-05 04:00:00,0,0,0,0,,0,0,-8.491199
2023-03-05 05:00:00,0,0,0,0,,0,0,-8.471044
2023-03-05 06:00:00,3.866074,0,0,0,,0,0,-8.45653
2023-03-05 07:00:00,185.1413,135.4809,155.17,156.5542,,165.1984,158.8301,945.1547
2023-03-05 08:00:00,441.951,414.4862,445.5812,438.9188,,469.1674,449.8804,2719.472
2023-03-05 09:00:00,673.3406,648.2955,664.5811,666.8399,,704.3133,678.4653,4081.838
2023-03-05 10:00:00,852.038,792.6329,807.8654,812.54,,828.8686,818.222,4889.406
2023-03-05 11:00:00,967.845,832.8997,832.9005,832.949,,832.9281,833.0154,4998.818
2023-03-05 12:00:00,999.3412,833.0533,832.9384,833.0031,,832.8984,832.9231,4996.902
2023-03-05 13:00:00,946.5613,829.935,832.9407,832.9461,,832.8914,832.9651,4992.494
2023-03-05 14:00:00,817.8174,744.2344,771.7629,796.0496,,813.1119,803.3832,4734.282
2023-03-05 15:00:00,624.2747,574.798,597.4888,627.3889,,649.892,637.1351,3736.551
2023-03-05 16:00:00,377.9883,338.0973,356.6688,384.4764,,396.4735,391.1586,2264.767
2023-03-05 17:00:00,112.8398,70.9279,76.71539,80.17946,,90.7161,93.30431,430.6569
2023-03-05 18:00:00,0,0.5685992,0.824804,1.080446,,1.00947,0.7117248,-3.396274
2023-03-05 19:00:00,0,0,0,0,,0,0,-8.599833
2023-03-05 20:00:00,0,0,0,0,,0,0,-8.565971
2023-03-05 21:00:00,0,0,0,0,,0,0,-8.615134
2023-03-05 22:00:00,0,0,0,0,,0,0,-8.640218
2023-03-05 23:00:00,0,0,0,0,,0,0,-8.546102
2023-03-06 00:00:00,0,0,0,0,,0,0,-8.536516
2023-03-06 01:00:00,0,0,0,0,,0,0,-8.530573
2023-03-06 02:00:00,0,0,0,0,,0,0,-8.514565
2023-03-06 03:00:00,0,0,0,0,,0,0,-8.477669
2023-03-06 04:00:00,0,0,0,0,,0,0,-8.535249
2023-03-06 05:00:00,0,0,0,0,,0,0,-8.431073
2023-03-06 06:00:00,5.361737,0,0,0,,0,0,-7.967294
2023-03-06 07:00:00,199.5036,131.7165,153.4904,159.8949,,162.2519,155.4209,935.4499
2023-03-06 08:00:00,428.5616,407.9305,432.9538,425.4938,,452.0148,430.2362,2639.705
2023-03-06 09:00:00,666.7718,634.5115,650.7514,655.2972,,692.0944,666.4323,4004.451
2023-03-06 10:00:00,848.0112,784.1904,803.6755,808.1813,,826.2155,815.2836,4862.385
2023-03-06 11:00:00,945.0877,829.7113,832.887,833.0995,,832.9678,832.9769,4995.226
2023-03-06 12:00:00,970.2789,832.9542,833.0292,832.8124,,832.9304,832.9037,4996.382
2023-03-06 13:00:00,916.1683,816.796,826.8853,832.3234,,832.7582,831.2476,4963.564
2023-03-06 14:00:00,776.9393,703.9295,729.6863,757.3154,,779.4941,765.9446,4511.014
2023-03-06 15:00:00,504.2339,471.3502,469.224,482.7699,,521.4768,509.7709,2957.986
2023-03-06 16:00:00,243.4043,212.8747,222.8116,241.9402,,248.2222,242.2057,1414.233
2023-03-06 17:00:00,63.1072,52.14098,53.85289,59.18116,,60.85732,60.51068,341.6339
2023-03-06 18:00:00,0.1731384,0.7604697,0.8354533,1.214033,,1.014198,1.007397,-2.862349
2023-03-06 19:00:00,0,0,0,0,,0,0,-8.683442
2023-03-06 20:00:00,0,0,0,0,,0,0,-8.726962
2023-03-06 21:00:00,0,0,0,0,,0,0,-8.69649
2023-03-06 22:00:00,0,0,0,0,,0,0,-8.693775
2023-03-06 23:00:00,0,0,0,0,,0,0,-8.682117
2023-03-07 00:00:00,0,0,0,0,,0,0,-8.716001
2023-03-07 01:00:00,0,0,0,0,,0,0,-8.594789
2023-03-07 02:00:00,0,0,0,0,,0,0,-8.579768
2023-03-07 03:00:00,0,0,0,0,,0,0,-8.578953
2023-03-07 04:00:00,0,0,0,0,,0,0,-8.552882
2023-03-07 05:00:00,0,0,0,0,,0,0,-8.57198
2023-03-07 06:00:00,5.109727,0,0,0,,0,0,-8.548112
2023-03-07 07:00:00,160.2142,113.8374,125.8234,126.4052,,134.4718,128.6669,767.939
2023-03-07 08:00:00,410.8593,367.4081,386.937,383.0418,,409.4777,391.7356,2368.587
2023-03-07 09:00:00,655.0816,612.0563,626.1276,631.749,,667.2749,641.871,3855.917
2023-03-07 10:00:00,843.2335,778.4948,793.0538,800.5961,,820.7711,807.5911,4817.96
2023-03-07 11:00:00,952.5413,809.0496,806.9136,815.6069,,810.249,800.2701,4831.401
2023-03-07 12:00:00,989.1293,815.7849,808.7173,715.399,,814.8462,806.1356,4850.456
2023-03-07 13:00:00,960.4526,814.225,816.4847,832.9046,,832.9505,832.7996,4953.329
2023-03-07 14:00:00,834.1806,754.9251,778.9288,801.5895,,820.0886,808.7269,4769.216
2023-03-07 15:00:00,639.2168,579.3782,602.1631,632.4199,,654.5402,642.2551,3763.003
2023-03-07 16:00:00,392.1007,340.8279,359.5615,388.0197,,399.2373,394.3701,2284.257
2023-03-07 17:00:00,127.5648,89.8088,96.99384,108.0978,,113.7243,116.7423,618.8683
2023-03-07 18:00:00,0.536052,0.4796107,0.5260463,1.231889,,0.9415928,1.107048,-3.163665
2023-03-07 19:00:00,0,0,0,0,,0,0,-8.535072
2023-03-07 20:00:00,0,0,0,0,,0,0,-8.583025
2023-03-07 21:00:00,0,0,0,0,,0,0,-8.566842
2023-03-07 22:00:00,0,0,0,0,,0,0,-8.628547
2023-03-07 23:00:00,0,0,0,0,,0,0,-8.669823
2023-03-08 00:00:00,0,0,0,0,,0,0,-8.597838
2023-03-08 01:00:00,0,0,0,0,,0,0,-8.578195
2023-03-08 02:00:00,0,0,0,0,,0,0,-8.537631
2023-03-08 03:00:00,0,0,0,0,,0,0,-8.498776
2023-03-08 04:00:00,0,0,0,0,,0,0,-8.522364
2023-03-08 05:00:00,0,0,0,0,,0,0,-8.488067
2023-03-08 06:00:00,8.431155,0,0,0.7345337,,0,0,-8.584869
2023-03-08 07:00:00,212.8358,146.6442,166.4656,172.6368,,179.1489,172.6842,1023.006
2023-03-08 08:00:00,475.627,448.7277,468.1216,463.8617,,496.3087,475.0515,2866.665
2023-03-08 09:00:00,711.7239,722.4966,708.2468,714.4388,,753.5948,728.0641,4365.701
2023-03-08 10:00:00,893.4583,830.8626,830.9142,832.4417,,832.9182,832.9279,4991.898
2023-03-08 11:00:00,998.3833,832.9513,832.9374,832.9872,,832.9185,832.9079,4998.253
2023-03-08 12:00:00,1016.799,833.0699,832.9664,832.9169,,832.9614,832.9103,4998.245
2023-03-08 13:00:00,903.1827,809.9328,822.9082,824.0015,,829.694,826.9658,4953.269
2023-03-08 14:00:00,776.5406,692.478,709.2335,771.9796,,761.2493,744.0495,4416.576
2023-03-08 15:00:00,614.6811,589.2192,605.406,626.7971,,654.572,642.2025,3776.226
2023-03-08 16:00:00,329.0635,296.3241,311.6366,341.1521,,335.273,330.1817,1972.937
2023-03-08 17:00:00,95.31335,72.29442,76.05804,83.82668,,80.54927,79.99867,487.4727
2023-03-08 18:00:00,0.05792031,0.4598647,0.608997,0.5334295,,0.7092562,0.7077355,-4.664323
2023-03-08 19:00:00,0,0,0,0,,0,0,-8.587667
2023-03-08 20:00:00,0,0,0,0,,0,0,-8.642755
2023-03-08 21:00:00,0,0,0,0,,0,0,-8.632354
2023-03-08 22:00:00,0,0,0,0,,0,0,-8.654367
2023-03-08 23:00:00,0,0,0,0,,0,0,-8.641857
2023-03-09 00:00:00,0,0,0,0,,0,0,-8.599295
2023-03-09 01:00:00,0,0,0,0,,0,0,-8.553205
2023-03-09 02:00:00,0,0,0,0,,0,0,-8.570606
2023-03-09 03:00:00,0,0,0,0,,0,0,-8.54634
2023-03-09 04:00:00,0,0,0,0,,0,0,-8.509632
2023-03-09 05:00:00,0,0,0,0,,0,0,-8.610899
2023-03-09 06:00:00,9.561641,5.66538,0.2139365,0.2744358,,0.1421334,0.1700214,-6.783418
2023-03-09 07:00:00,210.2458,158.9076,178.8852,178.9482,,189.8047,183.2229,1096.372
2023-03-09 08:00:00,467.5277,440.3611,463.4019,458.2173,,487.9625,468.4776,2833.454
2023-03-09 09:00:00,694.0793,660.0624,667.0929,682.8202,,730.0109,702.212,4141.313
2023-03-09 10:00:00,883.1456,815.9841,822.661,814.7918,,832.0266,827.1366,4961.758
2023-03-09 11:00:00,951.3182,817.4271,823.304,833.438,,831.7531,830.5871,4954.346
2023-03-09 12:00:00,929.3171,799.512,807.3656,812.0071,,817.4506,813.5062,4863.377
2023-03-09 13:00:00,955.685,831.7496,832.9321,832.7368,,832.8676,832.844,4994.239
2023-03-09 14:00:00,809.3398,729.8593,759.5939,785.3293,,800.2312,784.9636,4660.312
2023-03-09 15:00:00,557.3512,511.71,534.9922,555.4963,,574.0992,564.2675,3335.46
2023-03-09 16:00:00,289.7772,255.6474,263.8513,286.3037,,293.3346,287.9463,1673.122
2023-03-09 17:00:00,67.39651,55.05027,58.56584,64.4277,,66.35841,66.05362,369.4265
2023-03-09 18:00:00,0.2055055,0.733585,0.8166202,0.8287125,,0.8955505,0.9013823,-3.048263
2023-03-09 19:00:00,0,0,0,0,,0,0,-8.545973
2023-03-09 20:00:00,0,0,0,0,,0,0,-8.53632
2023-03-09 21:00:00,0,0,0,0,,0,0,-8.521688
2023-03-09 22:00:00,0,0,0,0,,0,0,-8.584566
2023-03-09 23:00:00,0,0,0,0,,0,0,-8.664819
2023-03-10 00:00:00,0,0,0,0,,0,0,-8.667012
2023-03-10 01:00:00,0,0,0,0,,0,0,-8.673442
2023-03-10 02:00:00,0,0,0,0,,0,0,-8.635831
2023-03-10 03:00:00,0,0,0,0,,0,0,-8.626854
2023-03-10 04:00:00,0,0,0,0,,0,0,-8.578327
2023-03-10 05:00:00,0,0,0,0,,0,0,-8.512614
2023-03-10 06:00:00,2.044647,0,0,0,,0,0,-8.498843
2023-03-10 07:00:00,26.56784,16.09241,16.72222,18.53291,,17.91519,17.25527,97.75311
2023-03-10 08:00:00,49.45979,46.87413,48.16084,51.12063,,52.04936,50.27829,296.6441
2023-03-10 09:00:00,61.624,59.65466,62.05681,62.99301,,66.51118,64.43993,383.2122
2023-03-10 10:00:00,116.3035,107.8747,110.8392,115.3262,,119.7169,115.8965,692.5547
2023-03-10 11:00:00,86.00829,81.64409,84.23619,85.81346,,90.85682,88.1662,524.9077
2023-03-10 12:00:00,140.3002,129.0947,133.7448,135.2642,,143.3703,139.1739,833.3566
2023-03-10 13:00:00,124.4883,113.0974,117.6508,118.9831,,126.9063,123.2141,735.805
2023-03-10 14:00:00,97.36305,89.11353,92.29918,94.15366,,99.73637,96.88004,576.0558
2023-03-10 15:00:00,50.62738,46.60916,48.53467,49.6838,,52.63884,50.66123,299.2458
2023-03-10 16:00:00,46.52971,40.20914,41.8352,42.68583,,45.80809,44.39492,258.7663
2023-03-10 17:00:00,20.46449,15.39154,16.18946,17.4953,,18.26493,17.66081,97.78916
2023-03-10 18:00:00,0.0801162,0,0,0,,0,0,-8.543768
2023-03-10 19:00:00,0,0,0,0,,0,0,-8.597065
2023-03-10 20:00:00,0,0,0,0,,0,0,-8.608782
2023-03-10 21:00:00,0,0,0,0,,0,0,-8.682744
2023-03-10 22:00:00,0,0,0,0,,0,0,-8.570376
2023-03-10 23:00:00,0,0,0,0,,0,0,-8.597201
2023-03-11 00:00:00,0,0,0,0,,0,0,-8.555584
2023-03-11 01:00:00,0,0,0,0,,0,0,-8.534694
2023-03-11 02:00:00,0,0,0,0,,0,0,-8.521955
2023-03-11 03:00:00,0,0,0,0,,0,0,-8.6122
2023-03-11 04:00:00,0,0,0,0,,0,0,-8.565133
2023-03-11 05:00:00,0,0,0,0,,0,0,-8.503481
2023-03-11 06:00:00,12.47729,0.1404389,0.1295518,0.347339,,0.1882353,0.2065201,-7.563108
2023-03-11 07:00:00,164.8392,117.4487,125.2447,129.6407,,142.0629,140.073,781.5861
2023-03-11 08:00:00,266.7437,234.9278,241.8783,239.9765,,258.9785,249.048,1507.099
2023-03-11 09:00:00,711.7682,685.8149,715.5242,696.1842,,747.7983,722.2881,4358.181
2023-03-11 10:00:00,899.1668,827.9074,831.6614,832.3453,,833.053,832.8948,4994.028
2023-03-11 11:00:00,997.2891,820.1334,820.1466,768.0744,,828.4742,831.2431,4942.488
2023-03-11 12:00:00,970.9729,801.4253,802.2781,793.1506,,787.8345,787.6866,4811.284
2023-03-11 13:00:00,969.5916,832.4801,832.7783,832.8842,,832.7406,833.1965,4992.932
2023-03-11 14:00:00,847.0347,792.3962,809.0536,814.6114,,826.0363,824.449,4895.74
2023-03-11 15:00:00,653.6691,617.3463,641.2626,676.6522,,700.0776,686.5609,4014.188
2023-03-11 16:00:00,388.5886,362.1355,370.8226,403.92,,412.4565,408.2317,2357.211
2023-03-11 17:00:00,86.52865,57.96746,69.7371,84.74215,,83.1773,83.22649,447.607
2023-03-11 18:00:00,0.6591965,1.823359,1.04753,1.116339,,1.196362,1.166393,-1.613902
2023-03-11 19:00:00,0,0,0,0,,0,0,-8.621017
2023-03-11 20:00:00,0,0,0,0,,0,0,-8.544601
2023-03-11 21:00:00,0,0,0,0,,0,0,-8.528818
2023-03-11 22:00:00,0,0,0,0,,0,0,-8.560366
2023-03-11 23:00:00,0,0,0,0,,0,0,-8.558172
2023-03-12 00:00:00,0,0,0,0,,0,0,-8.535301
2023-03-12 01:00:00,0,0,0,0,,0,0,-8.483465
2023-03-12 03:00:00,0,0,0,0,,0,0,-8.526292
2023-03-12 04:00:00,0,0,0,0,,0,0,-8.633481
2023-03-12 05:00:00,0,0,0,0,,0,0,-8.603423
2023-03-12 06:00:00,0,0,0,0,,0,0,-8.562146
2023-03-12 07:00:00,3.622957,0,0,0,,0,0,-8.550351
2023-03-12 08:00:00,25.52256,17.83733,18.42397,23.66909,,25.07651,19.29495,119.0659
2023-03-12 09:00:00,37.7382,37.23962,38.52816,39.51156,,41.57898,40.28437,236.2092
2023-03-12 10:00:00,84.90884,86.34858,88.8097,89.49641,,96.43582,93.32748,555.6959
2023-03-12 11:00:00,147.84,141.8502,145.4336,150.103,,159.0085,153.5829,916.3736
2023-03-12 12:00:00,143.6355,138.8385,143.8105,150.0108,,156.3486,151.2439,902.5864
2023-03-12 13:00:00,94.11273,95.90379,96.63252,101.6124,,103.6773,100.2766,599.3689
2023-03-12 14:00:00,82.31738,80.29935,82.21494,84.7021,,89.80611,86.7879,516.2416
2023-03-12 15:00:00,67.01266,64.77769,66.09292,68.08241,,72.04086,69.21989,410.9226
2023-03-12 16:00:00,74.84708,68.72594,70.76014,76.83334,,78.38288,74.64897,442.461
2023-03-12 17:00:00,33.08201,29.76203,30.55273,31.77971,,33.633,32.25969,186.447
2023-03-12 18:00:00,7.438541,5.241852,4.88984,5.628828,,6.289656,5.914924,27.46081
2023-03-12 19:00:00,0.1230248,0,0,0,,0,0,-8.543844
2023-03-12 20:00:00,0,0,0,0,,0,0,-8.586423
2023-03-12 21:00:00,0,0,0,0,,0,0,-8.634566
2023-03-12 22:00:00,0,0,0,0,,0,0,-8.657037
2023-03-12 23:00:00,0,0,0,0,,0,0,-8.599051
2023-03-13 00:00:00,0,0,0,0,,0,0,-8.673024
2023-03-13 01:00:00,0,0,0,0,,0,0,-8.698906
2023-03-13 02:00:00,0,0,0,0,,0,0,-8.700122
2023-03-13 03:00:00,0,0,0,0,,0,0,-8.689744
2023-03-13 04:00:00,0,0,0,0,,0,0,-8.616649
2023-03-13 05:00:00,0,0,0,0,,0,0,-8.519699
2023-03-13 06:00:00,0,0,0,0,,0,0,-8.617921
2023-03-13 07:00:00,3.011462,0,0,0,,0,0,-8.613059
2023-03-13 08:00:00,52.62526,35.55846,36.39272,38.35235,,42.87746,40.83779,229.1721
2023-03-13 09:00:00,135.6289,114.794,116.9488,124.5577,,128.3403,123.2916,732.6561
2023-03-13 10:00:00,313.3675,271.0156,279.4247,318.6891,,298.5768,281.8177,1710.321
2023-03-13 11:00:00,515.61,432.0597,475.9635,503.71,,512.3845,510.9612,3006.958
2023-03-13 12:00:00,611.8693,470.3859,483.7786,556.8444,,589.5498,580.0686,3226.203
2023-03-13 13:00:00,697.4966,526.4809,524.3439,547.4462,,524.3158,551.9222,3210.616
2023-03-13 14:00:00,740.7071,515.9307,565.2134,577.9884,,602.6302,590.9889,3497.172
2023-03-13 15:00:00,658.6644,491.409,497.1739,538.7695,,565.0054,504.0137,3148.59
2023-03-13 16:00:00,295.255,283.7317,287.5931,317.2819,,301.019,307.7665,1797.375
2023-03-13 17:00:00,176.9837,200.0578,186.6945,191.8482,,193.0684,226.1252,1246.611
2023-03-13 18:00:00,56.11274,44.91389,47.56435,48.6432,,51.69912,50.2715,294.6026
2023-03-13 19:00:00,1.17677,0.771597,0.777302,0.862075,,1.174374,0.8208168,-2.738123
2023-03-13 20:00:00,0,0,0,0,,0,0,-8.498975
2023-03-13 21:00:00,0,0,0,0,,0,0,-8.521221
2023-03-13 22:00:00,0,0,0,0,,0,0,-8.542828
2023-03-13 23:00:00,0,0,0,0,,0,0,-8.594896
2023-03-14 00:00:00,0,0,0,0,,0,0,-8.652325
2023-03-14 01:00:00,0,0,0,0,,0,0,-8.609782
2023-03-14 02:00:00,0,0,0,0,,0,0,-8.539622
2023-03-14 03:00:00,0,0,0,0,,0,0,-8.543868
2023-03-14 04:00:00,0,0,0,0,,0,0,-8.64275
2023-03-14 05:00:00,0,0,0,0,,0,0,-8.582579
2023-03-14 06:00:00,0,0,0,0,,0,0,-8.579011
2023-03-14 07:00:00,18.39243,6.263028,4.448735,5.948432,,4.673547,5.84012,23.27099
2023-03-14 08:00:00,240.9541,180.5066,196.86,206.7496,,214.7002,204.6544,1217.87
2023-03-14 09:00:00,503.8802,480.6042,501.4602,494.6623,,532.0043,508.6889,3064.269
2023-03-14 10:00:00,741.3601,731.0613,747.5046,748.8822,,784.4427,762.8217,4561.568
2023-03-14 11:00:00,919.9368,832.8356,832.9346,832.9078,,832.9827,832.8845,5000.485
2023-03-14 12:00:00,942.0995,827.8037,825.3856,781.7979,,810.7901,833.0513,4983.949
2023-03-14 13:00:00,1006.42,773.2849,788.4514,688.6953,,802.6261,777.8043,4723.962
2023-03-14 14:00:00,1018.539,832.8217,833.0032,832.9512,,832.7763,832.9914,4996.205
2023-03-14 15:00:00,871.3519,810.2619,822.6403,830.4767,,832.8474,832.6279,4959.38
2023-03-14 16:00:00,669.5444,635.7236,661.0745,692.4047,,722.4854,707.452,4132.057
2023-03-14 17:00:00,415.7413,378.894,398.7231,430.4406,,444.9297,437.938,2535.092
2023-03-14 18:00:00,150.022,109.801,118.2578,138.5076,,138.0257,140.0704,754.1104
2023-03-14 19:00:00,2.611974,1.719072,1.93787,2.349174,,2.165916,2.938625,5.07327
2023-03-14 20:00:00,0,0,0,0,,0,0,-8.552619
2023-03-14 21:00:00,0,0,0,0,,0,0,-8.521911
2023-03-14 22:00:00,0,0,0,0,,0,0,-8.614962
2023-03-14 23:00:00,0,0,0,0,,0,0,-8.616978
2023-03-15 00:00:00,0,0,0,0,,0,0,-8.55165
2023-03-15 01:00:00,0,0,0,0,,0,0,-8.524094
2023-03-15 02:00:00,0,0,0,0,,0,0,-8.559685
2023-03-15 03:00:00,0,0,0,0,,0,0,-8.573019
2023-03-15 04:00:00,0,0,0,0,,0,0,-8.547496
2023-03-15 05:00:00,0,0,0,0,,0,0,-8.638315
2023-03-15 06:00:00,0,0,0,0,,0,0,-8.623676
2023-03-15 07:00:00,20.86041,5.06572,4.699607,4.163238,,4.95207,6.057952,24.65064
2023-03-15 08:00:00,243.1775,184.111,201.9974,206.517,,220.4696,209.4847,1248.489
2023-03-15 09:00:00,509.6335,489.9704,510.2129,502.5269,,541.623,517.6177,3122.804
2023-03-15 10:00:00,745.7598,735.0135,753.0477,753.2156,,787.4424,766.3006,4588.423
2023-03-15 11:00:00,929.7678,832.5637,832.8662,832.9254,,832.986,465.9981,4635.945
2023-03-15 12:00:00,1040.788,832.8851,832.9171,832.8757,,832.8317,795.8925,4962.584
2023-03-15 13:00:00,1067.886,832.8336,832.9792,833.0549,,832.977,832.857,4996.873
2023-03-15 14:00:00,1014.277,832.9276,833.0461,832.9637,,832.8876,832.9119,4995.827
2023-03-15 15:00:00,881.0505,807.5632,820.741,829.3955,,832.7905,831.5521,4951.95
2023-03-15 16:00:00,675.2112,628.5548,656.023,692.0972,,717.0986,701.9162,4105.117
2023-03-15 17:00:00,421.4656,379.4078,397.7236,428.5076,,444.1877,438.2815,2529.798
2023-03-15 18:00:00,152.7618,111.0892,120.3167,139.0686,,140.4584,142.3677,767.1054
2023-03-15 19:00:00,2.178927,1.853179,2.228612,2.974577,,2.746288,3.395175,7.601203
2023-03-15 20:00:00,0,0,0,0,,0,0,-8.502295
2023-03-15 21:00:00,0,0,0,0,,0,0,-8.574984
2023-03-15 22:00:00,0,0,0,0,,0,0,-8.567609
2023-03-15 23:00:00,0,0,0,0,,0,0,-8.644928
2023-03-16 00:00:00,0,0,0,0,,0,0,-8.514422
2023-03-16 01:00:00,0,0,0,0,,0,0,-8.536601
2023-03-16 02:00:00,0,0,0,0,,0,0,-8.589003
2023-03-16 03:00:00,0,0,0,0,,0,0,-8.61758
2023-03-16 04:00:00,0,0,0,0,,0,0,-8.545611
2023-03-16 05:00:00,0,0,0,0,,0,0,-8.594151
2023-03-16 06:00:00,0,0,0,0,,0,0,-8.628294
2023-03-16 07:00:00,17.23966,6.68526,5.654508,5.099537,,6.60835,8.185263,31.85887
2023-03-16 08:00:00,241.3362,202.3257,218.4392,221.4997,,241.5736,230.2974,1366.337
2023-03-16 09:00:00,500.5213,483.2067,503.5547,499.339,,533.9785,511.3204,3086.829
2023-03-16 10:00:00,736.0021,700.6219,718.9406,721.261,,762.0198,734.1544,4402.933
2023-03-16 11:00:00,912.6503,824.6535,830.3554,831.3771,,832.9939,832.5291,4989.385
2023-03-16 12:00:00,1007.066,832.3131,832.7905,832.9099,,833.0045,832.8558,4997.251
2023-03-16 13:00:00,1035.74,832.8964,832.9089,832.8329,,832.8669,832.9758,4996.459
2023-03-16 14:00:00,977.2203,832.9774,832.8771,832.934,,832.8898,832.9435,4995.481
2023-03-16 15:00:00,792.1793,736.4806,734.4939,761.7707,,772.4183,766.1644,4492.599
2023-03-16 16:00:00,507.6609,450.505,485.1955,503.9646,,525.3655,515.8561,3047.936
2023-03-16 17:00:00,290.4886,253.5058,265.9271,285.8909,,295.1993,288.5687,1688.565
2023-03-16 18:00:00,125.8266,98.27096,107.7912,120.3378,,121.8442,119.9274,682.2488
2023-03-16 19:00:00,1.414916,1.857166,1.935878,2.072669,,2.247958,2.223995,4.460561
2023-03-16 20:00:00,0,0,0,0,,0,0,-8.465046
2023-03-16 21:00:00,0,0,0,0,,0,0,-8.504868
2023-03-16 22:00:00,0,0,0,0,,0,0,-8.605953
2023-03-16 23:00:00,0,0,0,0,,0,0,-8.627166
2023-03-17 00:00:00,0,0,0,0,,0,0,-8.605851
2023-03-17 01:00:00,0,0,0,0,,0,0,-8.593749
2023-03-17 02:00:00,0,0,0,0,,0,0,-8.590586
2023-03-17 03:00:00,0,0,0,0,,0,0,-8.560906
2023-03-17 04:00:00,0,0,0,0,,0,0,-8.476725
2023-03-17 05:00:00,0,0,0,0,,0,0,-8.483356
2023-03-17 06:00:00,0,0,0,0,,0,0,-8.462179
2023-03-17 07:00:00,25.80117,9.28482,8.826455,6.63925,,9.558975,10.14172,51.1205
2023-03-17 08:00:00,205.4488,162.5704,175.9441,178.8673,,189.8351,182.8474,1095.056
2023-03-17 09:00:00,143.0988,130.0764,134.1774,136.367,,145.4273,140.3231,838.4146
2023-03-17 10:00:00,296.536,270.4167,276.9796,287.075,,293.5037,283.9894,1706.152
2023-03-17 11:00:00,503.8066,474.0325,460.386,503.0963,,488.4417,481.5639,2855.164
2023-03-17 12:00:00,690.5717,610.3121,631.5125,639.0062,,675.8682,654.0791,3865.521
2023-03-17 13:00:00,569.0715,520.4825,524.0247,515.4039,,524.2151,521.4781,3159.795
2023-03-17 14:00:00,327.1884,280.8522,285.0655,321.3971,,338.4221,319.3742,1786.189
2023-03-17 15:00:00,187.7925,160.9035,168.9069,174.8197,,205.3109,192.3669,1055.359
2023-03-17 16:00:00,83.15885,74.80378,77.68211,78.20855,,83.806,80.71975,480.9666
2023-03-17 17:00:00,80.2239,70.3112,71.67844,74.02502,,77.81753,75.28652,443.7891
2023-03-17 18:00:00,32.05122,27.17445,27.79381,28.16517,,29.32381,28.44518,168.0911
2023-03-17 19:00:00,0.8172718,0.4594275,0.5037262,0.5123402,,0.5542272,0.535965,-5.285915
2023-03-17 20:00:00,0,0,0,0,,0,0,-8.476933
2023-03-17 21:00:00,0,0,0,0,,0,0,-8.54506
2023-03-17 22:00:00,0,0,0,0,,0,0,-8.612205
2023-03-17 23:00:00,0,0,0,0,,0,0,-8.669656
2023-03-18 00:00:00,0,0,0,0,,0,0,-8.628628
2023-03-18 01:00:00,0,0,0,0,,0,0,-8.694349
2023-03-18 02:00:00,0,0,0,0,,0,0,-8.650321
2023-03-18 03:00:00,0,0,0,0,,0,0,-8.584293
2023-03-18 04:00:00,0,0,0,0,,0,0,-8.573867
2023-03-18 05:00:00,0,0,0,0,,0,0,-8.530499
2023-03-18 06:00:00,0,0,0,0,,0,0,-8.487247
2023-03-18 07:00:00,4.508359,2.219785,0.00792573,0.0689269,,0.02730125,0.02259786,-8.428698
2023-03-18 08:00:00,45.51805,37.37912,39.17441,40.25027,,42.7618,41.29773,241.0359
2023-03-18 09:00:00,99.16261,87.03671,90.33313,92.9355,,96.66123,93.86813,561.6776
2023-03-18 10:00:00,190.2112,169.0915,174.7075,180.0291,,189.115,183.4226,1097.161
2023-03-18 11:00:00,417.8655,379.3266,382.1955,380.0896,,412.6357,402.1703,2409.708
2023-03-18 12:00:00,833.0318,699.9912,695.7657,654.16,,735.3524,716.157,4344.161
2023-03-18 13:00:00,1009.969,805.8251,810.5017,777.6696,,831.4014,825.5798,4839.03
2023-03-18 14:00:00,954.0897,788.4794,791.4604,769.9772,,796.5533,798.6147,4754.928
2023-03-18 15:00:00,780.0345,684.8845,698.9995,730.5461,,732.1304,707.8198,4265.629
2023-03-18 16:00:00,604.6838,553.9838,567.6061,639.5411,,637.9105,619.1859,3599.327
2023-03-18 17:00:00,363.7979,332.943,346.3224,365.9072,,377.5048,373.7127,2198.238
2023-03-18 18:00:00,145.3672,107.1479,117.0554,132.207,,131.8446,132.8906,746.1068
2023-03-18 19:00:00,3.241858,3.187259,3.129997,3.600252,,3.829663,4.01595,12.72192
2023-03-18 20:00:00,0,0,0,0,,0,0,-8.480577
2023-03-18 21:00:00,0,0,0,0,,0,0,-8.516252
2023-03-18 22:00:00,0,0,0,0,,0,0,-8.627595
2023-03-18 23:00:00,0,0,0,0,,0,0,-8.656805
2023-03-19 00:00:00,0,0,0,0,,0,0,-8.579222
2023-03-19 01:00:00,0,0,0,0,,0,0,-8.582973
2023-03-19 02:00:00,0,0,0,0,,0,0,-8.559756
2023-03-19 03:00:00,0,0,0,0,,0,0,-8.544877
2023-03-19 04:00:00,0,0,0,0,,0,0,-8.496735
2023-03-19 05:00:00,0,0,0,0,,0,0,-8.507561
2023-03-19 06:00:00,0,0,0,0,,0,0,-8.462755
2023-03-19 07:00:00,23.17235,8.47,7.652348,7.648448,,8.650482,9.284842,45.08672
2023-03-19 08:00:00,243.047,198.2834,207.195,205.76,,219.8193,207.3008,1268.949
2023-03-19 09:00:00,513.1777,491.7756,509.2126,504.7152,,543.0411,519.1182,3128.305
2023-03-19 10:00:00,747.6368,730.0624,745.3846,741.3163,,785.1799,763.3099,4563.537
2023-03-19 11:00:00,933.0111,832.1832,833.0016,832.7812,,833.0359,832.9052,4995.172
2023-03-19 12:00:00,1039.419,832.8101,832.9718,832.8839,,832.9238,833.0001,4990.385
2023-03-19 13:00:00,1063.293,833.0237,833.0099,832.8288,,832.9393,832.9533,4992.787
2023-03-19 14:00:00,1008.063,832.9482,832.9413,833.0693,,832.8943,832.9362,4992.847
2023-03-19 15:00:00,877.3068,806.5519,818.8656,828.8608,,832.6884,831.4203,4947.158
2023-03-19 16:00:00,676.1896,633.9031,658.3511,688.3203,,718.3011,702.8741,4111.35
2023-03-19 17:00:00,421.9558,380.9339,401.9998,435.2672,,447.4351,441.2318,2556.236
2023-03-19 18:00:00,156.9763,114.0866,124.4146,142.2784,,145.3062,146.7301,796.5557
2023-03-19 19:00:00,3.130676,3.208588,3.354644,3.988942,,4.212149,4.743523,15.08761
2023-03-19 20:00:00,0,0,0,0,,0,0,-8.505894
2023-03-19 21:00:00,0,0,0,0,,0,0,-8.448228
2023-03-19 22:00:00,0,0,0,0,,0,0,-8.525987
2023-03-19 23:00:00,0,0,0,0,,0,0,-8.60292
2023-03-20 00:00:00,0,0,0,0,,0,0,-8.657393
2023-03-20 01:00:00,0,0,0,0,,0,0,-8.578406
2023-03-20 02:00:00,0,0,0,0,,0,0,-8.53975
2023-03-20 03:00:00,0,0,0,0,,0,0,-8.534842
2023-03-20 04:00:00,0,0,0,0,,0,0,-8.517658
2023-03-20 05:00:00,0,0,0,0,,0,0,-8.647121
2023-03-20 06:00:00,0,0,0,0,,0,0,-8.622163
2023-03-20 07:00:00,29.54929,12.15228,11.38808,15.01908,,13.67797,15.06109,74.96081
2023-03-20 08:00:00,261.597,213.4528,229.5085,231.897,,253.0114,238.7408,1428.433
2023-03-20 09:00:00,526.8393,505.5693,519.4668,517.1441,,555.4878,530.6327,3201.168
2023-03-20 10:00:00,758.3381,738.1349,749.5768,758.8075,,791.3193,770.3345,4604.083
2023-03-20 11:00:00,933.4189,832.7088,832.8146,832.8719,,832.8821,832.869,5000.277
2023-03-20 12:00:00,1032.256,832.9088,832.9443,832.9509,,832.8949,832.8962,4998.442
2023-03-20 13:00:00,1052.943,832.9631,832.8845,832.9725,,832.8994,832.9668,4996.837
2023-03-20 14:00:00,990.4943,832.9819,832.8799,832.9777,,832.9166,832.9026,4996.649
2023-03-20 15:00:00,861.9345,789.1813,806.4913,824.3732,,831.9487,828.4054,4908.443
2023-03-20 16:00:00,667.1246,616.7396,641.0507,674.4813,,700.1022,685.312,4014.188
2023-03-20 17:00:00,416.4989,381.7184,391.9434,434.1376,,436.3813,429.6306,2496.398
2023-03-20 18:00:00,155.6371,114.8406,123.6164,141.3577,,144.3598,145.4349,793.3254
2023-03-20 19:00:00,1.73626,3.284903,3.213394,4.065219,,4.383313,4.57614,14.86338
2023-03-20 20:00:00,0,0,0,0,,0,0,-8.468584
2023-03-20 21:00:00,0,0,0,0,,0,0,-8.473606
2023-03-20 22:00:00,0,0,0,0,,0,0,-8.527252
2023-03-20 23:00:00,0,0,0,0,,0,0,-8.554736
2023-03-21 00:00:00,0,0,0,0,,0,0,-8.527946
2023-03-21 01:00:00,0,0,0,0,,0,0,-8.484435
2023-03-21 02:00:00,0,0,0,0,,0,0,-8.538385
2023-03-21 03:00:00,0,0,0,0,,0,0,-8.530087
2023-03-21 04:00:00,0,0,0,0,,0,0,-8.568784
2023-03-21 05:00:00,0.05128215,0,0,0,,0,0,-8.553803
2023-03-21 06:00:00,0,0,0,0,,0,0,-8.508168
2023-03-21 07:00:00,44.68856,15.19934,13.75838,17.91725,,16.36758,17.95471,91.71989
2023-03-21 08:00:00,293.6025,215.418,226.8419,228.9527,,250.3492,236.3239,1417.847
2023-03-21 09:00:00,509.4899,488.0766,506.0067,497.6512,,530.0337,508.3214,3108.373
2023-03-21 10:00:00,749.7112,712.9965,729.5144,734.1724,,774.1424,747.1776,4475.937
2023-03-21 11:00:00,925.6287,823.4678,828.8481,831.4035,,832.8612,832.3884,4982.826
2023-03-21 12:00:00,1036.129,832.8563,832.9567,832.8431,,832.931,832.9078,4998.189
2023-03-21 13:00:00,1054.683,832.9502,832.9859,832.9017,,833.0148,832.9259,4996.213
2023-03-21 14:00:00,992.7806,832.2681,832.7078,833.1256,,832.9235,832.9828,4993.855
2023-03-21 15:00:00,812.2163,713.4552,728.3938,733.2611,,768.6956,760.3088,4458.38
2023-03-21 16:00:00,586.2717,500.5382,538.9606,556.4754,,595.1075,583.8845,3375.732
2023-03-21 17:00:00,333.1495,291.435,315.0512,338.4238,,350.9113,343.324,1997.175
2023-03-21 18:00:00,115.1092,90.2988,96.34525,110.0634,,110.9127,109.77,612.2885
2023-03-21 19:00:00,1.471547,3.337161,3.437306,3.746275,,4.056929,4.041168,14.43704
2023-03-21 20:00:00,0,0,0,0,,0,0,-8.463801
2023-03-21 21:00:00,0,0,0,0,,0,0,-8.463919
2023-03-21 22:00:00,0,0,0,0,,0,0,-8.453382
2023-03-21 23:00:00,0,0,0,0,,0,0,-8.509851
2023-03-22 00:00:00,0,0,0,0,,0,0,-8.528728
2023-03-22 01:00:00,0,0,0,0,,0,0,-8.542842
2023-03-22 02:00:00,0,0,0,0,,0,0,-8.55771
2023-03-22 03:00:00,0,0,0,0,,0,0,-8.552505
2023-03-22 04:00:00,0,0,0,0,,0,0,-8.489156
2023-03-22 05:00:00,0,0,0,0,,0,0,-8.511234
2023-03-22 06:00:00,0,0,0,0,,0,0,-8.506168
2023-03-22 07:00:00,11.12647,0.06557353,0,0,,0.09821323,0,-8.387903
2023-03-22 08:00:00,98.28967,89.26016,87.89701,88.36686,,93.28,88.85104,548.9124
2023-03-22 09:00:00,260.7195,237.2812,245.2549,257.6176,,256.7174,246.6478,1503.997
2023-03-22 10:00:00,309.9282,256.4425,273.2245,284.6021,,298.404,296.8895,1755.246
2023-03-22 11:00:00,393.0474,350.9518,359.452,374.5739,,387.6914,374.7811,2249.141
2023-03-22 12:00:00,442.7032,392.9121,401.4425,410.8628,,433.2603,417.0753,2507.206
2023-03-22 13:00:00,251.3031,231.5797,239.0774,245.0636,,258.1722,249.7982,1493.316
2023-03-22 14:00:00,281.8278,262.5187,269.472,277.4653,,291.8953,282.7982,1688.594
2023-03-22 15:00:00,202.3846,190.8748,191.312,194.3863,,207.5386,200.2554,1196.131
2023-03-22 16:00:00,119.7169,111.7965,115.3902,119.7748,,124.8996,120.6884,718.5042
2023-03-22 17:00:00,83.922,77.45124,79.41162,81.93205,,86.21694,83.24886,493.3354
2023-03-22 18:00:00,91.977,76.8598,81.41716,85.42398,,87.38799,86.65418,505.1064
2023-03-22 19:00:00,3.527641,4.091417,4.293477,4.978475,,5.031417,4.816936,19.67992
2023-03-22 20:00:00,0,0,0,0,,0,0,-8.50483
2023-03-22 21:00:00,0,0,0,0,,0,0,-8.576918
2023-03-22 22:00:00,0,0,0,0,,0,0,-8.602787
2023-03-22 23:00:00,0,0,0,0,,0,0,-8.541797
2023-03-23 00:00:00,0,0,0,0,,0,0,-8.570662
2023-03-23 01:00:00,0,0,0,0,,0,0,-8.621153
2023-03-23 02:00:00,0,0,0,0,,0,0,-8.615793
2023-03-23 03:00:00,0,0,0,0,,0,0,-8.607272
2023-03-23 04:00:00,0,0,0,0,,0,0,-8.565445
2023-03-23 05:00:00,0,0,0,0,,0,0,-8.454176
2023-03-23 06:00:00,0.009259645,0,0,0,,0,0,-8.534491
2023-03-23 07:00:00,11.91776,3.107831,3.2277,3.058477,,3.591129,3.40361,11.63022
2023-03-23 08:00:00,47.81016,40.72614,42.16517,42.90551,,44.72805,43.20076,255.4398
2023-03-23 09:00:00,114.8844,98.30532,101.256,105.9357,,109.8125,106.1285,625.0187
2023-03-23 10:00:00,303.8857,261.9418,274.9669,287.3055,,290.5208,284.1422,1709.919
2023-03-23 11:00:00,638.1691,579.4807,558.4266,558.8069,,585.6433,576.898,3428.616
2023-03-23 12:00:00,954.6582,827.2949,827.588,824.2249,,829.6292,828.7003,4984.417
2023-03-23 13:00:00,986.4851,825.7878,817.5443,829.2381,,832.7404,826.4927,4956.063
2023-03-23 14:00:00,940.092,815.4022,828.9594,830.3515,,832.7957,832.6018,4973.105
2023-03-23 15:00:00,797.0401,704.4373,724.6426,762.9227,,791.1216,775.6253,4534.794
2023-03-23 16:00:00,599.5497,536.8295,557.0403,581.2065,,608.4555,597.8858,3496.462
2023-03-23 17:00:00,356.0833,302.2401,317.3644,341.5354,,356.9267,351.8236,2024.129
2023-03-23 18:00:00,126.6852,98.65067,103.8425,110.9865,,115.7011,114.2505,655.0302
2023-03-23 19:00:00,4.395884,5.440897,5.682181,6.124153,,6.632291,6.481142,28.69521
2023-03-23 20:00:00,0,0,0,0,,0,0,-8.604972
2023-03-23 21:00:00,0,0,0,0,,0,0,-8.638061
2023-03-23 22:00:00,0,0,0,0,,0,0,-8.645778
2023-03-23 23:00:00,0,0,0,0,,0,0,-8.54569
2023-03-24 00:00:00,0,0,0,0,,0,0,-8.512994
2023-03-24 01:00:00,0,0,0,0,,0,0,-8.592066
2023-03-24 02:00:00,0,0,0,0,,0,0,-8.63537
2023-03-24 03:00:00,0,0,0,0,,0,0,-8.643287
2023-03-24 04:00:00,0,0,0,0,,0,0,-8.635635
2023-03-24 05:00:00,0,0,0,0,,0,0,-8.555255
2023-03-24 06:00:00,0,0,0,0,,0,0,-8.471775
2023-03-24 07:00:00,31.81032,17.77226,16.42316,18.59191,,18.49179,18.87435,103.8892
2023-03-24 08:00:00,241.2478,191.5005,200.7773,204.5526,,218.9962,205.9877,1242.131
2023-03-24 09:00:00,466.289,415.6716,428.6859,426.1609,,455.9956,436.8993,2635.369
2023-03-24 10:00:00,652.4993,600.8912,613.4525,616.5333,,647.2668,622.4733,3753.017
2023-03-24 11:00:00,825.139,747.2649,762.8809,783.6769,,802.9719,779.1722,4654.747
2023-03-24 12:00:00,924.4754,814.168,816.7686,819.6345,,833.8544,832.9561,4936.882
2023-03-24 13:00:00,967.2391,832.6313,832.9534,832.9558,,832.9896,832.8896,4994.303
2023-03-24 14:00:00,908.8974,792.2177,814.473,829.0638,,832.9875,830.4046,4929.709
2023-03-24 15:00:00,758.1851,663.8465,699.5231,731.0751,,737.7782,718.9979,4227.141
2023-03-24 16:00:00,517.8321,460.8852,466.1797,505.7398,,501.2185,499.5068,2906.608
2023-03-24 17:00:00,291.158,239.4971,258.9225,301.6559,,281.9393,286.1984,1670.398
2023-03-24 18:00:00,113.5094,83.59148,91.28664,100.8209,,99.83697,99.37447,574.9006
2023-03-24 19:00:00,2.835077,2.71398,2.877866,3.934608,,3.706649,3.547477,11.47962
2023-03-24 20:00:00,0,0,0,0,,0,0,-8.600627
2023-03-24 21:00:00,0,0,0,0,,0,0,-8.538438
2023-03-24 22:00:00,0,0,0,0,,0,0,-8.507693
2023-03-24 23:00:00,0,0,0,0,,0,0,-8.582561
2023-03-25 00:00:00,0,0,0,0,,0,0,-8.581743
2023-03-25 01:00:00,0,0,0,0,,0,0,-8.59063
2023-03-25 02:00:00,0,0,0,0,,0,0,-8.634944
2023-03-25 03:00:00,0,0,0,0,,0,0,-8.690841
2023-03-25 04:00:00,0,0,0,0,,0,0,-8.642809
2023-03-25 05:00:00,0,0,0,0,,0,0,-8.611632
2023-03-25 06:00:00,0,0,0,0,,0,0,-8.561386
2023-03-25 07:00:00,33.43996,18.56735,17.21731,19.48769,,19.8159,19.89938,109.5855
2023-03-25 08:00:00,245.1994,200.1944,208.7797,214.3422,,227.3988,215.0253,1296.467
2023-03-25 09:00:00,459.6854,407.2645,420.3597,436.5672,,448.3596,430.4506,2596.101
2023-03-25 10:00:00,459.4269,405.1087,407.0685,363.0703,,440.2155,416.3901,2542.458
2023-03-25 11:00:00,412.0642,364.6235,345.171,358.7946,,384.6061,372.0219,2165.089
2023-03-25 12:00:00,503.6862,413.8037,408.6486,400.0121,,450.7474,436.3526,2497.85
2023-03-25 13:00:00,100.4701,97.22955,100.1322,103.4846,,108.0731,104.3855,622.7335
2023-03-25 14:00:00,203.0355,182.2765,188.2539,194.78,,204.4097,198.1125,1179.297
2023-03-25 15:00:00,367.6612,322.6225,332.9122,334.6035,,359.2784,350.7282,2090.302
2023-03-25 16:00:00,369.7318,324.9585,335.8582,351.4627,,366.7343,356.2319,2112.593
2023-03-25 17:00:00,409.562,350.3842,374.7256,405.3383,,418.1245,411.5427,2389.244
2023-03-25 18:00:00,147.4149,105.508,113.8014,131.3474,,133.1281,134.0487,734.2654
2023-03-25 19:00:00,4.336757,4.372103,4.551048,4.930159,,5.581216,5.451201,21.48725
2023-03-25 20:00:00,0,0,0,0,,0,0,-8.478984
2023-03-25 21:00:00,0,0,0,0,,0,0,-8.597815
2023-03-25 22:00:00,0,0,0,0,,0,0,-8.622419
2023-03-25 23:00:00,0,0,0,0,,0,0,-8.613248
2023-03-26 00:00:00,0,0,0,0,,0,0,-8.599686
2023-03-26 01:00:00,0,0,0,0,,0,0,-8.628998
2023-03-26 02:00:00,0,0,0,0,,0,0,-8.613729
2023-03-26 03:00:00,0,0,0,0,,0,0,-8.636347
2023-03-26 04:00:00,0,0,0,0,,0,0,-8.642026
2023-03-26 05:00:00,0,0,0,0,,0,0,-8.623574
2023-03-26 06:00:00,0,0,0,0,,0,0,-8.60756
2023-03-26 07:00:00,32.02734,17.54871,18.08685,19.83231,,19.07195,19.35385,109.2509
2023-03-26 08:00:00,221.1742,191.5226,195.8724,196.1164,,201.5163,196.4675,1232.055
2023-03-26 09:00:00,438.0703,393.9807,408.2656,430.132,,425.8696,408.9524,2529.584
2023-03-26 10:00:00,149.2533,127.3668,136.5065,141.23,,149.8655,145.8147,854.7941
2023-03-26 11:00:00,139.248,128.0508,134.2455,138.9525,,149.7124,144.8716,841.6874
2023-03-26 12:00:00,120.0431,110.5717,114.0758,116.6794,,124.365,120.0933,710.8238
2023-03-26 13:00:00,80.61202,78.93882,81.24512,83.62791,,89.25842,85.90088,507.4517
2023-03-26 14:00:00,125.0527,114.7756,119.0264,122.5307,,131.0447,126.3714,743.5718
2023-03-26 15:00:00,69.14969,66.55519,68.03317,69.00565,,73.60254,71.20641,421.1591
2023-03-26 16:00:00,319.9484,295.8354,333.886,325.5519,,334.1595,338.4079,2032.839
2023-03-26 17:00:00,296.5334,264.6333,276.3741,287.0315,,301.3177,299.249,1761.909
2023-03-26 18:00:00,145.0386,111.978,122.6612,136.4586,,139.0358,140.2906,789.6745
2023-03-26 19:00:00,4.9915,5.705276,5.662883,5.710572,,6.831072,6.805101,30.07015
2023-03-26 20:00:00,0,0,0,0,,0,0,-8.549224
2023-03-26 21:00:00,0,0,0,0,,0,0,-8.617519
2023-03-26 22:00:00,0,0,0,0,,0,0,-8.621774
2023-03-26 23:00:00,0,0,0,0,,0,0,-8.597631
2023-03-27 00:00:00,0,0,0,0,,0,0,-8.637189
2023-03-27 01:00:00,0,0,0,0,,0,0,-8.558166
2023-03-27 02:00:00,0,0,0,0,,0,0,-8.530463
2023-03-27 03:00:00,0,0,0,0,,0,0,-8.535876
2023-03-27 04:00:00,0,0,0,0,,0,0,-8.506794
2023-03-27 05:00:00,0,0,0,0,,0,0,-8.491003
2023-03-27 06:00:00,0,0,0,0,,0,0,-8.472632
2023-03-27 07:00:00,5.191125,0,0,0,,0,0,-8.535242
2023-03-27 08:00:00,100.4011,84.94792,87.99034,90.00719,,95.40932,92.03107,547.9711
2023-03-27 09:00:00,220.5731,199.508,209.2697,217.8265,,216.3143,216.3962,1288.741
2023-03-27 10:00:00,255.5735,223.2353,231.7732,238.0417,,243.246,235.1364,1426.19
2023-03-27 11:00:00,167.8672,149.237,153.5454,156.3145,,167.2759,161.7576,965.5684
2023-03-27 12:00:00,353.807,308.4757,324.1548,336.0577,,352.2689,342.9254,2033.357
2023-03-27 13:00:00,355.6662,309.8268,322.6641,322.6717,,345.4872,335.2166,2016.635
2023-03-27 14:00:00,538.0574,440.4695,468.735,483.2765,,505.8676,484.825,2950.578
2023-03-27 15:00:00,545.8106,452.6405,510.7188,472.7198,,523.8251,538.0344,3140.374
2023-03-27 16:00:00,501.5291,417.4208,418.0792,466.3774,,476.1733,462.5273,2699.881
2023-03-27 17:00:00,350.4942,299.6423,310.0719,312.2969,,353.1797,339.975,1988.386
2023-03-27 18:00:00,79.89742,66.7133,69.82912,71.34135,,77.0985,75.52361,438.5684
2023-03-27 19:00:00,7.100112,7.485587,7.774426,7.30776,,9.286739,9.162479,42.77321
2023-03-27 20:00:00,0,0,0,0,,0,0,-8.593701
2023-03-27 21:00:00,0,0,0,0,,0,0,-8.612212
2023-03-27 22:00:00,0,0,0,0,,0,0,-8.576888
2023-03-27 23:00:00,0,0,0,0,,0,0,-8.57829
2023-03-28 00:00:00,0,0,0,0,,0,0,-8.626221
2023-03-28 01:00:00,0,0,0,0,,0,0,-8.605407
2023-03-28 02:00:00,0,0,0,0,,0,0,-8.617202
2023-03-28 03:00:00,0,0,0,0,,0,0,-8.553219
2023-03-28 04:00:00,0,0,0,0,,0,0,-8.527401
2023-03-28 05:00:00,0,0,0,0,,0,0,-8.485384
2023-03-28 06:00:00,0,0,0,0,,0,0,-8.50038
2023-03-28 07:00:00,37.45094,25.54626,25.95824,25.8489,,29.0715,28.1354,156.0155
2023-03-28 08:00:00,214.7461,181.9103,193.3033,198.3553,,209.796,199.7457,1200.255
2023-03-28 09:00:00,472.3147,421.8142,433.147,445.6764,,477.9404,461.0609,2700.378
2023-03-28 10:00:00,547.5919,483.8895,491.7399,500.8318,,523.9637,506.031,3067.635
2023-03-28 11:00:00,684.524,617.1896,642.9234,644.1569,,668.5176,652.2133,3944.126
2023-03-28 12:00:00,733.6022,627.6698,654.2237,683.5772,,718.9828,691.2524,4097.087
2023-03-28 13:00:00,654.6202,556.9128,571.2798,591.7245,,638.0961,601.343,3580.18
2023-03-28 14:00:00,673.3074,557.3484,588.8592,598.9507,,659.4517,637.2554,3738.215
2023-03-28 15:00:00,354.4294,321.2603,333.8191,340.5237,,346.0067,339.5677,2066.06
2023-03-28 16:00:00,271.0294,231.9939,245.0239,249.8167,,268.0042,256.4786,1518.332
2023-03-28 17:00:00,90.71906,81.91991,85.94116,88.29356,,96.17208,91.57015,537.5903
2023-03-28 18:00:00,54.06641,48.72953,50.28574,51.32953,,54.83174,52.72395,309.3331
2023-03-28 19:00:00,5.593979,4.639228,5.042134,5.440634,,5.927001,5.264499,24.43557
2023-03-28 20:00:00,0,0,0,0,,0,0,-8.528294
2023-03-28 21:00:00,0,0,0,0,,0,0,-8.514934
2023-03-28 22:00:00,0,0,0,0,,0,0,-8.601574
2023-03-28 23:00:00,0,0,0,0,,0,0,-8.545183
2023-03-29 00:00:00,0,0,0,0,,0,0,-8.658951
2023-03-29 01:00:00,0,0,0,0,,0,0,-8.59711
2023-03-29 02:00:00,0,0,0,0,,0,0,-8.575571
2023-03-29 03:00:00,0,0,0,0,,0,0,-8.550256
2023-03-29 04:00:00,0,0,0,0,,0,0,-8.520863
2023-03-29 05:00:00,0.04274774,0,0,0,,0,0,-8.464262
2023-03-29 06:00:00,0.04497711,0,0,0,,0,0,-8.478364
2023-03-29 07:00:00,6.369988,0.8835983,0.03059622,0.05580357,,0.049,0.043875,-7.470387
2023-03-29 08:00:00,107.9073,96.28876,97.39433,96.02645,,104.9793,101.2711,604.8096
2023-03-29 09:00:00,359.9088,293.5145,302.6373,304.4366,,335.3954,315.721,1989.136
2023-03-29 10:00:00,685.6561,612.6179,640.0647,658.4136,,685.0615,669.2351,3952.408
2023-03-29 11:00:00,743.247,562.4603,534.2006,551.2205,,607.6509,590.2059,3494.589
2023-03-29 12:00:00,653.1931,480.1444,500.1768,519.3762,,517.8759,516.0969,3097.477
2023-03-29 13:00:00,855.6363,634.3765,610.9062,619.2397,,635.8227,632.8771,3805.493
2023-03-29 14:00:00,758.707,571.5759,583.184,581.2791,,589.671,571.6135,3428.142
2023-03-29 15:00:00,737.8623,645.8983,663.3228,678.0684,,671.3428,676.1454,4050.234
2023-03-29 16:00:00,485.2124,366.5658,437.1916,522.2333,,479.982,473.9017,2777.146
2023-03-29 17:00:00,385.363,345.9301,382.8212,397.5857,,405.4184,416.2106,2420.665
2023-03-29 18:00:00,150.3516,109.8585,120.4916,138.1025,,143.2801,142.4197,779.5922
2023-03-29 19:00:00,5.490888,5.330989,5.471766,6.089423,,7.069163,7.004762,28.41357
2023-03-29 20:00:00,0,0,0,0,,0,0,-8.460003
2023-03-29 21:00:00,0,0,0,0,,0,0,-8.472518
2023-03-29 22:00:00,0,0,0,0,,0,0,-8.481901
2023-03-29 23:00:00,0,0,0,0,,0,0,-8.550369
2023-03-30 00:00:00,0,0,0,0,,0,0,-8.567007
2023-03-30 01:00:00,0,0,0,0,,0,0,-8.58602
2023-03-30 02:00:00,0,0,0,0,,0,0,-8.598182
2023-03-30 03:00:00,0,0,0,0,,0,0,-8.563174
2023-03-30 04:00:00,0,0,0,0,,0,0,-8.506701
2023-03-30 05:00:00,0,0,0,0,,0,0,-8.564975
2023-03-30 06:00:00,0.002983166,0,0,0,,0,0,-8.533183
2023-03-30 07:00:00,49.14883,31.73828,27.46714,32.93704,,34.4619,34.38587,189.8286
2023-03-30 08:00:00,280.3715,239.4816,247.8727,249.54,,273.2344,257.9731,1550.091
2023-03-30 09:00:00,539.37,507.5322,520.1219,522.6593,,562.5321,537.8864,3228.704
2023-03-30 10:00:00,761.2734,717.9328,731.3574,744.3636,,785.0386,760.4869,4521.753
2023-03-30 11:00:00,929.4153,828.975,831.6781,832.9036,,832.8712,833.026,4993.485
2023-03-30 12:00:00,1020.104,832.9138,832.8772,832.9094,,832.9526,832.9943,4998.121
2023-03-30 13:00:00,1038.481,832.9567,832.8847,832.9094,,833.091,833.0243,4996.455
2023-03-30 14:00:00,975.7072,830.2665,832.8255,832.9648,,832.9838,833.0225,4992.509
2023-03-30 15:00:00,844.8066,749.7598,782.2413,806.6077,,820.4787,812.2828,4782.444
2023-03-30 16:00:00,638.8981,571.0724,600.4915,633.2224,,659.3895,645.236,3762.279
2023-03-30 17:00:00,395.9875,346.8454,364.982,396.4038,,410.3126,404.3988,2335.743
2023-03-30 18:00:00,150.3635,112.2318,120.8518,138.1523,,142.1037,142.5049,783.3581
2023-03-30 19:00:00,5.979328,5.737268,6.291737,6.992657,,7.88844,7.841603,33.56247
2023-03-30 20:00:00,0,0,0,0,,0,0,-8.511739
2023-03-30 21:00:00,0,0,0,0,,0,0,-8.582673
2023-03-30 22:00:00,0,0,0,0,,0,0,-8.572623
2023-03-30 23:00:00,0,0,0,0,,0,0,-8.611931
2023-03-31 00:00:00,0,0,0,0,,0,0,-8.585654
2023-03-31 01:00:00,0,0,0,0,,0,0,-8.584817
2023-03-31 02:00:00,0,0,0,0,,0,0,-8.567279
2023-03-31 03:00:00,0,0,0,0,,0,0,-8.540346
2023-03-31 04:00:00,0,0,0,0,,0,0,-8.494282
2023-03-31 05:00:00,0,0,0,0,,0,0,-8.480035
2023-03-31 06:00:00,0.1128413,0,0,0,,0,0,-8.496379
2023-03-31 07:00:00,34.87424,23.0689,25.68603,23.9613,,28.03186,26.93808,154.2733
2023-03-31 08:00:00,117.5318,108.5028,108.9226,110.9631,,118.0813,113.4003,678.6246
2023-03-31 09:00:00,325.4969,296.7682,305.5052,310.7314,,324.2078,313.548,1909.397
2023-03-31 10:00:00,683.8203,640.1888,665.2549,681.2319,,730.7587,701.4551,4110.583
2023-03-31 11:00:00,688.0391,596.3975,580.7666,656.2132,,641.0818,622.9161,3703.053
2023-03-31 12:00:00,527.714,478.8897,505.463,524.7441,,505.2577,498.4553,2978.927
2023-03-31 13:00:00,514.9084,486.6139,444.6414,445.8232,,467.9264,459.7222,2750.098
2023-03-31 14:00:00,560.4995,496.5009,525.0362,556.6409,,569.1257,561.2699,3259.029
2023-03-31 15:00:00,178.3638,162.0059,169.2181,175.3034,,185.4608,179.081,1060.532
2023-03-31 16:00:00,122.745,113.9562,117.59,122.4073,,128.9781,124.3999,734.5519
2023-03-31 17:00:00,58.1823,54.36573,56.12101,58.02177,,61.43166,59.21938,347.2774
2023-03-31 18:00:00,23.74937,21.48292,22.35197,23.41879,,24.73912,23.82058,133.4556
2023-03-31 19:00:00,1.958609,1.752339,1.572234,1.445988,,1.795097,1.505236,1.241218
2023-03-31 20:00:00,0,0,0,0,,0,0,-8.446756
2023-03-31 21:00:00,0,0,0,0,,0,0,-8.478425
2023-03-31 22:00:00,0.01173154,0,0,0,,0,0,-8.427372
2023-03-31 23:00:00,0,0,0,0,,0,0,-8.473866
